tree
version=v4
num_class=1
num_tree_per_iteration=1
label_index=0
max_feature_idx=15
objective=regression
feature_names=open high low close volume ret_1 ret_3 ret_24 ema_8 ema_21 ema_50 rsi_14 hl_range vol_21 momentum_12 ema8_ema21
feature_infos=[15648.23:126011.17999999999] [15769.99:126199.63] [15476:125252.74000000001] [15649.52:126011.17999999999] [0:137207.18859999999] [-0.089544702842377144:0.12315895662199172] [-0.12622604938320581:0.13524982037166899] [-0.20396876270581044:0.23321872959798462] [15758.409227462966:125168.51380896322] [15845.525574945732:124667.1164363807] [16046.61342526762:124031.47673128865] [0.5475464578180862:99.999999999577355] [0:0.22307075860230557] [0.00044403249906977945:0.03608283827176919] [-0.17309520596570072:0.17633807404190649] [-2975.3708495266619:2868.7876157642459]
tree_sizes=633 564 564 564 562 564 562 563 426 426 426 427 427 427 426 427 806 806 807 807 804 806 805 807 718 719 718 719 720 719 717 720 1017 1015 1016 1018 1013 1017 1017 1016 876 874 875 877 871 876 875 877 426 426 426 424 426 425 425 425 812 814 812 812 813 814 812 813 723 727 726 723 726 727 727 724 934 931 934 933 933 933 933 934 716 718 716 718 718 719 718 717 426 426 427 427 427 427 427 426 790 789 787 790 790 791 788 790 887 888 888 887 889 890 890 889 1198 1198 1193 1199 1198 1197 1197 1195 326 324 325 326 326 326 326 326 424 424 425 423 425 425 424 425 819 821 819 818 820 819 820 821 574 577 576 574 577 574 577 577 428 428 428 428 427 428 427 428 740 739 739 739 739 738 737 737 888 888 887 886 886 889 886 888 802 804 805 805 804 804 804 803 415 415 414 415 413 413 414 415 428 428 428 425 427 426 428 428 872 869 870 870 870 868 870 872 806 805 806 802 805 806 805 806 582 582 581 581 581 580 581 581 1179 1180 1179 1180 1182 1181 1179 1178 1033 1034 1030 1028 1031 1033 1033 1033 934 933 933 936 935 936 935 937 1044 1042 1046 1043 1043 1045 1046 1045 428 428 428 428 428 427 428 428 414 414 414 413 414 414 414 414 733 733 730 733 733 733 733 734 499 499 499 500 500 500 500 500 885 887 887 888 888 887 888 887 937 938 937 940 938 940 934 937 428 428 426 426 425 428 427 427 428 426 427 426 428 426 428 428 816 816 816 815 816 816 816 816 812 811 812 813 812 810 811 813 956 954 957 957 957 957 956 956 798 800 800 799 797 801 799 798 658 658 657 659 660 660 660 658 478 480 479 480 479 479 479 480 802 801 801 800 800 800 802 801 717 717 718 718 716 715 715 717 623 624 622 624 623 624 624 623 1264 1265 1269 1265 1267 1268 1267 1258 786 783 786 783 785 784 784 783 569 571 571 572 569 571 571 572 584 584 582 583 584 584 583 583 799 801 801 800 799 801 801 798 484 484 484 483 483 483 483 484 723 727 726 726 725 724 726 727 563 565 564 564 563 565 564 565 428 428 427 427 427 427 428 428 410 409 410 410 410 410 410 409 741 741 742 742 740 741 738 739 506 507 507 506 502 507 506 506 867 866 867 868 867 865 865 866 426 428 427 427 427 426 428 427 561 561 562 561 560 561 559 561 407 406 407 407 406 406 407 407 735 737 737 733 736 737 734 736 879 879 877 878 874 877 879 877 727 728 728 729 730 729 730 729 426 426 426 428 428 426 427 427 581 581 582 582 581 582 580 582 809 809 808 807 806 809 808 804 726 724 728 727 727 728 726 726 497 496 496 497 497 496 497 496 788 791 790 791 790 789 791 789 799 799 798 796 798 800 798 798 425 423 425 425 425 425 424 425 735 740 738 737 738 739 737 739 483 483 483 484 481 484 484 483 785 784 785 786 785 782 786 786 646 646 647 646 647 647 647 645 663 663 663 664 661 664 664 662 796 796 791 795 796 790 796 796 637 639 639 639 639 636 638 637 741 743 739 742 741 741 743 743 805 806 804 803 804 805 805 804 808 808 804 808 807 809 806 805 798 798 798 800 799 649 651 652 892 894 890 894 895 895 894 895 1031 1029 1029 1030 1031 1028 1032 1027 899 898 897 901 896 898 898 897 561 563 563 562 562 562 562 562 876 877 877 878 877 874 877 877 397 398 397 398 398 397 397 398 642 643 643 643 642 642 643 644 726 726 725 728 727 728 726 726 976 976 971 973 976 974 975 973 578 579 579 579 579 580 580 579 406 407 407 407 407 407 406 407 881 880 877 880 881 881 883 883 491 490 490 492 492 491 490 492 892 889 891 892 892 891 891 892 724 726 726 725 727 724 727 726 803 803 800 804 803 802 802 804 662 661 662 663 661 662 661 663 783 783 781 782 781 782 783 781 972 970 972 970 970 970 971 970 712 712 712 713 712 713 714 713 657 654 655 656 657 657 654 656 924 927 927 927 927 923 925 926 1350 1349 1350 1350 1350 1347 1351 1352 866 866 866 866 865 866 864 864 416 417 416 417 416 417 416 416 571 571 570 572 572 570 571 571 708 708 709 710 710 708 707 710 899 900 899 898 896 898 898 900 1044 1043 1043 1044 1042 1044 1046 1043 710 711 709 709 709 709 708 711 876 877 875 877 874 875 876 876 662 662 662 663 663 662 660 663 691 692 688 690 691 690 690 690 803 804 803 800 803 802 803 804 657 659 659 656 660 660 656 660 798 799 798 796 799 797 798 799 870 868 868 870 870 869 870 868 1110 1112

Tree=0
num_leaves=5
num_cat=0
split_feature=5 5 9 6
split_gain=3.59148e-05 3.79661e-05 1.908e-05 1.75929e-05
threshold=-0.0021725220760916981 0.0045445677991116104 107270.51764751472 0.026314561477596924
decision_type=2 2 2 2
left_child=2 3 -1 -2
right_child=1 -3 -4 -5
leaf_value=5.2063353664009007e-05 5.2042923768928506e-05 5.2050937009745705e-05 5.2050937009745705e-05 5.2050937009745705e-05
leaf_weight=6294 15270 3632 372 107
leaf_count=6294 15270 3632 372 107
internal_value=5.20509e-05 5.20509e-05 5.20607e-05 5.20443e-05
internal_weight=25675 19009 6666 15377
internal_count=25675 19009 6666 15377
is_linear=0
shrinkage=1


Tree=1
num_leaves=5
num_cat=0
split_feature=5 5 9 6
split_gain=3.59033e-05 3.79539e-05 1.90769e-05 1.75903e-05
threshold=-0.0021725220760916981 0.0045445677991116104 107270.51764751472 0.026314561477596924
decision_type=2 2 2 2
left_child=2 3 -1 -2
right_child=1 -3 -4 -5
leaf_value=1.2415009681151861e-08 -8.0121735075047267e-09 0 0 0
leaf_weight=6294 15270 3632 372 107
leaf_count=6294 15270 3632 372 107
internal_value=0 0 9.74868e-09 -6.59999e-09
internal_weight=25675 19009 6666 15377
internal_count=25675 19009 6666 15377
is_linear=0
shrinkage=0.000132856


Tree=2
num_leaves=5
num_cat=0
split_feature=5 5 9 6
split_gain=3.58918e-05 3.79417e-05 1.90738e-05 1.75877e-05
threshold=-0.0021725220760916981 0.0045445677991116104 107270.51764751472 0.026314561477596924
decision_type=2 2 2 2
left_child=2 3 -1 -2
right_child=1 -3 -4 -5
leaf_value=1.2413356225802435e-08 -8.0111041960213207e-09 0 0 0
leaf_weight=6294 15270 3632 372 107
leaf_count=6294 15270 3632 372 107
internal_value=0 0 9.74712e-09 -6.59892e-09
internal_weight=25675 19009 6666 15377
internal_count=25675 19009 6666 15377
is_linear=0
shrinkage=0.000132856


Tree=3
num_leaves=5
num_cat=0
split_feature=5 5 9 6
split_gain=3.58804e-05 3.79296e-05 1.90706e-05 1.75851e-05
threshold=-0.0021725220760916981 0.0045445677991116104 107270.51764751472 0.026314561477596924
decision_type=2 2 2 2
left_child=2 3 -1 -2
right_child=1 -3 -4 -5
leaf_value=1.2411706864110847e-08 -8.0100457116372582e-09 0 0 0
leaf_weight=6294 15270 3632 372 107
leaf_count=6294 15270 3632 372 107
internal_value=0 0 9.74556e-09 -6.59787e-09
internal_weight=25675 19009 6666 15377
internal_count=25675 19009 6666 15377
is_linear=0
shrinkage=0.000132856


Tree=4
num_leaves=5
num_cat=0
split_feature=5 5 9 6
split_gain=3.58689e-05 3.79174e-05 1.90675e-05 1.75825e-05
threshold=-0.0021725220760916981 0.0045445677991116104 107270.51764751472 0.026314561477596924
decision_type=2 2 2 2
left_child=2 3 -1 -2
right_child=1 -3 -4 -5
leaf_value=1.241006279552938e-08 -8.008981106977384e-09 0 0 0
leaf_weight=6294 15270 3632 372 107
leaf_count=6294 15270 3632 372 107
internal_value=0 0 9.74401e-09 -6.59682e-09
internal_weight=25675 19009 6666 15377
internal_count=25675 19009 6666 15377
is_linear=0
shrinkage=0.000132856


Tree=5
num_leaves=5
num_cat=0
split_feature=5 5 9 6
split_gain=3.58575e-05 3.79053e-05 1.90644e-05 1.75799e-05
threshold=-0.0021725220760916981 0.0045445677991116104 107270.51764751472 0.026314561477596924
decision_type=2 2 2 2
left_child=2 3 -1 -2
right_child=1 -3 -4 -5
leaf_value=1.2408408921510182e-08 -8.0079195404327774e-09 0 0 0
leaf_weight=6294 15270 3632 372 107
leaf_count=6294 15270 3632 372 107
internal_value=0 0 9.74245e-09 -6.59576e-09
internal_weight=25675 19009 6666 15377
internal_count=25675 19009 6666 15377
is_linear=0
shrinkage=0.000132856


Tree=6
num_leaves=5
num_cat=0
split_feature=5 5 9 6
split_gain=3.58461e-05 3.78932e-05 1.90613e-05 1.75773e-05
threshold=-0.0021725220760916981 0.0045445677991116104 107270.51764751472 0.026314561477596924
decision_type=2 2 2 2
left_child=2 3 -1 -2
right_child=1 -3 -4 -5
leaf_value=1.240677425805324e-08 -8.0068555871545125e-09 0 0 0
leaf_weight=6294 15270 3632 372 107
leaf_count=6294 15270 3632 372 107
internal_value=0 0 9.74091e-09 -6.5947e-09
internal_weight=25675 19009 6666 15377
internal_count=25675 19009 6666 15377
is_linear=0
shrinkage=0.000132856


Tree=7
num_leaves=5
num_cat=0
split_feature=5 5 9 6
split_gain=3.58346e-05 3.7881e-05 1.90581e-05 1.75747e-05
threshold=-0.0021725220760916981 0.0045445677991116104 107270.51764751472 0.026314561477596924
decision_type=2 2 2 2
left_child=2 3 -1 -2
right_child=1 -3 -4 -5
leaf_value=1.2405118047204028e-08 -8.0057897398431806e-09 0 0 0
leaf_weight=6294 15270 3632 372 107
leaf_count=6294 15270 3632 372 107
internal_value=0 0 9.73934e-09 -6.59365e-09
internal_weight=25675 19009 6666 15377
internal_count=25675 19009 6666 15377
is_linear=0
shrinkage=0.000132856


Tree=8
num_leaves=3
num_cat=0
split_feature=5 5
split_gain=1.88374e-05 4.90328e-05
threshold=-0.0025697584393127855 0.0060817964016657297
decision_type=2 2
left_child=-1 -2
right_child=1 -3
leaf_value=3.5369387740003444e-09 -8.0972625541374546e-09 0
leaf_weight=5983 17127 2533
leaf_count=5983 17127 2533
internal_value=0 -3.61971e-09
internal_weight=25643 19660
internal_count=25643 19660
is_linear=0
shrinkage=0.000132856


Tree=9
num_leaves=3
num_cat=0
split_feature=5 5
split_gain=1.88288e-05 4.90235e-05
threshold=-0.0025697584393127855 0.0060817964016657297
decision_type=2 2
left_child=-1 -2
right_child=1 -3
leaf_value=3.5364747807847174e-09 -8.0961932877515452e-09 0
leaf_weight=5983 17127 2533
leaf_count=5983 17127 2533
internal_value=0 -3.61878e-09
internal_weight=25643 19660
internal_count=25643 19660
is_linear=0
shrinkage=0.000132856


Tree=10
num_leaves=3
num_cat=0
split_feature=5 5
split_gain=1.88201e-05 4.90141e-05
threshold=-0.0025697584393127855 0.0060817964016657297
decision_type=2 2
left_child=-1 -2
right_child=1 -3
leaf_value=3.536011346945072e-09 -8.0951123172101991e-09 0
leaf_weight=5983 17127 2533
leaf_count=5983 17127 2533
internal_value=0 -3.61784e-09
internal_weight=25643 19660
internal_count=25643 19660
is_linear=0
shrinkage=0.000132856


Tree=11
num_leaves=3
num_cat=0
split_feature=5 5
split_gain=1.88114e-05 4.90048e-05
threshold=-0.0025697584393127855 0.0060817964016657297
decision_type=2 2
left_child=-1 -2
right_child=1 -3
leaf_value=3.5355332529526649e-09 -8.0940392842454309e-09 0
leaf_weight=5983 17127 2533
leaf_count=5983 17127 2533
internal_value=0 -3.61691e-09
internal_weight=25643 19660
internal_count=25643 19660
is_linear=0
shrinkage=0.000132856


Tree=12
num_leaves=3
num_cat=0
split_feature=5 5
split_gain=1.88027e-05 4.89954e-05
threshold=-0.0025697584393127855 0.0060817964016657297
decision_type=2 2
left_child=-1 -2
right_child=1 -3
leaf_value=3.5350675603908637e-09 -8.0929634014681662e-09 0
leaf_weight=5983 17127 2533
leaf_count=5983 17127 2533
internal_value=0 -3.61597e-09
internal_weight=25643 19660
internal_count=25643 19660
is_linear=0
shrinkage=0.000132856


Tree=13
num_leaves=3
num_cat=0
split_feature=5 5
split_gain=1.87941e-05 4.89861e-05
threshold=-0.0025697584393127855 0.0060817964016657297
decision_type=2 2
left_child=-1 -2
right_child=1 -3
leaf_value=3.5346002933898333e-09 -8.0918888751505249e-09 0
leaf_weight=5983 17127 2533
leaf_count=5983 17127 2533
internal_value=0 -3.61503e-09
internal_weight=25643 19660
internal_count=25643 19660
is_linear=0
shrinkage=0.000132856


Tree=14
num_leaves=3
num_cat=0
split_feature=5 5
split_gain=1.87854e-05 4.89768e-05
threshold=-0.0025697584393127855 0.0060817964016657297
decision_type=2 2
left_child=-1 -2
right_child=1 -3
leaf_value=3.5341304470916692e-09 -8.0908120355526106e-09 0
leaf_weight=5983 17127 2533
leaf_count=5983 17127 2533
internal_value=0 -3.6141e-09
internal_weight=25643 19660
internal_count=25643 19660
is_linear=0
shrinkage=0.000132856


Tree=15
num_leaves=3
num_cat=0
split_feature=5 5
split_gain=1.87768e-05 4.89675e-05
threshold=-0.0025697584393127855 0.0060817964016657297
decision_type=2 2
left_child=-1 -2
right_child=1 -3
leaf_value=3.5336662706542903e-09 -8.0897415409477584e-09 0
leaf_weight=5983 17127 2533
leaf_count=5983 17127 2533
internal_value=0 -3.61316e-09
internal_weight=25643 19660
internal_count=25643 19660
is_linear=0
shrinkage=0.000132856


Tree=16
num_leaves=8
num_cat=0
split_feature=14 13 12 5 5 14 5
split_gain=3.23321e-05 4.99901e-05 2.15301e-05 1.11396e-05 1.46451e-05 4.73143e-06 6.61098e-08
threshold=0.0052552740482136881 0.0058423092044456474 0.0065885764296361726 -0.0049446088441149052 0.0060817964016657297 0.071236411869651031 -0.0025697584393127855
decision_type=2 2 2 2 2 2 2
left_child=3 -2 -3 -1 6 -4 -5
right_child=1 2 5 4 -6 -7 -8
leaf_value=0 0 0 2.5814148654334344e-08 0 0 0 -6.2820135514075601e-09
leaf_weight=2449 4930 787 2874 1946 1040 192 11560
leaf_count=2449 4930 787 2874 1946 1040 192 11560
internal_value=0 8.05979e-09 1.94142e-08 0 -3.6763e-09 2.44428e-08 -5.80449e-09
internal_weight=25778 8783 3853 16995 14546 3066 13506
internal_count=25778 8783 3853 16995 14546 3066 13506
is_linear=0
shrinkage=0.000132856


Tree=17
num_leaves=8
num_cat=0
split_feature=14 13 12 5 5 14 5
split_gain=3.23231e-05 4.99774e-05 2.15244e-05 1.11355e-05 1.46428e-05 4.7299e-06 6.55848e-08
threshold=0.0052552740482136881 0.0058423092044456474 0.0065885764296361726 -0.0049446088441149052 0.0060817964016657297 0.071236411869651031 -0.0025697584393127855
decision_type=2 2 2 2 2 2 2
left_child=3 -2 -3 -1 6 -4 -5
right_child=1 2 5 4 -6 -7 -8
leaf_value=0 0 0 2.5810720755177054e-08 0 0 0 -6.2811743581787842e-09
leaf_weight=2449 4930 787 2874 1946 1040 192 11560
leaf_count=2449 4930 787 2874 1946 1040 192 11560
internal_value=0 8.05866e-09 1.94116e-08 0 -3.67563e-09 2.44396e-08 -5.80377e-09
internal_weight=25778 8783 3853 16995 14546 3066 13506
internal_count=25778 8783 3853 16995 14546 3066 13506
is_linear=0
shrinkage=0.000132856


Tree=18
num_leaves=8
num_cat=0
split_feature=14 13 12 5 5 14 5
split_gain=3.23141e-05 4.99647e-05 2.15188e-05 1.11315e-05 1.46405e-05 4.72837e-06 6.50652e-08
threshold=0.0052552740482136881 0.0058423092044456474 0.0065885764296361726 -0.0049446088441149052 0.0060817964016657297 0.071236411869651031 -0.0025697584393127855
decision_type=2 2 2 2 2 2 2
left_child=3 -2 -3 -1 6 -4 -5
right_child=1 2 5 4 -6 -7 -8
leaf_value=0 0 0 2.5807293035567269e-08 0 0 0 -6.2803433969646997e-09
leaf_weight=2449 4930 787 2874 1946 1040 192 11560
leaf_count=2449 4930 787 2874 1946 1040 192 11560
internal_value=0 8.05754e-09 1.94091e-08 0 -3.67497e-09 2.44364e-08 -5.80306e-09
internal_weight=25778 8783 3853 16995 14546 3066 13506
internal_count=25778 8783 3853 16995 14546 3066 13506
is_linear=0
shrinkage=0.000132856


Tree=19
num_leaves=8
num_cat=0
split_feature=14 13 12 5 5 14 5
split_gain=3.23051e-05 4.99521e-05 2.15132e-05 1.11275e-05 1.46382e-05 4.72684e-06 6.45425e-08
threshold=0.0052552740482136881 0.0058423092044456474 0.0065885764296361726 -0.0049446088441149052 0.0060817964016657297 0.071236411869651031 -0.0025697584393127855
decision_type=2 2 2 2 2 2 2
left_child=3 -2 -3 -1 6 -4 -5
right_child=1 2 5 4 -6 -7 -8
leaf_value=0 0 0 2.5803870328089952e-08 0 0 0 -6.2795073174441803e-09
leaf_weight=2449 4930 787 2874 1946 1040 192 11560
leaf_count=2449 4930 787 2874 1946 1040 192 11560
internal_value=0 8.05642e-09 1.94065e-08 0 -3.67431e-09 2.44332e-08 -5.80235e-09
internal_weight=25778 8783 3853 16995 14546 3066 13506
internal_count=25778 8783 3853 16995 14546 3066 13506
is_linear=0
shrinkage=0.000132856


Tree=20
num_leaves=8
num_cat=0
split_feature=14 13 12 5 5 14 5
split_gain=3.22961e-05 4.99394e-05 2.15076e-05 1.11235e-05 1.46358e-05 4.7253e-06 6.40231e-08
threshold=0.0052552740482136881 0.0058423092044456474 0.0065885764296361726 -0.0049446088441149052 0.0060817964016657297 0.071236411869651031 -0.0025697584393127855
decision_type=2 2 2 2 2 2 2
left_child=3 -2 -3 -1 6 -4 -5
right_child=1 2 5 4 -6 -7 -8
leaf_value=0 0 0 2.5800441060677203e-08 0 0 0 -6.2786764552599073e-09
leaf_weight=2449 4930 787 2874 1946 1040 192 11560
leaf_count=2449 4930 787 2874 1946 1040 192 11560
internal_value=0 8.0553e-09 1.9404e-08 0 -3.67365e-09 2.44299e-08 -5.80164e-09
internal_weight=25778 8783 3853 16995 14546 3066 13506
internal_count=25778 8783 3853 16995 14546 3066 13506
is_linear=0
shrinkage=0.000132856


Tree=21
num_leaves=8
num_cat=0
split_feature=14 13 12 5 5 14 5
split_gain=3.22871e-05 4.99267e-05 2.1502e-05 1.11195e-05 1.46335e-05 4.72377e-06 6.34989e-08
threshold=0.0052552740482136881 0.0058423092044456474 0.0065885764296361726 -0.0049446088441149052 0.0060817964016657297 0.071236411869651031 -0.0025697584393127855
decision_type=2 2 2 2 2 2 2
left_child=3 -2 -3 -1 6 -4 -5
right_child=1 2 5 4 -6 -7 -8
leaf_value=0 0 0 2.5797012562612919e-08 0 0 0 -6.2778374833682247e-09
leaf_weight=2449 4930 787 2874 1946 1040 192 11560
leaf_count=2449 4930 787 2874 1946 1040 192 11560
internal_value=0 8.05418e-09 1.94014e-08 0 -3.67298e-09 2.44267e-08 -5.80092e-09
internal_weight=25778 8783 3853 16995 14546 3066 13506
internal_count=25778 8783 3853 16995 14546 3066 13506
is_linear=0
shrinkage=0.000132856


Tree=22
num_leaves=8
num_cat=0
split_feature=14 13 12 5 5 14 5
split_gain=3.22781e-05 4.9914e-05 2.14964e-05 1.11154e-05 1.46312e-05 4.72225e-06 6.29784e-08
threshold=0.0052552740482136881 0.0058423092044456474 0.0065885764296361726 -0.0049446088441149052 0.0060817964016657297 0.071236411869651031 -0.0025697584393127855
decision_type=2 2 2 2 2 2 2
left_child=3 -2 -3 -1 6 -4 -5
right_child=1 2 5 4 -6 -7 -8
leaf_value=0 0 0 2.5793591127442901e-08 0 0 0 -6.2770043165018399e-09
leaf_weight=2449 4930 787 2874 1946 1040 192 11560
leaf_count=2449 4930 787 2874 1946 1040 192 11560
internal_value=0 8.05306e-09 1.93988e-08 0 -3.67232e-09 2.44235e-08 -5.8002e-09
internal_weight=25778 8783 3853 16995 14546 3066 13506
internal_count=25778 8783 3853 16995 14546 3066 13506
is_linear=0
shrinkage=0.000132856


Tree=23
num_leaves=8
num_cat=0
split_feature=14 13 12 5 5 14 5
split_gain=3.22691e-05 4.99014e-05 2.14908e-05 1.11114e-05 1.46288e-05 4.72072e-06 6.24576e-08
threshold=0.0052552740482136881 0.0058423092044456474 0.0065885764296361726 -0.0049446088441149052 0.0060817964016657297 0.071236411869651031 -0.0025697584393127855
decision_type=2 2 2 2 2 2 2
left_child=3 -2 -3 -1 6 -4 -5
right_child=1 2 5 4 -6 -7 -8
leaf_value=0 0 0 2.5790168229287599e-08 0 0 0 -6.2761705973353874e-09
leaf_weight=2449 4930 787 2874 1946 1040 192 11560
leaf_count=2449 4930 787 2874 1946 1040 192 11560
internal_value=0 8.05193e-09 1.93963e-08 0 -3.67166e-09 2.44203e-08 -5.79949e-09
internal_weight=25778 8783 3853 16995 14546 3066 13506
internal_count=25778 8783 3853 16995 14546 3066 13506
is_linear=0
shrinkage=0.000132856


Tree=24
num_leaves=7
num_cat=0
split_feature=5 3 5 9 1 14
split_gain=3.55447e-05 4.19145e-05 4.0032e-05 1.65542e-05 1.88595e-05 2.98403e-06
threshold=-0.0025697584393127855 107340.96000000001 0.0060817964016657297 19182.635503185393 110009.03500000002 0.024757850046832178
decision_type=2 2 2 2 2 2
left_child=1 -1 3 -2 5 -5
right_child=2 -3 -4 4 -6 -7
leaf_value=1.5533655797065108e-08 0 0 0 -9.979925774180052e-09 0 0
leaf_weight=5664 997 291 2527 13897 1083 1178
leaf_count=5664 997 291 2527 13897 1083 1178
internal_value=0 1.02624e-08 0 -6.41744e-09 -7.86165e-09 -9.39807e-09
internal_weight=25637 5955 19682 17155 16158 15075
internal_count=25637 5955 19682 17155 16158 15075
is_linear=0
shrinkage=0.000132856


Tree=25
num_leaves=7
num_cat=0
split_feature=5 3 5 9 1 14
split_gain=3.55311e-05 4.19075e-05 4.00185e-05 1.65512e-05 1.88563e-05 2.98281e-06
threshold=-0.0025697584393127855 107340.96000000001 0.0060817964016657297 19182.635503185393 110009.03500000002 0.024757850046832178
decision_type=2 2 2 2 2 2
left_child=1 -1 3 -2 5 -5
right_child=2 -3 -4 4 -6 -7
leaf_value=1.5531584740446705e-08 0 0 0 -9.9785971710374672e-09 0 0
leaf_weight=5664 997 291 2527 13897 1083 1178
leaf_count=5664 997 291 2527 13897 1083 1178
internal_value=0 1.02604e-08 0 -6.41637e-09 -7.8605e-09 -9.39685e-09
internal_weight=25637 5955 19682 17155 16158 15075
internal_count=25637 5955 19682 17155 16158 15075
is_linear=0
shrinkage=0.000132856


Tree=26
num_leaves=7
num_cat=0
split_feature=5 3 5 9 1 14
split_gain=3.55175e-05 4.19005e-05 4.00052e-05 1.65481e-05 1.88531e-05 2.9816e-06
threshold=-0.0025697584393127855 107340.96000000001 0.0060817964016657297 19182.635503185393 110009.03500000002 0.024757850046832178
decision_type=2 2 2 2 2 2
left_child=1 -1 3 -2 5 -5
right_child=2 -3 -4 4 -6 -7
leaf_value=1.5529521081290176e-08 0 0 0 -9.9772741610976564e-09 0 0
leaf_weight=5664 997 291 2527 13897 1083 1178
leaf_count=5664 997 291 2527 13897 1083 1178
internal_value=0 1.02585e-08 0 -6.4153e-09 -7.85937e-09 -9.39563e-09
internal_weight=25637 5955 19682 17155 16158 15075
internal_count=25637 5955 19682 17155 16158 15075
is_linear=0
shrinkage=0.000132856


Tree=27
num_leaves=7
num_cat=0
split_feature=5 3 5 9 1 14
split_gain=3.55039e-05 4.18935e-05 3.99918e-05 1.65451e-05 1.88499e-05 2.98038e-06
threshold=-0.0025697584393127855 107340.96000000001 0.0060817964016657297 19182.635503185393 110009.03500000002 0.024757850046832178
decision_type=2 2 2 2 2 2
left_child=1 -1 3 -2 5 -5
right_child=2 -3 -4 4 -6 -7
leaf_value=1.5527460364139257e-08 0 0 0 -9.9759466408389944e-09 0 0
leaf_weight=5664 997 291 2527 13897 1083 1178
leaf_count=5664 997 291 2527 13897 1083 1178
internal_value=0 1.02565e-08 0 -6.41422e-09 -7.85822e-09 -9.3944e-09
internal_weight=25637 5955 19682 17155 16158 15075
internal_count=25637 5955 19682 17155 16158 15075
is_linear=0
shrinkage=0.000132856


Tree=28
num_leaves=7
num_cat=0
split_feature=5 3 5 9 1 14
split_gain=3.54904e-05 4.18865e-05 3.99784e-05 1.65421e-05 1.88467e-05 2.97917e-06
threshold=-0.0025697584393127855 107340.96000000001 0.0060817964016657297 19182.635503185393 110009.03500000002 0.024757850046832178
decision_type=2 2 2 2 2 2
left_child=1 -1 3 -2 5 -5
right_child=2 -3 -4 4 -6 -7
leaf_value=1.5525399082147316e-08 0 0 0 -9.9746199715021204e-09 0 0
leaf_weight=5664 997 291 2527 13897 1083 1178
leaf_count=5664 997 291 2527 13897 1083 1178
internal_value=0 1.02546e-08 0 -6.41315e-09 -7.85708e-09 -9.39318e-09
internal_weight=25637 5955 19682 17155 16158 15075
internal_count=25637 5955 19682 17155 16158 15075
is_linear=0
shrinkage=0.000132856


Tree=29
num_leaves=7
num_cat=0
split_feature=5 3 5 9 1 14
split_gain=3.54768e-05 4.18795e-05 3.9965e-05 1.65391e-05 1.88435e-05 2.97796e-06
threshold=-0.0025697584393127855 107340.96000000001 0.0060817964016657297 19182.635503185393 110009.03500000002 0.024757850046832178
decision_type=2 2 2 2 2 2
left_child=1 -1 3 -2 5 -5
right_child=2 -3 -4 4 -6 -7
leaf_value=1.5523334932478812e-08 0 0 0 -9.9732994558098996e-09 0 0
leaf_weight=5664 997 291 2527 13897 1083 1178
leaf_count=5664 997 291 2527 13897 1083 1178
internal_value=0 1.02526e-08 0 -6.41208e-09 -7.85595e-09 -9.39196e-09
internal_weight=25637 5955 19682 17155 16158 15075
internal_count=25637 5955 19682 17155 16158 15075
is_linear=0
shrinkage=0.000132856


Tree=30
num_leaves=7
num_cat=0
split_feature=5 3 5 9 1 14
split_gain=3.54632e-05 4.18726e-05 3.99516e-05 1.65361e-05 1.88403e-05 2.97674e-06
threshold=-0.0025697584393127855 107340.96000000001 0.0060817964016657297 19182.635503185393 110009.03500000002 0.024757850046832178
decision_type=2 2 2 2 2 2
left_child=1 -1 3 -2 5 -5
right_child=2 -3 -4 4 -6 -7
leaf_value=1.5521273558095366e-08 0 0 0 -9.9719697837866696e-09 0 0
leaf_weight=5664 997 291 2527 13897 1083 1178
leaf_count=5664 997 291 2527 13897 1083 1178
internal_value=0 1.02506e-08 0 -6.411e-09 -7.8548e-09 -9.39074e-09
internal_weight=25637 5955 19682 17155 16158 15075
internal_count=25637 5955 19682 17155 16158 15075
is_linear=0
shrinkage=0.000132856


Tree=31
num_leaves=7
num_cat=0
split_feature=5 3 5 9 1 14
split_gain=3.54496e-05 4.18656e-05 3.99383e-05 1.65331e-05 1.88371e-05 2.97553e-06
threshold=-0.0025697584393127855 107340.96000000001 0.0060817964016657297 19182.635503185393 110009.03500000002 0.024757850046832178
decision_type=2 2 2 2 2 2
left_child=1 -1 3 -2 5 -5
right_child=2 -3 -4 4 -6 -7
leaf_value=1.5519213646344581e-08 0 0 0 -9.9706475447900208e-09 0 0
leaf_weight=5664 997 291 2527 13897 1083 1178
leaf_count=5664 997 291 2527 13897 1083 1178
internal_value=0 1.02487e-08 0 -6.40993e-09 -7.85367e-09 -9.38952e-09
internal_weight=25637 5955 19682 17155 16158 15075
internal_count=25637 5955 19682 17155 16158 15075
is_linear=0
shrinkage=0.000132856


Tree=32
num_leaves=11
num_cat=0
split_feature=12 11 2 11 13 6 8 5 1 6
split_gain=9.24973e-05 5.50752e-05 9.68136e-05 7.30568e-05 6.86368e-06 1.98608e-06 2.01123e-05 1.06211e-05 9.37487e-06 9.08103e-06
threshold=0.015117989945162639 73.77460173712258 60735.950000000004 16.53471074697082 0.0048876831514754028 -0.0023727891596347912 26917.694123087418 0.0060817964016657297 110009.03500000002 0.024431784038963514
decision_type=2 2 2 2 2 2 2 2 2 2
left_child=5 2 3 -2 -5 -1 -7 8 9 -8
right_child=1 -3 -4 4 -6 6 7 -9 -10 -11
leaf_value=0 0 0 0 0 5.2917943075438067e-08 0 -9.4039562280683494e-09 0 0 0
leaf_weight=6799 113 359 472 169 2042 3264 10212 951 953 105
leaf_count=6799 113 359 472 169 2042 3264 10212 951 953 105
internal_value=0 2.27404e-08 3.05104e-08 4.30627e-08 5.03163e-08 0 -1.5045e-09 -5.64898e-09 -7.15782e-09 -8.48538e-09
internal_weight=25439 3155 2796 2324 2211 22284 15485 12221 11270 10317
internal_count=25439 3155 2796 2324 2211 22284 15485 12221 11270 10317
is_linear=0
shrinkage=0.000132856


Tree=33
num_leaves=11
num_cat=0
split_feature=12 11 2 11 13 6 8 5 1 6
split_gain=9.24604e-05 5.50626e-05 9.67932e-05 7.3045e-05 6.85945e-06 1.9839e-06 2.01063e-05 1.06189e-05 9.37295e-06 9.0797e-06
threshold=0.015117989945162639 73.77460173712258 60735.950000000004 16.53471074697082 0.0048876831514754028 -0.0023727891596347912 26917.694123087418 0.0060817964016657297 110009.03500000002 0.024431784038963514
decision_type=2 2 2 2 2 2 2 2 2 2
left_child=5 2 3 -2 -5 -1 -7 8 9 -8
right_child=1 -3 -4 4 -6 6 7 -9 -10 -11
leaf_value=0 0 0 0 0 5.2910936200521169e-08 0 -9.4027046047721456e-09 0 0 0
leaf_weight=6799 113 359 472 169 2042 3264 10212 951 953 105
leaf_count=6799 113 359 472 169 2042 3264 10212 951 953 105
internal_value=0 2.27359e-08 3.05053e-08 4.30565e-08 5.03098e-08 0 -1.50368e-09 -5.64793e-09 -7.15669e-09 -8.48414e-09
internal_weight=25439 3155 2796 2324 2211 22284 15485 12221 11270 10317
internal_count=25439 3155 2796 2324 2211 22284 15485 12221 11270 10317
is_linear=0
shrinkage=0.000132856


Tree=34
num_leaves=11
num_cat=0
split_feature=12 11 2 11 13 6 8 5 1 6
split_gain=9.24234e-05 5.50499e-05 9.67728e-05 7.30332e-05 6.85522e-06 1.98173e-06 2.01003e-05 1.06167e-05 9.37103e-06 9.07838e-06
threshold=0.015117989945162639 73.77460173712258 60735.950000000004 16.53471074697082 0.0048876831514754028 -0.0023727891596347912 26917.694123087418 0.0060817964016657297 110009.03500000002 0.024431784038963514
decision_type=2 2 2 2 2 2 2 2 2 2
left_child=5 2 3 -2 -5 -1 -7 8 9 -8
right_child=1 -3 -4 4 -6 6 7 -9 -10 -11
leaf_value=0 0 0 0 0 5.2903909992452102e-08 0 -9.401457517897761e-09 0 0 0
leaf_weight=6799 113 359 472 169 2042 3264 10212 951 953 105
leaf_count=6799 113 359 472 169 2042 3264 10212 951 953 105
internal_value=0 2.27313e-08 3.05002e-08 4.30503e-08 5.03034e-08 0 -1.50286e-09 -5.64689e-09 -7.15556e-09 -8.4829e-09
internal_weight=25439 3155 2796 2324 2211 22284 15485 12221 11270 10317
internal_count=25439 3155 2796 2324 2211 22284 15485 12221 11270 10317
is_linear=0
shrinkage=0.000132856


Tree=35
num_leaves=11
num_cat=0
split_feature=12 11 2 11 13 6 8 5 1 6
split_gain=9.23864e-05 5.50373e-05 9.67524e-05 7.30214e-05 6.85099e-06 1.97955e-06 2.00943e-05 1.06145e-05 9.36911e-06 9.07705e-06
threshold=0.015117989945162639 73.77460173712258 60735.950000000004 16.53471074697082 0.0048876831514754028 -0.0023727891596347912 26917.694123087418 0.0060817964016657297 110009.03500000002 0.024431784038963514
decision_type=2 2 2 2 2 2 2 2 2 2
left_child=5 2 3 -2 -5 -1 -7 8 9 -8
right_child=1 -3 -4 4 -6 6 7 -9 -10 -11
leaf_value=0 0 0 0 0 5.2896881381375227e-08 0 -9.4002076078685587e-09 0 0 0
leaf_weight=6799 113 359 472 169 2042 3264 10212 951 953 105
leaf_count=6799 113 359 472 169 2042 3264 10212 951 953 105
internal_value=0 2.27268e-08 3.04951e-08 4.30441e-08 5.02969e-08 0 -1.50203e-09 -5.64585e-09 -7.15443e-09 -8.48167e-09
internal_weight=25439 3155 2796 2324 2211 22284 15485 12221 11270 10317
internal_count=25439 3155 2796 2324 2211 22284 15485 12221 11270 10317
is_linear=0
shrinkage=0.000132856


Tree=36
num_leaves=11
num_cat=0
split_feature=12 11 2 11 13 6 8 5 1 6
split_gain=9.23495e-05 5.50247e-05 9.6732e-05 7.30096e-05 6.84676e-06 1.97739e-06 2.00884e-05 1.06124e-05 9.3672e-06 9.07572e-06
threshold=0.015117989945162639 73.77460173712258 60735.950000000004 16.53471074697082 0.0048876831514754028 -0.0023727891596347912 26917.694123087418 0.0060817964016657297 110009.03500000002 0.024431784038963514
decision_type=2 2 2 2 2 2 2 2 2 2
left_child=5 2 3 -2 -5 -1 -7 8 9 -8
right_child=1 -3 -4 4 -6 6 7 -9 -10 -11
leaf_value=0 0 0 0 0 5.2889866298368093e-08 0 -9.3989613440939358e-09 0 0 0
leaf_weight=6799 113 359 472 169 2042 3264 10212 951 953 105
leaf_count=6799 113 359 472 169 2042 3264 10212 951 953 105
internal_value=0 2.27222e-08 3.04899e-08 4.3038e-08 5.02904e-08 0 -1.50121e-09 -5.6448e-09 -7.1533e-09 -8.48043e-09
internal_weight=25439 3155 2796 2324 2211 22284 15485 12221 11270 10317
internal_count=25439 3155 2796 2324 2211 22284 15485 12221 11270 10317
is_linear=0
shrinkage=0.000132856


Tree=37
num_leaves=11
num_cat=0
split_feature=12 11 2 11 13 6 8 5 1 6
split_gain=9.23125e-05 5.5012e-05 9.67116e-05 7.29978e-05 6.84253e-06 1.97522e-06 2.00824e-05 1.06102e-05 9.36528e-06 9.07439e-06
threshold=0.015117989945162639 73.77460173712258 60735.950000000004 16.53471074697082 0.0048876831514754028 -0.0023727891596347912 26917.694123087418 0.0060817964016657297 110009.03500000002 0.024431784038963514
decision_type=2 2 2 2 2 2 2 2 2 2
left_child=5 2 3 -2 -5 -1 -7 8 9 -8
right_child=1 -3 -4 4 -6 6 7 -9 -10 -11
leaf_value=0 0 0 0 0 5.2882838508788146e-08 0 -9.3977113241979775e-09 0 0 0
leaf_weight=6799 113 359 472 169 2042 3264 10212 951 953 105
leaf_count=6799 113 359 472 169 2042 3264 10212 951 953 105
internal_value=0 2.27177e-08 3.04848e-08 4.30318e-08 5.02839e-08 0 -1.50039e-09 -5.64376e-09 -7.15216e-09 -8.47919e-09
internal_weight=25439 3155 2796 2324 2211 22284 15485 12221 11270 10317
internal_count=25439 3155 2796 2324 2211 22284 15485 12221 11270 10317
is_linear=0
shrinkage=0.000132856


Tree=38
num_leaves=11
num_cat=0
split_feature=12 11 2 11 13 6 8 5 1 6
split_gain=9.22756e-05 5.49994e-05 9.66912e-05 7.29861e-05 6.83832e-06 1.97305e-06 2.00764e-05 1.0608e-05 9.36336e-06 9.07307e-06
threshold=0.015117989945162639 73.77460173712258 60735.950000000004 16.53471074697082 0.0048876831514754028 -0.0023727891596347912 26917.694123087418 0.0060817964016657297 110009.03500000002 0.024431784038963514
decision_type=2 2 2 2 2 2 2 2 2 2
left_child=5 2 3 -2 -5 -1 -7 8 9 -8
right_child=1 -3 -4 4 -6 6 7 -9 -10 -11
leaf_value=0 0 0 0 0 5.2875832685354795e-08 0 -9.3964640598119139e-09 0 0 0
leaf_weight=6799 113 359 472 169 2042 3264 10212 951 953 105
leaf_count=6799 113 359 472 169 2042 3264 10212 951 953 105
internal_value=0 2.27131e-08 3.04797e-08 4.30256e-08 5.02774e-08 0 -1.49956e-09 -5.64272e-09 -7.15103e-09 -8.47796e-09
internal_weight=25439 3155 2796 2324 2211 22284 15485 12221 11270 10317
internal_count=25439 3155 2796 2324 2211 22284 15485 12221 11270 10317
is_linear=0
shrinkage=0.000132856


Tree=39
num_leaves=11
num_cat=0
split_feature=12 11 2 11 13 6 8 5 1 6
split_gain=9.22387e-05 5.49868e-05 9.66708e-05 7.29743e-05 6.83409e-06 1.97088e-06 2.00704e-05 1.06058e-05 9.36144e-06 9.07174e-06
threshold=0.015117989945162639 73.77460173712258 60735.950000000004 16.53471074697082 0.0048876831514754028 -0.0023727891596347912 26917.694123087418 0.0060817964016657297 110009.03500000002 0.024431784038963514
decision_type=2 2 2 2 2 2 2 2 2 2
left_child=5 2 3 -2 -5 -1 -7 8 9 -8
right_child=1 -3 -4 4 -6 6 7 -9 -10 -11
leaf_value=0 0 0 0 0 5.286881456175981e-08 0 -9.3952129502179935e-09 0 0 0
leaf_weight=6799 113 359 472 169 2042 3264 10212 951 953 105
leaf_count=6799 113 359 472 169 2042 3264 10212 951 953 105
internal_value=0 2.27086e-08 3.04746e-08 4.30195e-08 5.02709e-08 0 -1.49874e-09 -5.64167e-09 -7.1499e-09 -8.47672e-09
internal_weight=25439 3155 2796 2324 2211 22284 15485 12221 11270 10317
internal_count=25439 3155 2796 2324 2211 22284 15485 12221 11270 10317
is_linear=0
shrinkage=0.000132856


Tree=40
num_leaves=9
num_cat=0
split_feature=5 13 0 12 5 6 13 6
split_gain=3.73202e-05 5.55903e-05 5.0661e-05 4.53829e-05 2.75136e-06 2.47259e-05 2.67557e-05 2.26991e-06
threshold=-0.0025697584393127855 0.0053304558083521547 23354.320000000003 0.0067336970209138881 0.0054441873383550563 -0.0012573811680222644 0.0028393967735204761 0.022911189001646463
decision_type=2 2 2 2 2 2 2 2
left_child=1 -1 -3 -4 5 -2 -7 -8
right_child=4 2 3 -5 -6 6 7 -9
leaf_value=0 0 0 0 3.5461811401150462e-08 0 0 -1.1293705990853736e-08 0
leaf_weight=2629 5583 420 307 2650 2925 3217 7817 192
leaf_count=2629 5583 420 307 2650 2925 3217 7817 192
internal_value=0 1.04709e-08 2.20298e-08 2.92639e-08 0 -1.69964e-09 -6.57224e-09 -1.09311e-08
internal_weight=25740 6006 3377 2957 19734 16809 11226 8009
internal_count=25740 6006 3377 2957 19734 16809 11226 8009
is_linear=0
shrinkage=0.000132856


Tree=41
num_leaves=9
num_cat=0
split_feature=5 13 0 12 5 6 13 6
split_gain=3.73054e-05 5.55739e-05 5.06508e-05 4.53742e-05 2.74911e-06 2.47194e-05 2.67499e-05 2.26943e-06
threshold=-0.0025697584393127855 0.0053304558083521547 23354.320000000003 0.0067336970209138881 0.0054441873383550563 -0.0012573811680222644 0.0028393967735204761 0.022911189001646463
decision_type=2 2 2 2 2 2 2 2
left_child=1 -1 -3 -4 5 -2 -7 -8
right_child=4 2 3 -5 -6 6 7 -9
leaf_value=0 0 0 0 3.545710612062514e-08 0 0 -1.129220593078744e-08 0
leaf_weight=2629 5583 420 307 2650 2925 3217 7817 192
leaf_count=2629 5583 420 307 2650 2925 3217 7817 192
internal_value=0 1.04688e-08 2.20261e-08 2.92597e-08 0 -1.69894e-09 -6.5712e-09 -1.09297e-08
internal_weight=25740 6006 3377 2957 19734 16809 11226 8009
internal_count=25740 6006 3377 2957 19734 16809 11226 8009
is_linear=0
shrinkage=0.000132856


Tree=42
num_leaves=9
num_cat=0
split_feature=5 13 0 12 5 6 13 6
split_gain=3.72906e-05 5.55576e-05 5.06406e-05 4.53654e-05 2.74685e-06 2.47129e-05 2.67441e-05 2.26895e-06
threshold=-0.0025697584393127855 0.0053304558083521547 23354.320000000003 0.0067336970209138881 0.0054441873383550563 -0.0012573811680222644 0.0028393967735204761 0.022911189001646463
decision_type=2 2 2 2 2 2 2 2
left_child=1 -1 -3 -4 5 -2 -7 -8
right_child=4 2 3 -5 -6 6 7 -9
leaf_value=0 0 0 0 3.5452393711348647e-08 0 0 -1.12907065993386e-08 0
leaf_weight=2629 5583 420 307 2650 2925 3217 7817 192
leaf_count=2629 5583 420 307 2650 2925 3217 7817 192
internal_value=0 1.04667e-08 2.20224e-08 2.92554e-08 0 -1.69824e-09 -6.57015e-09 -1.09282e-08
internal_weight=25740 6006 3377 2957 19734 16809 11226 8009
internal_count=25740 6006 3377 2957 19734 16809 11226 8009
is_linear=0
shrinkage=0.000132856


Tree=43
num_leaves=9
num_cat=0
split_feature=5 13 0 12 5 6 13 6
split_gain=3.72758e-05 5.55413e-05 5.06304e-05 4.53566e-05 2.74459e-06 2.47064e-05 2.67383e-05 2.26846e-06
threshold=-0.0025697584393127855 0.0053304558083521547 23354.320000000003 0.0067336970209138881 0.0054441873383550563 -0.0012573811680222644 0.0028393967735204761 0.022911189001646463
decision_type=2 2 2 2 2 2 2 2
left_child=1 -1 -3 -4 5 -2 -7 -8
right_child=4 2 3 -5 -6 6 7 -9
leaf_value=0 0 0 0 3.5447695155069994e-08 0 0 -1.1289205639044479e-08 0
leaf_weight=2629 5583 420 307 2650 2925 3217 7817 192
leaf_count=2629 5583 420 307 2650 2925 3217 7817 192
internal_value=0 1.04646e-08 2.20187e-08 2.92512e-08 0 -1.69755e-09 -6.56911e-09 -1.09267e-08
internal_weight=25740 6006 3377 2957 19734 16809 11226 8009
internal_count=25740 6006 3377 2957 19734 16809 11226 8009
is_linear=0
shrinkage=0.000132856


Tree=44
num_leaves=9
num_cat=0
split_feature=5 13 0 12 5 6 13 6
split_gain=3.7261e-05 5.55249e-05 5.06201e-05 4.53479e-05 2.74234e-06 2.47e-05 2.67325e-05 2.26798e-06
threshold=-0.0025697584393127855 0.0053304558083521547 23354.320000000003 0.0067336970209138881 0.0054441873383550563 -0.0012573811680222644 0.0028393967735204761 0.022911189001646463
decision_type=2 2 2 2 2 2 2 2
left_child=1 -1 -3 -4 5 -2 -7 -8
right_child=4 2 3 -5 -6 6 7 -9
leaf_value=0 0 0 0 3.5442984626237137e-08 0 0 -1.1287705620215618e-08 0
leaf_weight=2629 5583 420 307 2650 2925 3217 7817 192
leaf_count=2629 5583 420 307 2650 2925 3217 7817 192
internal_value=0 1.04626e-08 2.2015e-08 2.9247e-08 0 -1.69685e-09 -6.56806e-09 -1.09253e-08
internal_weight=25740 6006 3377 2957 19734 16809 11226 8009
internal_count=25740 6006 3377 2957 19734 16809 11226 8009
is_linear=0
shrinkage=0.000132856


Tree=45
num_leaves=9
num_cat=0
split_feature=5 13 0 12 5 6 13 6
split_gain=3.72462e-05 5.55086e-05 5.06099e-05 4.53391e-05 2.74009e-06 2.46935e-05 2.67267e-05 2.2675e-06
threshold=-0.0025697584393127855 0.0053304558083521547 23354.320000000003 0.0067336970209138881 0.0054441873383550563 -0.0012573811680222644 0.0028393967735204761 0.022911189001646463
decision_type=2 2 2 2 2 2 2 2
left_child=1 -1 -3 -4 5 -2 -7 -8
right_child=4 2 3 -5 -6 6 7 -9
leaf_value=0 0 0 0 3.5438283863669697e-08 0 0 -1.1286210435468709e-08 0
leaf_weight=2629 5583 420 307 2650 2925 3217 7817 192
leaf_count=2629 5583 420 307 2650 2925 3217 7817 192
internal_value=0 1.04605e-08 2.20113e-08 2.92428e-08 0 -1.69615e-09 -6.56702e-09 -1.09238e-08
internal_weight=25740 6006 3377 2957 19734 16809 11226 8009
internal_count=25740 6006 3377 2957 19734 16809 11226 8009
is_linear=0
shrinkage=0.000132856


Tree=46
num_leaves=9
num_cat=0
split_feature=5 13 0 12 5 6 13 6
split_gain=3.72314e-05 5.54923e-05 5.05997e-05 4.53304e-05 2.73783e-06 2.4687e-05 2.6721e-05 2.26702e-06
threshold=-0.0025697584393127855 0.0053304558083521547 23354.320000000003 0.0067336970209138881 0.0054441873383550563 -0.0012573811680222644 0.0028393967735204761 0.022911189001646463
decision_type=2 2 2 2 2 2 2 2
left_child=1 -1 -3 -4 5 -2 -7 -8
right_child=4 2 3 -5 -6 6 7 -9
leaf_value=0 0 0 0 3.5433578348669806e-08 0 0 -1.1284710028121677e-08 0
leaf_weight=2629 5583 420 307 2650 2925 3217 7817 192
leaf_count=2629 5583 420 307 2650 2925 3217 7817 192
internal_value=0 1.04584e-08 2.20076e-08 2.92386e-08 0 -1.69545e-09 -6.56598e-09 -1.09224e-08
internal_weight=25740 6006 3377 2957 19734 16809 11226 8009
internal_count=25740 6006 3377 2957 19734 16809 11226 8009
is_linear=0
shrinkage=0.000132856


Tree=47
num_leaves=9
num_cat=0
split_feature=5 13 0 12 5 6 13 6
split_gain=3.72166e-05 5.54759e-05 5.05895e-05 4.53216e-05 2.73558e-06 2.46806e-05 2.67152e-05 2.26654e-06
threshold=-0.0025697584393127855 0.0053304558083521547 23354.320000000003 0.0067336970209138881 0.0054441873383550563 -0.0012573811680222644 0.0028393967735204761 0.022911189001646463
decision_type=2 2 2 2 2 2 2 2
left_child=1 -1 -3 -4 5 -2 -7 -8
right_child=4 2 3 -5 -6 6 7 -9
leaf_value=0 0 0 0 3.5428879119948266e-08 0 0 -1.1283209106636165e-08 0
leaf_weight=2629 5583 420 307 2650 2925 3217 7817 192
leaf_count=2629 5583 420 307 2650 2925 3217 7817 192
internal_value=0 1.04563e-08 2.20039e-08 2.92344e-08 0 -1.69476e-09 -6.56493e-09 -1.09209e-08
internal_weight=25740 6006 3377 2957 19734 16809 11226 8009
internal_count=25740 6006 3377 2957 19734 16809 11226 8009
is_linear=0
shrinkage=0.000132856


Tree=48
num_leaves=3
num_cat=0
split_feature=5 5
split_gain=2.49233e-06 2.08247e-05
threshold=-0.00085834427761344301 0.01611157229307492
decision_type=2 2
left_child=-1 -2
right_child=1 -3
leaf_value=7.5121145261760093e-10 -5.1892957890670217e-09 0
leaf_weight=10030 15071 400
leaf_count=10030 15071 400
internal_value=0 -1.57391e-09
internal_weight=25501 15471
internal_count=25501 15471
is_linear=0
shrinkage=0.000132856


Tree=49
num_leaves=3
num_cat=0
split_feature=5 5
split_gain=2.49039e-06 2.08205e-05
threshold=-0.00085834427761344301 0.01611157229307492
decision_type=2 2
left_child=-1 -2
right_child=1 -3
leaf_value=7.5110974104267614e-10 -5.1886057508682942e-09 0
leaf_weight=10030 15071 400
leaf_count=10030 15071 400
internal_value=0 -1.57324e-09
internal_weight=25501 15471
internal_count=25501 15471
is_linear=0
shrinkage=0.000132856


Tree=50
num_leaves=3
num_cat=0
split_feature=5 5
split_gain=2.48845e-06 2.08162e-05
threshold=-0.00085834427761344301 0.01611157229307492
decision_type=2 2
left_child=-1 -2
right_child=1 -3
leaf_value=7.5101234717835262e-10 -5.1879146908302678e-09 0
leaf_weight=10030 15071 400
leaf_count=10030 15071 400
internal_value=0 -1.57257e-09
internal_weight=25501 15471
internal_count=25501 15471
is_linear=0
shrinkage=0.000132856


Tree=51
num_leaves=3
num_cat=0
split_feature=5 5
split_gain=2.48652e-06 2.0812e-05
threshold=-0.00085834427761344301 0.01611157229307492
decision_type=2 2
left_child=-1 -2
right_child=1 -3
leaf_value=7.5091156907930487e-10 -5.1872276418913521e-09 0
leaf_weight=10030 15071 400
leaf_count=10030 15071 400
internal_value=0 -1.5719e-09
internal_weight=25501 15471
internal_count=25501 15471
is_linear=0
shrinkage=0.000132856


Tree=52
num_leaves=3
num_cat=0
split_feature=5 5
split_gain=2.48458e-06 2.08077e-05
threshold=-0.00085834427761344301 0.01611157229307492
decision_type=2 2
left_child=-1 -2
right_child=1 -3
leaf_value=7.5081045717854566e-10 -5.1865386678591625e-09 0
leaf_weight=10030 15071 400
leaf_count=10030 15071 400
internal_value=0 -1.57123e-09
internal_weight=25501 15471
internal_count=25501 15471
is_linear=0
shrinkage=0.000132856


Tree=53
num_leaves=3
num_cat=0
split_feature=5 5
split_gain=2.48265e-06 2.08035e-05
threshold=-0.00085834427761344301 0.01611157229307492
decision_type=2 2
left_child=-1 -2
right_child=1 -3
leaf_value=7.5071138292063777e-10 -5.185851270420644e-09 0
leaf_weight=10030 15071 400
leaf_count=10030 15071 400
internal_value=0 -1.57056e-09
internal_weight=25501 15471
internal_count=25501 15471
is_linear=0
shrinkage=0.000132856


Tree=54
num_leaves=3
num_cat=0
split_feature=5 5
split_gain=2.48072e-06 2.07992e-05
threshold=-0.00085834427761344301 0.01611157229307492
decision_type=2 2
left_child=-1 -2
right_child=1 -3
leaf_value=7.506114861193542e-10 -5.1851614443245583e-09 0
leaf_weight=10030 15071 400
leaf_count=10030 15071 400
internal_value=0 -1.56988e-09
internal_weight=25501 15471
internal_count=25501 15471
is_linear=0
shrinkage=0.000132856


Tree=55
num_leaves=3
num_cat=0
split_feature=5 5
split_gain=2.47878e-06 2.0795e-05
threshold=-0.00085834427761344301 0.01611157229307492
decision_type=2 2
left_child=-1 -2
right_child=1 -3
leaf_value=7.5051094418208526e-10 -5.1844705432540308e-09 0
leaf_weight=10030 15071 400
leaf_count=10030 15071 400
internal_value=0 -1.56921e-09
internal_weight=25501 15471
internal_count=25501 15471
is_linear=0
shrinkage=0.000132856


Tree=56
num_leaves=8
num_cat=0
split_feature=5 5 13 12 13 13 12
split_gain=4.66866e-05 0.000121855 4.4398e-05 2.9655e-05 1.03871e-05 4.56691e-06 1.81246e-06
threshold=-0.0025697584393127855 0.0060817964016657297 0.013934553129739295 0.002562832507364369 0.0024685759528733325 0.001344793122143051 0.0044704440189035537
decision_type=2 2 2 2 2 2 2
left_child=4 2 3 -2 -1 -5 -6
right_child=1 -3 -4 5 6 -7 -8
leaf_value=0 0 0 0 0 0 -1.6658689137922514e-08 1.0758228383142289e-08
leaf_weight=275 2638 2506 172 137 217 14186 5532
leaf_count=275 2638 2506 172 137 217 14186 5532
internal_value=0 -4.50639e-09 -1.21983e-08 -1.4018e-08 8.39984e-09 -1.64083e-08 1.02864e-08
internal_weight=25663 19639 17133 16961 6024 14323 5749
internal_count=25663 19639 17133 16961 6024 14323 5749
is_linear=0
shrinkage=0.000132856


Tree=57
num_leaves=8
num_cat=0
split_feature=5 5 13 12 13 13 12
split_gain=4.66631e-05 0.000121827 4.43916e-05 2.96465e-05 1.03854e-05 4.56602e-06 1.81203e-06
threshold=-0.0025697584393127855 0.0060817964016657297 0.013934553129739295 0.002562832507364369 0.0024685759528733325 0.001344793122143051 0.0044704440189035537
decision_type=2 2 2 2 2 2 2
left_child=4 2 3 -2 -1 -5 -6
right_child=1 -3 -4 5 6 -7 -8
leaf_value=0 0 0 0 0 0 -1.6656476533394425e-08 1.0756801293207229e-08
leaf_weight=275 2638 2506 172 137 217 14186 5532
leaf_count=275 2638 2506 172 137 217 14186 5532
internal_value=0 -4.50479e-09 -1.21965e-08 -1.40162e-08 8.39853e-09 -1.64061e-08 1.0285e-08
internal_weight=25663 19639 17133 16961 6024 14323 5749
internal_count=25663 19639 17133 16961 6024 14323 5749
is_linear=0
shrinkage=0.000132856


Tree=58
num_leaves=8
num_cat=0
split_feature=5 5 13 12 13 13 12
split_gain=4.66395e-05 0.0001218 4.43851e-05 2.9638e-05 1.03837e-05 4.56513e-06 1.81161e-06
threshold=-0.0025697584393127855 0.0060817964016657297 0.013934553129739295 0.002562832507364369 0.0024685759528733325 0.001344793122143051 0.0044704440189035537
decision_type=2 2 2 2 2 2 2
left_child=4 2 3 -2 -1 -5 -6
right_child=1 -3 -4 5 6 -7 -8
leaf_value=0 0 0 0 0 0 -1.6654263630025603e-08 1.0755368490758167e-08
leaf_weight=275 2638 2506 172 137 217 14186 5532
leaf_count=275 2638 2506 172 137 217 14186 5532
internal_value=0 -4.50319e-09 -1.21946e-08 -1.40143e-08 8.39721e-09 -1.64039e-08 1.02836e-08
internal_weight=25663 19639 17133 16961 6024 14323 5749
internal_count=25663 19639 17133 16961 6024 14323 5749
is_linear=0
shrinkage=0.000132856


Tree=59
num_leaves=8
num_cat=0
split_feature=5 5 13 12 13 13 12
split_gain=4.6616e-05 0.000121772 4.43786e-05 2.96295e-05 1.0382e-05 4.56424e-06 1.81119e-06
threshold=-0.0025697584393127855 0.0060817964016657297 0.013934553129739295 0.002562832507364369 0.0024685759528733325 0.001344793122143051 0.0044704440189035537
decision_type=2 2 2 2 2 2 2
left_child=4 2 3 -2 -1 -5 -6
right_child=1 -3 -4 5 6 -7 -8
leaf_value=0 0 0 0 0 0 -1.6652050097988876e-08 1.0753941111251482e-08
leaf_weight=275 2638 2506 172 137 217 14186 5532
leaf_count=275 2638 2506 172 137 217 14186 5532
internal_value=0 -4.50159e-09 -1.21928e-08 -1.40125e-08 8.3959e-09 -1.64017e-08 1.02823e-08
internal_weight=25663 19639 17133 16961 6024 14323 5749
internal_count=25663 19639 17133 16961 6024 14323 5749
is_linear=0
shrinkage=0.000132856


Tree=60
num_leaves=8
num_cat=0
split_feature=5 5 13 12 13 13 12
split_gain=4.65924e-05 0.000121745 4.43722e-05 2.9621e-05 1.03803e-05 4.56335e-06 1.81076e-06
threshold=-0.0025697584393127855 0.0060817964016657297 0.013934553129739295 0.002562832507364369 0.0024685759528733325 0.001344793122143051 0.0044704440189035537
decision_type=2 2 2 2 2 2 2
left_child=4 2 3 -2 -1 -5 -6
right_child=1 -3 -4 5 6 -7 -8
leaf_value=0 0 0 0 0 0 -1.6649838897309483e-08 1.0752512736333466e-08
leaf_weight=275 2638 2506 172 137 217 14186 5532
leaf_count=275 2638 2506 172 137 217 14186 5532
internal_value=0 -4.49999e-09 -1.2191e-08 -1.40106e-08 8.39459e-09 -1.63995e-08 1.02809e-08
internal_weight=25663 19639 17133 16961 6024 14323 5749
internal_count=25663 19639 17133 16961 6024 14323 5749
is_linear=0
shrinkage=0.000132856


Tree=61
num_leaves=8
num_cat=0
split_feature=5 5 13 12 13 13 12
split_gain=4.65689e-05 0.000121718 4.43657e-05 2.96125e-05 1.03786e-05 4.56246e-06 1.81034e-06
threshold=-0.0025697584393127855 0.0060817964016657297 0.013934553129739295 0.002562832507364369 0.0024685759528733325 0.001344793122143051 0.0044704440189035537
decision_type=2 2 2 2 2 2 2
left_child=4 2 3 -2 -1 -5 -6
right_child=1 -3 -4 5 6 -7 -8
leaf_value=0 0 0 0 0 0 -1.6647627344755239e-08 1.0751082421804113e-08
leaf_weight=275 2638 2506 172 137 217 14186 5532
leaf_count=275 2638 2506 172 137 217 14186 5532
internal_value=0 -4.4984e-09 -1.21891e-08 -1.40088e-08 8.39328e-09 -1.63973e-08 1.02795e-08
internal_weight=25663 19639 17133 16961 6024 14323 5749
internal_count=25663 19639 17133 16961 6024 14323 5749
is_linear=0
shrinkage=0.000132856


Tree=62
num_leaves=8
num_cat=0
split_feature=5 5 13 12 13 13 12
split_gain=4.65454e-05 0.00012169 4.43592e-05 2.9604e-05 1.03769e-05 4.56157e-06 1.80992e-06
threshold=-0.0025697584393127855 0.0060817964016657297 0.013934553129739295 0.002562832507364369 0.0024685759528733325 0.001344793122143051 0.0044704440189035537
decision_type=2 2 2 2 2 2 2
left_child=4 2 3 -2 -1 -5 -6
right_child=1 -3 -4 5 6 -7 -8
leaf_value=0 0 0 0 0 0 -1.6645416977788733e-08 1.0749657079708102e-08
leaf_weight=275 2638 2506 172 137 217 14186 5532
leaf_count=275 2638 2506 172 137 217 14186 5532
internal_value=0 -4.4968e-09 -1.21873e-08 -1.40069e-08 8.39197e-09 -1.63951e-08 1.02781e-08
internal_weight=25663 19639 17133 16961 6024 14323 5749
internal_count=25663 19639 17133 16961 6024 14323 5749
is_linear=0
shrinkage=0.000132856


Tree=63
num_leaves=8
num_cat=0
split_feature=5 5 13 12 13 13 12
split_gain=4.65219e-05 0.000121663 4.43528e-05 2.95955e-05 1.03752e-05 4.56068e-06 1.8095e-06
threshold=-0.0025697584393127855 0.0060817964016657297 0.013934553129739295 0.002562832507364369 0.0024685759528733325 0.001344793122143051 0.0044704440189035537
decision_type=2 2 2 2 2 2 2
left_child=4 2 3 -2 -1 -5 -6
right_child=1 -3 -4 5 6 -7 -8
leaf_value=0 0 0 0 0 0 -1.6643206057603563e-08 1.0748227990986477e-08
leaf_weight=275 2638 2506 172 137 217 14186 5532
leaf_count=275 2638 2506 172 137 217 14186 5532
internal_value=0 -4.4952e-09 -1.21855e-08 -1.40051e-08 8.39066e-09 -1.63929e-08 1.02768e-08
internal_weight=25663 19639 17133 16961 6024 14323 5749
internal_count=25663 19639 17133 16961 6024 14323 5749
is_linear=0
shrinkage=0.000132856


Tree=64
num_leaves=7
num_cat=0
split_feature=13 5 7 13 7 7
split_gain=1.30871e-06 1.72144e-05 1.543e-05 5.2481e-06 2.4489e-06 4.95555e-07
threshold=0.010013904978895908 0.0070025975478307254 0.044854772396333516 0.0026165449142086785 -0.058121738133028782 0.0063002110149847921
decision_type=2 2 2 2 2 2
left_child=1 2 3 -1 -5 -2
right_child=5 -3 -4 4 -6 -7
leaf_value=0 2.6283614034879454e-09 0 0 0 -6.6254976457270162e-09 0
leaf_weight=4104 1264 1406 981 310 16745 970
leaf_count=4104 1264 1406 981 310 16745 970
internal_value=0 -9.90433e-10 -3.84262e-09 -5.32171e-09 -6.36909e-09 0
internal_weight=25780 23546 22140 21159 17055 2234
internal_count=25780 23546 22140 21159 17055 2234
is_linear=0
shrinkage=0.000132856


Tree=65
num_leaves=7
num_cat=0
split_feature=13 5 7 13 7 7
split_gain=1.30706e-06 1.72096e-05 1.54275e-05 5.24636e-06 2.44847e-06 4.95425e-07
threshold=0.010013904978895908 0.0070025975478307254 0.044854772396333516 0.0026165449142086785 -0.058121738133028782 0.0063002110149847921
decision_type=2 2 2 2 2 2
left_child=1 2 3 -1 -5 -2
right_child=5 -3 -4 4 -6 -7
leaf_value=0 2.6280156724960176e-09 0 0 0 -6.6246189813118185e-09 0
leaf_weight=4104 1264 1406 981 310 16745 970
leaf_count=4104 1264 1406 981 310 16745 970
internal_value=0 -9.89808e-10 -3.84196e-09 -5.32101e-09 -6.36823e-09 0
internal_weight=25780 23546 22140 21159 17055 2234
internal_count=25780 23546 22140 21159 17055 2234
is_linear=0
shrinkage=0.000132856


Tree=66
num_leaves=7
num_cat=0
split_feature=13 5 7 13 7 7
split_gain=1.30541e-06 1.72048e-05 1.54251e-05 5.2446e-06 2.44804e-06 4.95294e-07
threshold=0.010013904978895908 0.0070025975478307254 0.044854772396333516 0.0026165449142086785 -0.058121738133028782 0.0063002110149847921
decision_type=2 2 2 2 2 2
left_child=1 2 3 -1 -5 -2
right_child=5 -3 -4 4 -6 -7
leaf_value=0 2.6276700062074796e-09 0 0 0 -6.6237379229165255e-09 0
leaf_weight=4104 1264 1406 981 310 16745 970
leaf_count=4104 1264 1406 981 310 16745 970
internal_value=0 -9.89181e-10 -3.84129e-09 -5.32031e-09 -6.36736e-09 0
internal_weight=25780 23546 22140 21159 17055 2234
internal_count=25780 23546 22140 21159 17055 2234
is_linear=0
shrinkage=0.000132856


Tree=67
num_leaves=7
num_cat=0
split_feature=13 5 7 13 7 7
split_gain=1.30376e-06 1.72001e-05 1.54226e-05 5.24285e-06 2.44761e-06 4.95161e-07
threshold=0.010013904978895908 0.0070025975478307254 0.044854772396333516 0.0026165449142086785 -0.058121738133028782 0.0063002110149847921
decision_type=2 2 2 2 2 2
left_child=1 2 3 -1 -5 -2
right_child=5 -3 -4 4 -6 -7
leaf_value=0 2.6273169612274e-09 0 0 0 -6.6228567890072038e-09 0
leaf_weight=4104 1264 1406 981 310 16745 970
leaf_count=4104 1264 1406 981 310 16745 970
internal_value=0 -9.88555e-10 -3.84062e-09 -5.31962e-09 -6.3665e-09 0
internal_weight=25780 23546 22140 21159 17055 2234
internal_count=25780 23546 22140 21159 17055 2234
is_linear=0
shrinkage=0.000132856


Tree=68
num_leaves=7
num_cat=0
split_feature=13 5 7 13 7 7
split_gain=1.30211e-06 1.71953e-05 1.54201e-05 5.24111e-06 2.44719e-06 4.95031e-07
threshold=0.010013904978895908 0.0070025975478307254 0.044854772396333516 0.0026165449142086785 -0.058121738133028782 0.0063002110149847921
decision_type=2 2 2 2 2 2
left_child=1 2 3 -1 -5 -2
right_child=5 -3 -4 4 -6 -7
leaf_value=0 2.6269702743812662e-09 0 0 0 -6.6219784247521393e-09 0
leaf_weight=4104 1264 1406 981 310 16745 970
leaf_count=4104 1264 1406 981 310 16745 970
internal_value=0 -9.8793e-10 -3.83996e-09 -5.31892e-09 -6.36563e-09 0
internal_weight=25780 23546 22140 21159 17055 2234
internal_count=25780 23546 22140 21159 17055 2234
is_linear=0
shrinkage=0.000132856


Tree=69
num_leaves=7
num_cat=0
split_feature=13 5 7 13 7 7
split_gain=1.30046e-06 1.71905e-05 1.54177e-05 5.23936e-06 2.44676e-06 4.94898e-07
threshold=0.010013904978895908 0.0070025975478307254 0.044854772396333516 0.0026165449142086785 -0.058121738133028782 0.0063002110149847921
decision_type=2 2 2 2 2 2
left_child=1 2 3 -1 -5 -2
right_child=5 -3 -4 4 -6 -7
leaf_value=0 2.6266186547366998e-09 0 0 0 -6.6210972953502058e-09 0
leaf_weight=4104 1264 1406 981 310 16745 970
leaf_count=4104 1264 1406 981 310 16745 970
internal_value=0 -9.87303e-10 -3.83929e-09 -5.31822e-09 -6.36477e-09 0
internal_weight=25780 23546 22140 21159 17055 2234
internal_count=25780 23546 22140 21159 17055 2234
is_linear=0
shrinkage=0.000132856


Tree=70
num_leaves=7
num_cat=0
split_feature=13 5 7 13 7 7
split_gain=1.29881e-06 1.71858e-05 1.54152e-05 5.23761e-06 2.44633e-06 4.94767e-07
threshold=0.010013904978895908 0.0070025975478307254 0.044854772396333516 0.0026165449142086785 -0.058121738133028782 0.0063002110149847921
decision_type=2 2 2 2 2 2
left_child=1 2 3 -1 -5 -2
right_child=5 -3 -4 4 -6 -7
leaf_value=0 2.6262697045841243e-09 0 0 0 -6.6202191043717639e-09 0
leaf_weight=4104 1264 1406 981 310 16745 970
leaf_count=4104 1264 1406 981 310 16745 970
internal_value=0 -9.86679e-10 -3.83863e-09 -5.31753e-09 -6.36391e-09 0
internal_weight=25780 23546 22140 21159 17055 2234
internal_count=25780 23546 22140 21159 17055 2234
is_linear=0
shrinkage=0.000132856


Tree=71
num_leaves=7
num_cat=0
split_feature=13 5 7 13 7 7
split_gain=1.29716e-06 1.7181e-05 1.54127e-05 5.23587e-06 2.4459e-06 4.94636e-07
threshold=0.010013904978895908 0.0070025975478307254 0.044854772396333516 0.0026165449142086785 -0.058121738133028782 0.0063002110149847921
decision_type=2 2 2 2 2 2
left_child=1 2 3 -1 -5 -2
right_child=5 -3 -4 4 -6 -7
leaf_value=0 2.6259219993037722e-09 0 0 0 -6.619338781903266e-09 0
leaf_weight=4104 1264 1406 981 310 16745 970
leaf_count=4104 1264 1406 981 310 16745 970
internal_value=0 -9.86053e-10 -3.83796e-09 -5.31683e-09 -6.36304e-09 0
internal_weight=25780 23546 22140 21159 17055 2234
internal_count=25780 23546 22140 21159 17055 2234
is_linear=0
shrinkage=0.000132856


Tree=72
num_leaves=10
num_cat=0
split_feature=12 1 15 4 4 7 13 6 6
split_gain=6.06253e-05 6.36765e-05 5.77244e-05 9.52572e-05 5.44168e-05 3.26744e-05 1.49755e-05 8.28368e-06 5.89468e-06
threshold=0.0087969144048884156 97492.320000000022 1044.7216027545694 1933.2719200000004 25386.842665000004 0.055181227317568922 0.0028393967735204761 -0.019827680648273501 -0.002078610438985717
decision_type=2 2 2 2 2 2 2 2 2
left_child=8 2 3 -2 5 6 -5 -8 -1
right_child=1 -3 -4 4 -6 -7 7 -9 -10
leaf_value=0 0 0 0 0 0 0 0 3.7876655718099228e-08 -2.9191124603543845e-09
leaf_weight=4767 1623 460 150 115 212 525 753 4767 12208
leaf_count=4767 1623 460 150 115 212 525 753 4767 12208
internal_value=0 1.11501e-08 1.64103e-08 2.00438e-08 2.77097e-08 3.08239e-08 3.37773e-08 3.48215e-08 0
internal_weight=25580 8605 8145 7995 6372 6160 5635 5520 16975
internal_count=25580 8605 8145 7995 6372 6160 5635 5520 16975
is_linear=0
shrinkage=0.000132856


Tree=73
num_leaves=10
num_cat=0
split_feature=12 1 15 4 4 7 13 6 6
split_gain=6.0595e-05 6.36622e-05 5.77145e-05 9.52364e-05 5.44084e-05 3.26664e-05 1.49727e-05 8.27538e-06 5.89312e-06
threshold=0.0087969144048884156 97492.320000000022 1044.7216027545694 1933.2719200000004 25386.842665000004 0.055181227317568922 0.0028393967735204761 -0.019827680648273501 -0.002078610438985717
decision_type=2 2 2 2 2 2 2 2 2
left_child=8 2 3 -2 5 6 -5 -8 -1
right_child=1 -3 -4 4 -6 -7 7 -9 -10
leaf_value=0 0 0 0 0 0 0 0 3.7871625807953626e-08 -2.9187254840194687e-09
leaf_weight=4767 1623 460 150 115 212 525 753 4767 12208
leaf_count=4767 1623 460 150 115 212 525 753 4767 12208
internal_value=0 1.11473e-08 1.64074e-08 2.00408e-08 2.77059e-08 3.082e-08 3.37731e-08 3.48171e-08 0
internal_weight=25580 8605 8145 7995 6372 6160 5635 5520 16975
internal_count=25580 8605 8145 7995 6372 6160 5635 5520 16975
is_linear=0
shrinkage=0.000132856


Tree=74
num_leaves=10
num_cat=0
split_feature=12 1 15 4 4 7 13 6 6
split_gain=6.05647e-05 6.36479e-05 5.77047e-05 9.52156e-05 5.43999e-05 3.26584e-05 1.49698e-05 8.26708e-06 5.89155e-06
threshold=0.0087969144048884156 97492.320000000022 1044.7216027545694 1933.2719200000004 25386.842665000004 0.055181227317568922 0.0028393967735204761 -0.019827680648273501 -0.002078610438985717
decision_type=2 2 2 2 2 2 2 2 2
left_child=8 2 3 -2 5 6 -5 -8 -1
right_child=1 -3 -4 4 -6 -7 7 -9 -10
leaf_value=0 0 0 0 0 0 0 0 3.7866597319039279e-08 -2.9183368639554116e-09
leaf_weight=4767 1623 460 150 115 212 525 753 4767 12208
leaf_count=4767 1623 460 150 115 212 525 753 4767 12208
internal_value=0 1.11445e-08 1.64044e-08 2.00378e-08 2.77022e-08 3.08161e-08 3.37688e-08 3.48128e-08 0
internal_weight=25580 8605 8145 7995 6372 6160 5635 5520 16975
internal_count=25580 8605 8145 7995 6372 6160 5635 5520 16975
is_linear=0
shrinkage=0.000132856


Tree=75
num_leaves=10
num_cat=0
split_feature=12 1 15 4 4 7 13 6 6
split_gain=6.05344e-05 6.36336e-05 5.76948e-05 9.51948e-05 5.43915e-05 3.26504e-05 1.4967e-05 8.25878e-06 5.88998e-06
threshold=0.0087969144048884156 97492.320000000022 1044.7216027545694 1933.2719200000004 25386.842665000004 0.055181227317568922 0.0028393967735204761 -0.019827680648273501 -0.002078610438985717
decision_type=2 2 2 2 2 2 2 2 2
left_child=8 2 3 -2 5 6 -5 -8 -1
right_child=1 -3 -4 4 -6 -7 7 -9 -10
leaf_value=0 0 0 0 0 0 0 0 3.7861568529913731e-08 -2.9179480741282964e-09
leaf_weight=4767 1623 460 150 115 212 525 753 4767 12208
leaf_count=4767 1623 460 150 115 212 525 753 4767 12208
internal_value=0 1.11417e-08 1.64015e-08 2.00348e-08 2.76984e-08 3.08123e-08 3.37646e-08 3.48085e-08 0
internal_weight=25580 8605 8145 7995 6372 6160 5635 5520 16975
internal_count=25580 8605 8145 7995 6372 6160 5635 5520 16975
is_linear=0
shrinkage=0.000132856


Tree=76
num_leaves=10
num_cat=0
split_feature=12 1 15 4 4 7 13 6 6
split_gain=6.05041e-05 6.36193e-05 5.76849e-05 9.51739e-05 5.4383e-05 3.26423e-05 1.49642e-05 8.25049e-06 5.88842e-06
threshold=0.0087969144048884156 97492.320000000022 1044.7216027545694 1933.2719200000004 25386.842665000004 0.055181227317568922 0.0028393967735204761 -0.019827680648273501 -0.002078610438985717
decision_type=2 2 2 2 2 2 2 2 2
left_child=8 2 3 -2 5 6 -5 -8 -1
right_child=1 -3 -4 4 -6 -7 7 -9 -10
leaf_value=0 0 0 0 0 0 0 0 3.7856540608145905e-08 -2.9175609434133708e-09
leaf_weight=4767 1623 460 150 115 212 525 753 4767 12208
leaf_count=4767 1623 460 150 115 212 525 753 4767 12208
internal_value=0 1.11389e-08 1.63985e-08 2.00318e-08 2.76947e-08 3.08084e-08 3.37603e-08 3.48041e-08 0
internal_weight=25580 8605 8145 7995 6372 6160 5635 5520 16975
internal_count=25580 8605 8145 7995 6372 6160 5635 5520 16975
is_linear=0
shrinkage=0.000132856


Tree=77
num_leaves=10
num_cat=0
split_feature=12 1 15 4 4 7 13 6 6
split_gain=6.04739e-05 6.3605e-05 5.76751e-05 9.51531e-05 5.43745e-05 3.26343e-05 1.49613e-05 8.24219e-06 5.88686e-06
threshold=0.0087969144048884156 97492.320000000022 1044.7216027545694 1933.2719200000004 25386.842665000004 0.055181227317568922 0.0028393967735204761 -0.019827680648273501 -0.002078610438985717
decision_type=2 2 2 2 2 2 2 2 2
left_child=8 2 3 -2 5 6 -5 -8 -1
right_child=1 -3 -4 4 -6 -7 7 -9 -10
leaf_value=0 0 0 0 0 0 0 0 3.7851512483052312e-08 -2.9171743165126466e-09
leaf_weight=4767 1623 460 150 115 212 525 753 4767 12208
leaf_count=4767 1623 460 150 115 212 525 753 4767 12208
internal_value=0 1.11362e-08 1.63956e-08 2.00288e-08 2.76909e-08 3.08045e-08 3.37561e-08 3.47998e-08 0
internal_weight=25580 8605 8145 7995 6372 6160 5635 5520 16975
internal_count=25580 8605 8145 7995 6372 6160 5635 5520 16975
is_linear=0
shrinkage=0.000132856


Tree=78
num_leaves=10
num_cat=0
split_feature=12 1 15 4 4 7 13 6 6
split_gain=6.04436e-05 6.35908e-05 5.76652e-05 9.51323e-05 5.43661e-05 3.26263e-05 1.49585e-05 8.2339e-06 5.88529e-06
threshold=0.0087969144048884156 97492.320000000022 1044.7216027545694 1933.2719200000004 25386.842665000004 0.055181227317568922 0.0028393967735204761 -0.019827680648273501 -0.002078610438985717
decision_type=2 2 2 2 2 2 2 2 2
left_child=8 2 3 -2 5 6 -5 -8 -1
right_child=1 -3 -4 4 -6 -7 7 -9 -10
leaf_value=0 0 0 0 0 0 0 0 3.7846485837767154e-08 -2.9167860400527906e-09
leaf_weight=4767 1623 460 150 115 212 525 753 4767 12208
leaf_count=4767 1623 460 150 115 212 525 753 4767 12208
internal_value=0 1.11334e-08 1.63927e-08 2.00258e-08 2.76871e-08 3.08006e-08 3.37518e-08 3.47954e-08 0
internal_weight=25580 8605 8145 7995 6372 6160 5635 5520 16975
internal_count=25580 8605 8145 7995 6372 6160 5635 5520 16975
is_linear=0
shrinkage=0.000132856


Tree=79
num_leaves=10
num_cat=0
split_feature=12 1 15 4 4 7 13 6 6
split_gain=6.04134e-05 6.35765e-05 5.76553e-05 9.51115e-05 5.43576e-05 3.26183e-05 1.49556e-05 8.22562e-06 5.88373e-06
threshold=0.0087969144048884156 97492.320000000022 1044.7216027545694 1933.2719200000004 25386.842665000004 0.055181227317568922 0.0028393967735204761 -0.019827680648273501 -0.002078610438985717
decision_type=2 2 2 2 2 2 2 2 2
left_child=8 2 3 -2 5 6 -5 -8 -1
right_child=1 -3 -4 4 -6 -7 7 -9 -10
leaf_value=0 0 0 0 0 0 0 0 3.7841461360493059e-08 -2.9163986313018804e-09
leaf_weight=4767 1623 460 150 115 212 525 753 4767 12208
leaf_count=4767 1623 460 150 115 212 525 753 4767 12208
internal_value=0 1.11306e-08 1.63897e-08 2.00228e-08 2.76834e-08 3.07967e-08 3.37476e-08 3.47911e-08 0
internal_weight=25580 8605 8145 7995 6372 6160 5635 5520 16975
internal_count=25580 8605 8145 7995 6372 6160 5635 5520 16975
is_linear=0
shrinkage=0.000132856


Tree=80
num_leaves=7
num_cat=0
split_feature=5 4 13 2 5 5
split_gain=1.903e-05 3.12546e-05 5.27704e-05 6.25156e-05 8.34236e-07 1.03985e-06
threshold=-0.0025697584393127855 21995.201495000005 0.004620885413703966 26381.540000000005 0.0060817964016657297 -0.00085834427761344301
decision_type=2 2 2 2 2 2
left_child=1 2 -1 -4 5 -2
right_child=4 -3 3 -5 -6 -7
leaf_value=0 0 0 0 2.9129421368828742e-08 0 -1.5823604479221794e-09
leaf_weight=1901 4032 131 520 3442 2475 13209
leaf_count=1901 4032 131 520 3442 2475 13209
internal_value=0 7.48454e-09 1.23015e-08 2.1421e-08 0 -9.24096e-10
internal_weight=25710 5994 5863 3962 19716 17241
internal_count=25710 5994 5863 3962 19716 17241
is_linear=0
shrinkage=0.000132856


Tree=81
num_leaves=7
num_cat=0
split_feature=5 4 13 2 5 5
split_gain=1.90187e-05 3.12473e-05 5.27566e-05 6.2504e-05 8.33946e-07 1.03964e-06
threshold=-0.0025697584393127855 21995.201495000005 0.004620885413703966 26381.540000000005 0.0060817964016657297 -0.00085834427761344301
decision_type=2 2 2 2 2 2
left_child=1 2 -1 -4 5 -2
right_child=4 -3 3 -5 -6 -7
leaf_value=0 0 0 0 2.9125552438700679e-08 0 -1.5821505767900537e-09
leaf_weight=1901 4032 131 520 3442 2475 13209
leaf_count=1901 4032 131 520 3442 2475 13209
internal_value=0 7.48231e-09 1.22993e-08 2.14177e-08 0 -9.23936e-10
internal_weight=25710 5994 5863 3962 19716 17241
internal_count=25710 5994 5863 3962 19716 17241
is_linear=0
shrinkage=0.000132856


Tree=82
num_leaves=7
num_cat=0
split_feature=5 4 13 2 5 5
split_gain=1.90075e-05 3.124e-05 5.27428e-05 6.24923e-05 8.33654e-07 1.03943e-06
threshold=-0.0025697584393127855 21995.201495000005 0.004620885413703966 26381.540000000005 0.0060817964016657297 -0.00085834427761344301
decision_type=2 2 2 2 2 2
left_child=1 2 -1 -4 5 -2
right_child=4 -3 3 -5 -6 -7
leaf_value=0 0 0 0 2.9121685760898848e-08 0 -1.5819396187211107e-09
leaf_weight=1901 4032 131 520 3442 2475 13209
leaf_count=1901 4032 131 520 3442 2475 13209
internal_value=0 7.48009e-09 1.2297e-08 2.14143e-08 0 -9.23774e-10
internal_weight=25710 5994 5863 3962 19716 17241
internal_count=25710 5994 5863 3962 19716 17241
is_linear=0
shrinkage=0.000132856


Tree=83
num_leaves=7
num_cat=0
split_feature=5 4 13 2 5 5
split_gain=1.89962e-05 3.12328e-05 5.27291e-05 6.24807e-05 8.33366e-07 1.03923e-06
threshold=-0.0025697584393127855 21995.201495000005 0.004620885413703966 26381.540000000005 0.0060817964016657297 -0.00085834427761344301
decision_type=2 2 2 2 2 2
left_child=1 2 -1 -4 5 -2
right_child=4 -3 3 -5 -6 -7
leaf_value=0 0 0 0 2.9117819083675892e-08 0 -1.5817315697437445e-09
leaf_weight=1901 4032 131 520 3442 2475 13209
leaf_count=1901 4032 131 520 3442 2475 13209
internal_value=0 7.47787e-09 1.22947e-08 2.1411e-08 0 -9.23615e-10
internal_weight=25710 5994 5863 3962 19716 17241
internal_count=25710 5994 5863 3962 19716 17241
is_linear=0
shrinkage=0.000132856


Tree=84
num_leaves=7
num_cat=0
split_feature=5 4 13 2 5 5
split_gain=1.89849e-05 3.12255e-05 5.27153e-05 6.24691e-05 8.33073e-07 1.03902e-06
threshold=-0.0025697584393127855 21995.201495000005 0.004620885413703966 26381.540000000005 0.0060817964016657297 -0.00085834427761344301
decision_type=2 2 2 2 2 2
left_child=1 2 -1 -4 5 -2
right_child=4 -3 3 -5 -6 -7
leaf_value=0 0 0 0 2.9113953152690914e-08 0 -1.581519697003822e-09
leaf_weight=1901 4032 131 520 3442 2475 13209
leaf_count=1901 4032 131 520 3442 2475 13209
internal_value=0 7.47565e-09 1.22925e-08 2.14076e-08 0 -9.23452e-10
internal_weight=25710 5994 5863 3962 19716 17241
internal_count=25710 5994 5863 3962 19716 17241
is_linear=0
shrinkage=0.000132856


Tree=85
num_leaves=7
num_cat=0
split_feature=5 4 13 2 5 5
split_gain=1.89736e-05 3.12182e-05 5.27016e-05 6.24574e-05 8.32783e-07 1.03881e-06
threshold=-0.0025697584393127855 21995.201495000005 0.004620885413703966 26381.540000000005 0.0060817964016657297 -0.00085834427761344301
decision_type=2 2 2 2 2 2
left_child=1 2 -1 -4 5 -2
right_child=4 -3 3 -5 -6 -7
leaf_value=0 0 0 0 2.9110088051442014e-08 0 -1.5813097910132376e-09
leaf_weight=1901 4032 131 520 3442 2475 13209
leaf_count=1901 4032 131 520 3442 2475 13209
internal_value=0 7.47343e-09 1.22902e-08 2.14043e-08 0 -9.23291e-10
internal_weight=25710 5994 5863 3962 19716 17241
internal_count=25710 5994 5863 3962 19716 17241
is_linear=0
shrinkage=0.000132856


Tree=86
num_leaves=7
num_cat=0
split_feature=5 4 13 2 5 5
split_gain=1.89623e-05 3.1211e-05 5.26878e-05 6.24458e-05 8.32495e-07 1.03861e-06
threshold=-0.0025697584393127855 21995.201495000005 0.004620885413703966 26381.540000000005 0.0060817964016657297 -0.00085834427761344301
decision_type=2 2 2 2 2 2
left_child=1 2 -1 -4 5 -2
right_child=4 -3 3 -5 -6 -7
leaf_value=0 0 0 0 2.9106222590396986e-08 0 -1.5811013672285547e-09
leaf_weight=1901 4032 131 520 3442 2475 13209
leaf_count=1901 4032 131 520 3442 2475 13209
internal_value=0 7.47121e-09 1.22879e-08 2.14009e-08 0 -9.23132e-10
internal_weight=25710 5994 5863 3962 19716 17241
internal_count=25710 5994 5863 3962 19716 17241
is_linear=0
shrinkage=0.000132856


Tree=87
num_leaves=7
num_cat=0
split_feature=5 4 13 2 5 5
split_gain=1.89511e-05 3.12037e-05 5.26741e-05 6.24342e-05 8.32202e-07 1.0384e-06
threshold=-0.0025697584393127855 21995.201495000005 0.004620885413703966 26381.540000000005 0.0060817964016657297 -0.00085834427761344301
decision_type=2 2 2 2 2 2
left_child=1 2 -1 -4 5 -2
right_child=4 -3 3 -5 -6 -7
leaf_value=0 0 0 0 2.9102359162443046e-08 0 -1.580889339365061e-09
leaf_weight=1901 4032 131 520 3442 2475 13209
leaf_count=1901 4032 131 520 3442 2475 13209
internal_value=0 7.46899e-09 1.22856e-08 2.13975e-08 0 -9.22969e-10
internal_weight=25710 5994 5863 3962 19716 17241
internal_count=25710 5994 5863 3962 19716 17241
is_linear=0
shrinkage=0.000132856


Tree=88
num_leaves=3
num_cat=0
split_feature=5 5
split_gain=1.33962e-05 3.66945e-05
threshold=-0.0023375999585267255 0.0060817964016657297
decision_type=2 2
left_child=-1 -2
right_child=1 -3
leaf_value=4.7812197932705041e-09 -6.644080733402008e-09 0
leaf_weight=6373 16725 2490
leaf_count=6373 16725 2490
internal_value=0 -2.17269e-09
internal_weight=25588 19215
internal_count=25588 19215
is_linear=0
shrinkage=0.000132856


Tree=89
num_leaves=3
num_cat=0
split_feature=5 5
split_gain=1.33904e-05 3.6687e-05
threshold=-0.0023375999585267255 0.0060817964016657297
decision_type=2 2
left_child=-1 -2
right_child=1 -3
leaf_value=4.7805857105665815e-09 -6.6431985859851574e-09 0
leaf_weight=6373 16725 2490
leaf_count=6373 16725 2490
internal_value=0 -2.17192e-09
internal_weight=25588 19215
internal_count=25588 19215
is_linear=0
shrinkage=0.000132856


Tree=90
num_leaves=3
num_cat=0
split_feature=5 5
split_gain=1.33845e-05 3.66795e-05
threshold=-0.0023375999585267255 0.0060817964016657297
decision_type=2 2
left_child=-1 -2
right_child=1 -3
leaf_value=4.7799503616313228e-09 -6.6423148619025528e-09 0
leaf_weight=6373 16725 2490
leaf_count=6373 16725 2490
internal_value=0 -2.17115e-09
internal_weight=25588 19215
internal_count=25588 19215
is_linear=0
shrinkage=0.000132856


Tree=91
num_leaves=3
num_cat=0
split_feature=5 5
split_gain=1.33787e-05 3.66721e-05
threshold=-0.0023375999585267255 0.0060817964016657297
decision_type=2 2
left_child=-1 -2
right_child=1 -3
leaf_value=4.7793160116488561e-09 -6.6414327838429917e-09 0
leaf_weight=6373 16725 2490
leaf_count=6373 16725 2490
internal_value=0 -2.17038e-09
internal_weight=25588 19215
internal_count=25588 19215
is_linear=0
shrinkage=0.000132856


Tree=92
num_leaves=3
num_cat=0
split_feature=5 5
split_gain=1.33729e-05 3.66646e-05
threshold=-0.0023375999585267255 0.0060817964016657297
decision_type=2 2
left_child=-1 -2
right_child=1 -3
leaf_value=4.7786819261540213e-09 -6.6405515627734643e-09 0
leaf_weight=6373 16725 2490
leaf_count=6373 16725 2490
internal_value=0 -2.16962e-09
internal_weight=25588 19215
internal_count=25588 19215
is_linear=0
shrinkage=0.000132856


Tree=93
num_leaves=3
num_cat=0
split_feature=5 5
split_gain=1.33671e-05 3.66571e-05
threshold=-0.0023375999585267255 0.0060817964016657297
decision_type=2 2
left_child=-1 -2
right_child=1 -3
leaf_value=4.7780468650382427e-09 -6.6396694620619766e-09 0
leaf_weight=6373 16725 2490
leaf_count=6373 16725 2490
internal_value=0 -2.16885e-09
internal_weight=25588 19215
internal_count=25588 19215
is_linear=0
shrinkage=0.000132856


Tree=94
num_leaves=3
num_cat=0
split_feature=5 5
split_gain=1.33613e-05 3.66496e-05
threshold=-0.0023375999585267255 0.0060817964016657297
decision_type=2 2
left_child=-1 -2
right_child=1 -3
leaf_value=4.7774127095289085e-09 -6.6387871318244703e-09 0
leaf_weight=6373 16725 2490
leaf_count=6373 16725 2490
internal_value=0 -2.16808e-09
internal_weight=25588 19215
internal_count=25588 19215
is_linear=0
shrinkage=0.000132856


Tree=95
num_leaves=3
num_cat=0
split_feature=5 5
split_gain=1.33555e-05 3.66422e-05
threshold=-0.0023375999585267255 0.0060817964016657297
decision_type=2 2
left_child=-1 -2
right_child=1 -3
leaf_value=4.776776816180702e-09 -6.6379054640574573e-09 0
leaf_weight=6373 16725 2490
leaf_count=6373 16725 2490
internal_value=0 -2.16731e-09
internal_weight=25588 19215
internal_count=25588 19215
is_linear=0
shrinkage=0.000132856


Tree=96
num_leaves=8
num_cat=0
split_feature=5 5 2 4 4 2 2
split_gain=5.97452e-06 8.02868e-05 6.24361e-05 8.60514e-05 1.81294e-05 4.27925e-07 6.02019e-06
threshold=-0.0025697584393127855 0.0060817964016657297 20390.525000000005 648.19859000000008 10422.870945000001 24900.190000000006 110564.38000000002
decision_type=2 2 2 2 2 2 2
left_child=5 2 -2 -4 -5 -1 -7
right_child=1 -3 3 4 -6 6 -8
leaf_value=0 0 0 0 -2.0403090141945841e-08 0 4.8376965207818302e-09 0
leaf_weight=876 1558 2500 4447 10720 372 4861 180
leaf_count=876 1558 2500 4447 10720 372 4861 180
internal_value=0 -2.31961e-09 -9.43631e-09 -1.29954e-08 -1.93257e-08 0 1.22381e-09
internal_weight=25514 19597 17097 15539 11092 5917 5041
internal_count=25514 19597 17097 15539 11092 5917 5041
is_linear=0
shrinkage=0.000132856


Tree=97
num_leaves=8
num_cat=0
split_feature=5 5 2 4 4 2 2
split_gain=5.96689e-06 8.02634e-05 6.24243e-05 8.60306e-05 1.81258e-05 4.27491e-07 6.0189e-06
threshold=-0.0025697584393127855 0.0060817964016657297 20390.525000000005 648.19859000000008 10422.870945000001 24900.190000000006 110564.38000000002
decision_type=2 2 2 2 2 2 2
left_child=5 2 -2 -4 -5 -1 -7
right_child=1 -3 3 4 -6 6 -8
leaf_value=0 0 0 0 -2.0400380711777442e-08 0 4.8370528306890104e-09 0
leaf_weight=876 1558 2500 4447 10720 372 4861 180
leaf_count=876 1558 2500 4447 10720 372 4861 180
internal_value=0 -2.31812e-09 -9.43461e-09 -1.29936e-08 -1.93231e-08 0 1.22319e-09
internal_weight=25514 19597 17097 15539 11092 5917 5041
internal_count=25514 19597 17097 15539 11092 5917 5041
is_linear=0
shrinkage=0.000132856


Tree=98
num_leaves=8
num_cat=0
split_feature=5 5 2 4 4 2 2
split_gain=5.95926e-06 8.024e-05 6.24126e-05 8.60098e-05 1.81223e-05 4.27058e-07 6.01762e-06
threshold=-0.0025697584393127855 0.0060817964016657297 20390.525000000005 648.19859000000008 10422.870945000001 24900.190000000006 110564.38000000002
decision_type=2 2 2 2 2 2 2
left_child=5 2 -2 -4 -5 -1 -7
right_child=1 -3 3 4 -6 6 -8
leaf_value=0 0 0 0 -2.0397670818412709e-08 0 4.836410661060737e-09 0
leaf_weight=876 1558 2500 4447 10720 372 4861 180
leaf_count=876 1558 2500 4447 10720 372 4861 180
internal_value=0 -2.31664e-09 -9.43291e-09 -1.29917e-08 -1.93205e-08 0 1.22257e-09
internal_weight=25514 19597 17097 15539 11092 5917 5041
internal_count=25514 19597 17097 15539 11092 5917 5041
is_linear=0
shrinkage=0.000132856


Tree=99
num_leaves=8
num_cat=0
split_feature=5 5 2 4 4 2 2
split_gain=5.95164e-06 8.02166e-05 6.24009e-05 8.59889e-05 1.81188e-05 4.26625e-07 6.01634e-06
threshold=-0.0025697584393127855 0.0060817964016657297 20390.525000000005 648.19859000000008 10422.870945000001 24900.190000000006 110564.38000000002
decision_type=2 2 2 2 2 2 2
left_child=5 2 -2 -4 -5 -1 -7
right_child=1 -3 3 4 -6 6 -8
leaf_value=0 0 0 0 -2.0394961485845478e-08 0 4.8357674674367553e-09 0
leaf_weight=876 1558 2500 4447 10720 372 4861 180
leaf_count=876 1558 2500 4447 10720 372 4861 180
internal_value=0 -2.31516e-09 -9.43121e-09 -1.29898e-08 -1.93179e-08 0 1.22195e-09
internal_weight=25514 19597 17097 15539 11092 5917 5041
internal_count=25514 19597 17097 15539 11092 5917 5041
is_linear=0
shrinkage=0.000132856


Tree=100
num_leaves=8
num_cat=0
split_feature=5 5 2 4 4 2 2
split_gain=5.94402e-06 8.01931e-05 6.23892e-05 8.59681e-05 1.81152e-05 4.26193e-07 6.01507e-06
threshold=-0.0025697584393127855 0.0060817964016657297 20390.525000000005 648.19859000000008 10422.870945000001 24900.190000000006 110564.38000000002
decision_type=2 2 2 2 2 2 2
left_child=5 2 -2 -4 -5 -1 -7
right_child=1 -3 3 4 -6 6 -8
leaf_value=0 0 0 0 -2.0392252859850643e-08 0 4.8351259453932777e-09 0
leaf_weight=876 1558 2500 4447 10720 372 4861 180
leaf_count=876 1558 2500 4447 10720 372 4861 180
internal_value=0 -2.31368e-09 -9.42951e-09 -1.2988e-08 -1.93153e-08 0 1.22133e-09
internal_weight=25514 19597 17097 15539 11092 5917 5041
internal_count=25514 19597 17097 15539 11092 5917 5041
is_linear=0
shrinkage=0.000132856


Tree=101
num_leaves=8
num_cat=0
split_feature=5 5 2 4 4 2 2
split_gain=5.93641e-06 8.01697e-05 6.23775e-05 8.59473e-05 1.81117e-05 4.25761e-07 6.01379e-06
threshold=-0.0025697584393127855 0.0060817964016657297 20390.525000000005 648.19859000000008 10422.870945000001 24900.190000000006 110564.38000000002
decision_type=2 2 2 2 2 2 2
left_child=5 2 -2 -4 -5 -1 -7
right_child=1 -3 3 4 -6 6 -8
leaf_value=0 0 0 0 -2.0389544010545556e-08 0 4.8344843937452839e-09 0
leaf_weight=876 1558 2500 4447 10720 372 4861 180
leaf_count=876 1558 2500 4447 10720 372 4861 180
internal_value=0 -2.31219e-09 -9.42781e-09 -1.29861e-08 -1.93126e-08 0 1.22071e-09
internal_weight=25514 19597 17097 15539 11092 5917 5041
internal_count=25514 19597 17097 15539 11092 5917 5041
is_linear=0
shrinkage=0.000132856


Tree=102
num_leaves=8
num_cat=0
split_feature=5 5 2 4 4 2 2
split_gain=5.9288e-06 8.01463e-05 6.23658e-05 8.59265e-05 1.81081e-05 4.25328e-07 6.01251e-06
threshold=-0.0025697584393127855 0.0060817964016657297 20390.525000000005 648.19859000000008 10422.870945000001 24900.190000000006 110564.38000000002
decision_type=2 2 2 2 2 2 2
left_child=5 2 -2 -4 -5 -1 -7
right_child=1 -3 3 4 -6 6 -8
leaf_value=0 0 0 0 -2.0386835751765857e-08 0 4.8338404223785113e-09 0
leaf_weight=876 1558 2500 4447 10720 372 4861 180
leaf_count=876 1558 2500 4447 10720 372 4861 180
internal_value=0 -2.31071e-09 -9.42611e-09 -1.29842e-08 -1.931e-08 0 1.22009e-09
internal_weight=25514 19597 17097 15539 11092 5917 5041
internal_count=25514 19597 17097 15539 11092 5917 5041
is_linear=0
shrinkage=0.000132856


Tree=103
num_leaves=8
num_cat=0
split_feature=5 5 2 4 4 2 2
split_gain=5.9212e-06 8.01229e-05 6.23541e-05 8.59057e-05 1.81046e-05 4.24898e-07 6.01123e-06
threshold=-0.0025697584393127855 0.0060817964016657297 20390.525000000005 648.19859000000008 10422.870945000001 24900.190000000006 110564.38000000002
decision_type=2 2 2 2 2 2 2
left_child=5 2 -2 -4 -5 -1 -7
right_child=1 -3 3 4 -6 6 -8
leaf_value=0 0 0 0 -2.0384126421584206e-08 0 4.8332006734256057e-09 0
leaf_weight=876 1558 2500 4447 10720 372 4861 180
leaf_count=876 1558 2500 4447 10720 372 4861 180
internal_value=0 -2.30923e-09 -9.42441e-09 -1.29824e-08 -1.93074e-08 0 1.21947e-09
internal_weight=25514 19597 17097 15539 11092 5917 5041
internal_count=25514 19597 17097 15539 11092 5917 5041
is_linear=0
shrinkage=0.000132856


Tree=104
num_leaves=9
num_cat=0
split_feature=5 13 5 6 4 4 12 13
split_gain=8.32943e-05 7.23289e-05 6.10035e-05 4.53912e-05 6.79564e-05 5.37801e-05 6.53901e-05 1.85528e-05
threshold=-0.0025697584393127855 0.0052206195458581938 0.0060817964016657297 0.017240024818897085 648.19859000000008 10422.870945000001 0.0033171559946192975 0.0020459316848726208
decision_type=2 2 2 2 2 2 2 2
left_child=1 -1 3 4 -2 6 -6 -8
right_child=2 -3 -4 -5 5 -7 7 -9
leaf_value=0 0 2.8177201246742335e-08 0 0 0 0 0 -2.44863529845018e-08
leaf_weight=2578 4442 3431 2514 428 1826 717 426 9220
leaf_count=2578 4442 3431 2514 428 1826 717 426 9220
internal_value=0 1.55264e-08 -1.03817e-09 -8.02173e-09 -1.06851e-08 -1.59424e-08 -1.87823e-08 -2.322e-08
internal_weight=25582 6009 19573 17059 16631 12189 11472 9646
internal_count=25582 6009 19573 17059 16631 12189 11472 9646
is_linear=0
shrinkage=0.000132856


Tree=105
num_leaves=9
num_cat=0
split_feature=5 13 5 6 4 4 12 13
split_gain=8.32682e-05 7.23105e-05 6.09798e-05 4.53821e-05 6.79385e-05 5.37705e-05 6.5375e-05 1.85485e-05
threshold=-0.0025697584393127855 0.0052206195458581938 0.0060817964016657297 0.017240024818897085 648.19859000000008 10422.870945000001 0.0033171559946192975 0.0020459316848726208
decision_type=2 2 2 2 2 2 2 2
left_child=1 -1 3 4 -2 6 -6 -8
right_child=2 -3 -4 -5 5 -7 7 -9
leaf_value=0 0 2.8173461527235315e-08 0 0 0 0 0 -2.4483101058834403e-08
leaf_weight=2578 4442 3431 2514 428 1826 717 426 9220
leaf_count=2578 4442 3431 2514 428 1826 717 426 9220
internal_value=0 1.55243e-08 -1.03664e-09 -8.01997e-09 -1.06833e-08 -1.594e-08 -1.87797e-08 -2.32169e-08
internal_weight=25582 6009 19573 17059 16631 12189 11472 9646
internal_count=25582 6009 19573 17059 16631 12189 11472 9646
is_linear=0
shrinkage=0.000132856


Tree=106
num_leaves=9
num_cat=0
split_feature=5 13 5 6 4 4 12 13
split_gain=8.32421e-05 7.22921e-05 6.09561e-05 4.53731e-05 6.79206e-05 5.37608e-05 6.536e-05 1.85442e-05
threshold=-0.0025697584393127855 0.0052206195458581938 0.0060817964016657297 0.017240024818897085 648.19859000000008 10422.870945000001 0.0033171559946192975 0.0020459316848726208
decision_type=2 2 2 2 2 2 2 2
left_child=1 -1 3 4 -2 6 -6 -8
right_child=2 -3 -4 -5 5 -7 7 -9
leaf_value=0 0 2.8169720018390502e-08 0 0 0 0 0 -2.4479848400150232e-08
leaf_weight=2578 4442 3431 2514 428 1826 717 426 9220
leaf_count=2578 4442 3431 2514 428 1826 717 426 9220
internal_value=0 1.55221e-08 -1.03511e-09 -8.01822e-09 -1.06815e-08 -1.59375e-08 -1.8777e-08 -2.32137e-08
internal_weight=25582 6009 19573 17059 16631 12189 11472 9646
internal_count=25582 6009 19573 17059 16631 12189 11472 9646
is_linear=0
shrinkage=0.000132856


Tree=107
num_leaves=9
num_cat=0
split_feature=5 13 5 6 4 4 12 13
split_gain=8.3216e-05 7.22737e-05 6.09324e-05 4.5364e-05 6.79028e-05 5.37512e-05 6.53449e-05 1.85399e-05
threshold=-0.0025697584393127855 0.0052206195458581938 0.0060817964016657297 0.017240024818897085 648.19859000000008 10422.870945000001 0.0033171559946192975 0.0020459316848726208
decision_type=2 2 2 2 2 2 2 2
left_child=1 -1 3 4 -2 6 -6 -8
right_child=2 -3 -4 -5 5 -7 7 -9
leaf_value=0 0 2.8165980317194015e-08 0 0 0 0 0 -2.4476597611259614e-08
leaf_weight=2578 4442 3431 2514 428 1826 717 426 9220
leaf_count=2578 4442 3431 2514 428 1826 717 426 9220
internal_value=0 1.552e-08 -1.03357e-09 -8.01646e-09 -1.06797e-08 -1.59351e-08 -1.87744e-08 -2.32106e-08
internal_weight=25582 6009 19573 17059 16631 12189 11472 9646
internal_count=25582 6009 19573 17059 16631 12189 11472 9646
is_linear=0
shrinkage=0.000132856


Tree=108
num_leaves=9
num_cat=0
split_feature=5 13 5 6 4 4 12 13
split_gain=8.31899e-05 7.22553e-05 6.09086e-05 4.5355e-05 6.78849e-05 5.37415e-05 6.53298e-05 1.85356e-05
threshold=-0.0025697584393127855 0.0052206195458581938 0.0060817964016657297 0.017240024818897085 648.19859000000008 10422.870945000001 0.0033171559946192975 0.0020459316848726208
decision_type=2 2 2 2 2 2 2 2
left_child=1 -1 3 4 -2 6 -6 -8
right_child=2 -3 -4 -5 5 -7 7 -9
leaf_value=0 0 2.8162238783888227e-08 0 0 0 0 0 -2.4473345507728619e-08
leaf_weight=2578 4442 3431 2514 428 1826 717 426 9220
leaf_count=2578 4442 3431 2514 428 1826 717 426 9220
internal_value=0 1.55179e-08 -1.03204e-09 -8.0147e-09 -1.06779e-08 -1.59326e-08 -1.87718e-08 -2.32075e-08
internal_weight=25582 6009 19573 17059 16631 12189 11472 9646
internal_count=25582 6009 19573 17059 16631 12189 11472 9646
is_linear=0
shrinkage=0.000132856


Tree=109
num_leaves=9
num_cat=0
split_feature=5 13 5 6 4 4 12 13
split_gain=8.31638e-05 7.22369e-05 6.08849e-05 4.5346e-05 6.78671e-05 5.37319e-05 6.53148e-05 1.85313e-05
threshold=-0.0025697584393127855 0.0052206195458581938 0.0060817964016657297 0.017240024818897085 648.19859000000008 10422.870945000001 0.0033171559946192975 0.0020459316848726208
decision_type=2 2 2 2 2 2 2 2
left_child=1 -1 3 4 -2 6 -6 -8
right_child=2 -3 -4 -5 5 -7 7 -9
leaf_value=0 0 2.8158498733040606e-08 0 0 0 0 0 -2.4470095572843519e-08
leaf_weight=2578 4442 3431 2514 428 1826 717 426 9220
leaf_count=2578 4442 3431 2514 428 1826 717 426 9220
internal_value=0 1.55157e-08 -1.03051e-09 -8.01294e-09 -1.06761e-08 -1.59301e-08 -1.87692e-08 -2.32044e-08
internal_weight=25582 6009 19573 17059 16631 12189 11472 9646
internal_count=25582 6009 19573 17059 16631 12189 11472 9646
is_linear=0
shrinkage=0.000132856


Tree=110
num_leaves=9
num_cat=0
split_feature=5 13 5 6 4 4 12 13
split_gain=8.31378e-05 7.22185e-05 6.08612e-05 4.53369e-05 6.78492e-05 5.37222e-05 6.52997e-05 1.8527e-05
threshold=-0.0025697584393127855 0.0052206195458581938 0.0060817964016657297 0.017240024818897085 648.19859000000008 10422.870945000001 0.0033171559946192975 0.0020459316848726208
decision_type=2 2 2 2 2 2 2 2
left_child=1 -1 3 4 -2 6 -6 -8
right_child=2 -3 -4 -5 5 -7 7 -9
leaf_value=0 0 2.8154760938251433e-08 0 0 0 0 0 -2.4466845413045916e-08
leaf_weight=2578 4442 3431 2514 428 1826 717 426 9220
leaf_count=2578 4442 3431 2514 428 1826 717 426 9220
internal_value=0 1.55136e-08 -1.02898e-09 -8.01119e-09 -1.06743e-08 -1.59277e-08 -1.87666e-08 -2.32013e-08
internal_weight=25582 6009 19573 17059 16631 12189 11472 9646
internal_count=25582 6009 19573 17059 16631 12189 11472 9646
is_linear=0
shrinkage=0.000132856


Tree=111
num_leaves=9
num_cat=0
split_feature=5 13 5 6 4 4 12 13
split_gain=8.31117e-05 7.22002e-05 6.08375e-05 4.53279e-05 6.78314e-05 5.37126e-05 6.52846e-05 1.85227e-05
threshold=-0.0025697584393127855 0.0052206195458581938 0.0060817964016657297 0.017240024818897085 648.19859000000008 10422.870945000001 0.0033171559946192975 0.0020459316848726208
decision_type=2 2 2 2 2 2 2 2
left_child=1 -1 3 4 -2 6 -6 -8
right_child=2 -3 -4 -5 5 -7 7 -9
leaf_value=0 0 2.8151024232433119e-08 0 0 0 0 0 -2.446359509051711e-08
leaf_weight=2578 4442 3431 2514 428 1826 717 426 9220
leaf_count=2578 4442 3431 2514 428 1826 717 426 9220
internal_value=0 1.55115e-08 -1.02745e-09 -8.00943e-09 -1.06725e-08 -1.59252e-08 -1.8764e-08 -2.31982e-08
internal_weight=25582 6009 19573 17059 16631 12189 11472 9646
internal_count=25582 6009 19573 17059 16631 12189 11472 9646
is_linear=0
shrinkage=0.000132856


Tree=112
num_leaves=13
num_cat=0
split_feature=6 12 4 5 5 13 7 13 12 6 0 15
split_gain=7.23294e-05 6.49723e-05 9.39443e-05 9.37684e-05 7.50268e-05 6.33244e-05 5.77677e-05 5.08347e-05 2.48462e-05 1.91915e-05 7.53221e-06 1.73945e-06
threshold=-0.002078610438985717 0.015117989945162639 771.82902000000013 0.0060817964016657297 -0.0025052966770633951 0.0025620838052997572 -0.044552912974213758 0.004620885413703966 0.0028494289711873222 0.022911189001646463 104402.20500000002 -582.21701195191406
decision_type=2 2 2 2 2 2 2 2 2 2 2 2
left_child=7 2 -2 4 -4 -6 -7 -1 -8 11 -9 -10
right_child=1 -3 3 -5 5 6 8 10 9 -11 -12 -13
leaf_value=0 0 0 0 0 0 0 0 1.5689638287868168e-08 0 0 0 -4.1045090902063153e-08
leaf_weight=3548 4765 1595 1444 1092 1226 225 347 5226 106 140 150 5785
leaf_count=3548 4765 1595 1444 1092 1226 225 347 5226 106 140 150 5785
internal_value=0 -7.80849e-09 -1.1966e-08 -1.92079e-08 -2.43068e-08 -2.94766e-08 -3.46318e-08 5.36339e-09 -3.74363e-08 -3.94306e-08 1.46485e-08 -4.06102e-08
internal_weight=25649 16725 15130 10365 9273 7829 6603 8924 6378 6031 5376 5891
internal_count=25649 16725 15130 10365 9273 7829 6603 8924 6378 6031 5376 5891
is_linear=0
shrinkage=0.000132856


Tree=113
num_leaves=13
num_cat=0
split_feature=6 12 4 5 5 13 7 13 12 6 0 15
split_gain=7.22949e-05 6.49574e-05 9.39185e-05 9.37502e-05 7.50084e-05 6.33059e-05 5.77577e-05 5.08232e-05 2.48391e-05 1.91872e-05 7.53092e-06 1.73789e-06
threshold=-0.002078610438985717 0.015117989945162639 771.82902000000013 0.0060817964016657297 -0.0025052966770633951 0.0025620838052997572 -0.044552912974213758 0.004620885413703966 0.0028494289711873222 0.022911189001646463 104402.20500000002 -582.21701195191406
decision_type=2 2 2 2 2 2 2 2 2 2 2 2
left_child=7 2 -2 4 -4 -6 -7 -1 -8 11 -9 -10
right_child=1 -3 3 -5 5 6 8 10 9 -11 -12 -13
leaf_value=0 0 0 0 0 0 0 0 1.5687555705433147e-08 0 0 0 -4.1039641206731199e-08
leaf_weight=3548 4765 1595 1444 1092 1226 225 347 5226 106 140 150 5785
leaf_count=3548 4765 1595 1444 1092 1226 225 347 5226 106 140 150 5785
internal_value=0 -7.80661e-09 -1.19639e-08 -1.92048e-08 -2.43034e-08 -2.94726e-08 -3.4627e-08 5.36217e-09 -3.74313e-08 -3.94253e-08 1.46465e-08 -4.06048e-08
internal_weight=25649 16725 15130 10365 9273 7829 6603 8924 6378 6031 5376 5891
internal_count=25649 16725 15130 10365 9273 7829 6603 8924 6378 6031 5376 5891
is_linear=0
shrinkage=0.000132856


Tree=114
num_leaves=13
num_cat=0
split_feature=6 12 4 5 5 13 7 13 12 6 0 15
split_gain=7.22604e-05 6.49425e-05 9.38926e-05 9.3732e-05 7.49899e-05 6.32875e-05 5.77477e-05 5.08117e-05 2.4832e-05 1.9183e-05 7.52964e-06 1.73634e-06
threshold=-0.002078610438985717 0.015117989945162639 771.82902000000013 0.0060817964016657297 -0.0025052966770633951 0.0025620838052997572 -0.044552912974213758 0.004620885413703966 0.0028494289711873222 0.022911189001646463 104402.20500000002 -582.21701195191406
decision_type=2 2 2 2 2 2 2 2 2 2 2 2
left_child=7 2 -2 4 -4 -6 -7 -1 -8 11 -9 -10
right_child=1 -3 3 -5 5 6 8 10 9 -11 -12 -13
leaf_value=0 0 0 0 0 0 0 0 1.5685470900964563e-08 0 0 0 -4.1034190865867436e-08
leaf_weight=3548 4765 1595 1444 1092 1226 225 347 5226 106 140 150 5785
leaf_count=3548 4765 1595 1444 1092 1226 225 347 5226 106 140 150 5785
internal_value=0 -7.80472e-09 -1.19618e-08 -1.92018e-08 -2.43e-08 -2.94685e-08 -3.46223e-08 5.36094e-09 -3.74264e-08 -3.94201e-08 1.46445e-08 -4.05995e-08
internal_weight=25649 16725 15130 10365 9273 7829 6603 8924 6378 6031 5376 5891
internal_count=25649 16725 15130 10365 9273 7829 6603 8924 6378 6031 5376 5891
is_linear=0
shrinkage=0.000132856


Tree=115
num_leaves=13
num_cat=0
split_feature=6 12 4 5 5 13 7 13 12 6 0 15
split_gain=7.22259e-05 6.49277e-05 9.38667e-05 9.37137e-05 7.49714e-05 6.32691e-05 5.77377e-05 5.08003e-05 2.48248e-05 1.91788e-05 7.52835e-06 1.73479e-06
threshold=-0.002078610438985717 0.015117989945162639 771.82902000000013 0.0060817964016657297 -0.0025052966770633951 0.0025620838052997572 -0.044552912974213758 0.004620885413703966 0.0028494289711873222 0.022911189001646463 104402.20500000002 -582.21701195191406
decision_type=2 2 2 2 2 2 2 2 2 2 2 2
left_child=7 2 -2 4 -4 -6 -7 -1 -8 11 -9 -10
right_child=1 -3 3 -5 5 6 8 10 9 -11 -12 -13
leaf_value=0 0 0 0 0 0 0 0 1.5683388581538785e-08 0 0 0 -4.1028740835996246e-08
leaf_weight=3548 4765 1595 1444 1092 1226 225 347 5226 106 140 150 5785
leaf_count=3548 4765 1595 1444 1092 1226 225 347 5226 106 140 150 5785
internal_value=0 -7.80283e-09 -1.19598e-08 -1.91988e-08 -2.42966e-08 -2.94645e-08 -3.46175e-08 5.35972e-09 -3.74214e-08 -3.94149e-08 1.46424e-08 -4.05941e-08
internal_weight=25649 16725 15130 10365 9273 7829 6603 8924 6378 6031 5376 5891
internal_count=25649 16725 15130 10365 9273 7829 6603 8924 6378 6031 5376 5891
is_linear=0
shrinkage=0.000132856


Tree=116
num_leaves=13
num_cat=0
split_feature=6 12 4 5 5 13 7 13 12 6 0 15
split_gain=7.21914e-05 6.49128e-05 9.38408e-05 9.36955e-05 7.49529e-05 6.32507e-05 5.77277e-05 5.07888e-05 2.48177e-05 1.91746e-05 7.52707e-06 1.73323e-06
threshold=-0.002078610438985717 0.015117989945162639 771.82902000000013 0.0060817964016657297 -0.0025052966770633951 0.0025620838052997572 -0.044552912974213758 0.004620885413703966 0.0028494289711873222 0.022911189001646463 104402.20500000002 -582.21701195191406
decision_type=2 2 2 2 2 2 2 2 2 2 2 2
left_child=7 2 -2 4 -4 -6 -7 -1 -8 11 -9 -10
right_child=1 -3 3 -5 5 6 8 10 9 -11 -12 -13
leaf_value=0 0 0 0 0 0 0 0 1.5681304965521578e-08 0 0 0 -4.1023291751066595e-08
leaf_weight=3548 4765 1595 1444 1092 1226 225 347 5226 106 140 150 5785
leaf_count=3548 4765 1595 1444 1092 1226 225 347 5226 106 140 150 5785
internal_value=0 -7.80095e-09 -1.19577e-08 -1.91957e-08 -2.42932e-08 -2.94605e-08 -3.46127e-08 5.3585e-09 -3.74165e-08 -3.94097e-08 1.46404e-08 -4.05888e-08
internal_weight=25649 16725 15130 10365 9273 7829 6603 8924 6378 6031 5376 5891
internal_count=25649 16725 15130 10365 9273 7829 6603 8924 6378 6031 5376 5891
is_linear=0
shrinkage=0.000132856


Tree=117
num_leaves=13
num_cat=0
split_feature=6 12 4 5 5 13 7 13 12 6 0 15
split_gain=7.21569e-05 6.4898e-05 9.3815e-05 9.36773e-05 7.49345e-05 6.32323e-05 5.77176e-05 5.07774e-05 2.48106e-05 1.91704e-05 7.52579e-06 1.73168e-06
threshold=-0.002078610438985717 0.015117989945162639 771.82902000000013 0.0060817964016657297 -0.0025052966770633951 0.0025620838052997572 -0.044552912974213758 0.004620885413703966 0.0028494289711873222 0.022911189001646463 104402.20500000002 -582.21701195191406
decision_type=2 2 2 2 2 2 2 2 2 2 2 2
left_child=7 2 -2 4 -4 -6 -7 -1 -8 11 -9 -10
right_child=1 -3 3 -5 5 6 8 10 9 -11 -12 -13
leaf_value=0 0 0 0 0 0 0 0 1.5679223777053721e-08 0 0 0 -4.1017842512662046e-08
leaf_weight=3548 4765 1595 1444 1092 1226 225 347 5226 106 140 150 5785
leaf_count=3548 4765 1595 1444 1092 1226 225 347 5226 106 140 150 5785
internal_value=0 -7.79906e-09 -1.19556e-08 -1.91927e-08 -2.42898e-08 -2.94565e-08 -3.46079e-08 5.35729e-09 -3.74115e-08 -3.94044e-08 1.46384e-08 -4.05834e-08
internal_weight=25649 16725 15130 10365 9273 7829 6603 8924 6378 6031 5376 5891
internal_count=25649 16725 15130 10365 9273 7829 6603 8924 6378 6031 5376 5891
is_linear=0
shrinkage=0.000132856


Tree=118
num_leaves=13
num_cat=0
split_feature=6 12 4 5 5 13 7 13 12 6 0 15
split_gain=7.21224e-05 6.48831e-05 9.37891e-05 9.36591e-05 7.4916e-05 6.32139e-05 5.77076e-05 5.07659e-05 2.48035e-05 1.91662e-05 7.5245e-06 1.73013e-06
threshold=-0.002078610438985717 0.015117989945162639 771.82902000000013 0.0060817964016657297 -0.0025052966770633951 0.0025620838052997572 -0.044552912974213758 0.004620885413703966 0.0028494289711873222 0.022911189001646463 104402.20500000002 -582.21701195191406
decision_type=2 2 2 2 2 2 2 2 2 2 2 2
left_child=7 2 -2 4 -4 -6 -7 -1 -8 11 -9 -10
right_child=1 -3 3 -5 5 6 8 10 9 -11 -12 -13
leaf_value=0 0 0 0 0 0 0 0 1.5677140601838949e-08 0 0 0 -4.1012394766267783e-08
leaf_weight=3548 4765 1595 1444 1092 1226 225 347 5226 106 140 150 5785
leaf_count=3548 4765 1595 1444 1092 1226 225 347 5226 106 140 150 5785
internal_value=0 -7.79718e-09 -1.19535e-08 -1.91896e-08 -2.42864e-08 -2.94524e-08 -3.46032e-08 5.35607e-09 -3.74066e-08 -3.93992e-08 1.46364e-08 -4.05781e-08
internal_weight=25649 16725 15130 10365 9273 7829 6603 8924 6378 6031 5376 5891
internal_count=25649 16725 15130 10365 9273 7829 6603 8924 6378 6031 5376 5891
is_linear=0
shrinkage=0.000132856


Tree=119
num_leaves=13
num_cat=0
split_feature=6 12 4 5 5 13 7 13 12 6 0 15
split_gain=7.2088e-05 6.48683e-05 9.37633e-05 9.36409e-05 7.48976e-05 6.31955e-05 5.76976e-05 5.07545e-05 2.47964e-05 1.9162e-05 7.52322e-06 1.72858e-06
threshold=-0.002078610438985717 0.015117989945162639 771.82902000000013 0.0060817964016657297 -0.0025052966770633951 0.0025620838052997572 -0.044552912974213758 0.004620885413703966 0.0028494289711873222 0.022911189001646463 104402.20500000002 -582.21701195191406
decision_type=2 2 2 2 2 2 2 2 2 2 2 2
left_child=7 2 -2 4 -4 -6 -7 -1 -8 11 -9 -10
right_child=1 -3 3 -5 5 6 8 10 9 -11 -12 -13
leaf_value=0 0 0 0 0 0 0 0 1.5675059093657083e-08 0 0 0 -4.1006948881422023e-08
leaf_weight=3548 4765 1595 1444 1092 1226 225 347 5226 106 140 150 5785
leaf_count=3548 4765 1595 1444 1092 1226 225 347 5226 106 140 150 5785
internal_value=0 -7.79529e-09 -1.19514e-08 -1.91866e-08 -2.4283e-08 -2.94484e-08 -3.45984e-08 5.35485e-09 -3.74017e-08 -3.9394e-08 1.46343e-08 -4.05727e-08
internal_weight=25649 16725 15130 10365 9273 7829 6603 8924 6378 6031 5376 5891
internal_count=25649 16725 15130 10365 9273 7829 6603 8924 6378 6031 5376 5891
is_linear=0
shrinkage=0.000132856


Tree=120
num_leaves=2
num_cat=0
split_feature=13
split_gain=1.14244e-05
threshold=0.0062423312989554319
decision_type=2
left_child=-1
right_child=-2
leaf_value=0 5.1260501586771091e-09
leaf_weight=17873 7672
leaf_count=17873 7672
internal_value=0
internal_weight=25545
internal_count=25545
is_linear=0
shrinkage=0.000132856


Tree=121
num_leaves=2
num_cat=0
split_feature=13
split_gain=1.14214e-05
threshold=0.0062423312989554319
decision_type=2
left_child=-1
right_child=-2
leaf_value=0 5.12536978485046e-09
leaf_weight=17873 7672
leaf_count=17873 7672
internal_value=0
internal_weight=25545
internal_count=25545
is_linear=0
shrinkage=0.000132856


Tree=122
num_leaves=2
num_cat=0
split_feature=13
split_gain=1.14183e-05
threshold=0.0062423312989554319
decision_type=2
left_child=-1
right_child=-2
leaf_value=0 5.124689385547903e-09
leaf_weight=17873 7672
leaf_count=17873 7672
internal_value=0
internal_weight=25545
internal_count=25545
is_linear=0
shrinkage=0.000132856


Tree=123
num_leaves=2
num_cat=0
split_feature=13
split_gain=1.14153e-05
threshold=0.0062423312989554319
decision_type=2
left_child=-1
right_child=-2
leaf_value=0 5.1240079088214496e-09
leaf_weight=17873 7672
leaf_count=17873 7672
internal_value=0
internal_weight=25545
internal_count=25545
is_linear=0
shrinkage=0.000132856


Tree=124
num_leaves=2
num_cat=0
split_feature=13
split_gain=1.14123e-05
threshold=0.0062423312989554319
decision_type=2
left_child=-1
right_child=-2
leaf_value=0 5.1233274027125601e-09
leaf_weight=17873 7672
leaf_count=17873 7672
internal_value=0
internal_weight=25545
internal_count=25545
is_linear=0
shrinkage=0.000132856


Tree=125
num_leaves=2
num_cat=0
split_feature=13
split_gain=1.14092e-05
threshold=0.0062423312989554319
decision_type=2
left_child=-1
right_child=-2
leaf_value=0 5.1226467723200482e-09
leaf_weight=17873 7672
leaf_count=17873 7672
internal_value=0
internal_weight=25545
internal_count=25545
is_linear=0
shrinkage=0.000132856


Tree=126
num_leaves=2
num_cat=0
split_feature=13
split_gain=1.14062e-05
threshold=0.0062423312989554319
decision_type=2
left_child=-1
right_child=-2
leaf_value=0 5.1219658885146718e-09
leaf_weight=17873 7672
leaf_count=17873 7672
internal_value=0
internal_weight=25545
internal_count=25545
is_linear=0
shrinkage=0.000132856


Tree=127
num_leaves=2
num_cat=0
split_feature=13
split_gain=1.14032e-05
threshold=0.0062423312989554319
decision_type=2
left_child=-1
right_child=-2
leaf_value=0 5.1212859890744804e-09
leaf_weight=17873 7672
leaf_count=17873 7672
internal_value=0
internal_weight=25545
internal_count=25545
is_linear=0
shrinkage=0.000132856


Tree=128
num_leaves=3
num_cat=0
split_feature=5 5
split_gain=7.87369e-05 7.86677e-05
threshold=-0.0025052966770633951 0.012516699549266709
decision_type=2 2
left_child=-1 -2
right_child=1 -3
leaf_value=1.303993597460589e-08 -9.6057159870820169e-09 0
leaf_weight=6112 18841 695
leaf_count=6112 18841 695
internal_value=0 -4.23314e-09
internal_weight=25648 19536
internal_count=25648 19536
is_linear=0
shrinkage=0.000132856


Tree=129
num_leaves=3
num_cat=0
split_feature=5 5
split_gain=7.87097e-05 7.8653e-05
threshold=-0.0025052966770633951 0.012516699549266709
decision_type=2 2
left_child=-1 -2
right_child=1 -3
leaf_value=1.3038204010555883e-08 -9.6044394946939662e-09 0
leaf_weight=6112 18841 695
leaf_count=6112 18841 695
internal_value=0 -4.23191e-09
internal_weight=25648 19536
internal_count=25648 19536
is_linear=0
shrinkage=0.000132856


Tree=130
num_leaves=3
num_cat=0
split_feature=5 5
split_gain=7.86826e-05 7.86384e-05
threshold=-0.0025052966770633951 0.012516699549266709
decision_type=2 2
left_child=-1 -2
right_child=1 -3
leaf_value=1.3036472368933685e-08 -9.6031643056380658e-09 0
leaf_weight=6112 18841 695
leaf_count=6112 18841 695
internal_value=0 -4.23068e-09
internal_weight=25648 19536
internal_count=25648 19536
is_linear=0
shrinkage=0.000132856


Tree=131
num_leaves=3
num_cat=0
split_feature=5 5
split_gain=7.86554e-05 7.86237e-05
threshold=-0.0025052966770633951 0.012516699549266709
decision_type=2 2
left_child=-1 -2
right_child=1 -3
leaf_value=1.30347413475626e-08 -9.6018883044838927e-09 0
leaf_weight=6112 18841 695
leaf_count=6112 18841 695
internal_value=0 -4.22945e-09
internal_weight=25648 19536
internal_count=25648 19536
is_linear=0
shrinkage=0.000132856


Tree=132
num_leaves=3
num_cat=0
split_feature=5 5
split_gain=7.86283e-05 7.86091e-05
threshold=-0.0025052966770633951 0.012516699549266709
decision_type=2 2
left_child=-1 -2
right_child=1 -3
leaf_value=1.3033009836927319e-08 -9.6006125679590382e-09 0
leaf_weight=6112 18841 695
leaf_count=6112 18841 695
internal_value=0 -4.22822e-09
internal_weight=25648 19536
internal_count=25648 19536
is_linear=0
shrinkage=0.000132856


Tree=133
num_leaves=3
num_cat=0
split_feature=5 5
split_gain=7.86011e-05 7.85945e-05
threshold=-0.0025052966770633951 0.012516699549266709
decision_type=2 2
left_child=-1 -2
right_child=1 -3
leaf_value=1.3031278841870217e-08 -9.5993372516872214e-09 0
leaf_weight=6112 18841 695
leaf_count=6112 18841 695
internal_value=0 -4.22699e-09
internal_weight=25648 19536
internal_count=25648 19536
is_linear=0
shrinkage=0.000132856


Tree=134
num_leaves=3
num_cat=0
split_feature=5 5
split_gain=7.8574e-05 7.85799e-05
threshold=-0.0025052966770633951 0.012516699549266709
decision_type=2 2
left_child=-1 -2
right_child=1 -3
leaf_value=1.3029548485621361e-08 -9.5980624462709509e-09 0
leaf_weight=6112 18841 695
leaf_count=6112 18841 695
internal_value=0 -4.22576e-09
internal_weight=25648 19536
internal_count=25648 19536
is_linear=0
shrinkage=0.000132856


Tree=135
num_leaves=3
num_cat=0
split_feature=5 5
split_gain=7.85469e-05 7.85652e-05
threshold=-0.0025052966770633951 0.012516699549266709
decision_type=2 2
left_child=-1 -2
right_child=1 -3
leaf_value=1.3027818041507714e-08 -9.5967877524048432e-09 0
leaf_weight=6112 18841 695
leaf_count=6112 18841 695
internal_value=0 -4.22453e-09
internal_weight=25648 19536
internal_count=25648 19536
is_linear=0
shrinkage=0.000132856


Tree=136
num_leaves=8
num_cat=0
split_feature=13 12 14 14 14 12 13
split_gain=2.26654e-05 6.83316e-05 2.13988e-05 9.84262e-06 9.93213e-06 1.0116e-05 3.9301e-06
threshold=0.0068029975272084825 0.0081274766948900984 0.071236411869651031 0.0052552740482136881 -0.032847477427672349 0.0019130534033349408 0.0012811390425579287
decision_type=2 2 2 2 2 2 2
left_child=3 -2 -3 4 -1 -6 -7
right_child=1 2 -4 -5 5 6 -8
leaf_value=0 0 2.0640673063373358e-08 0 0 0 0 -7.1552973676910911e-09
leaf_weight=320 1625 4648 165 5966 1097 241 11711
leaf_count=320 1625 4648 165 5966 1097 241 11711
internal_value=0 7.85467e-09 1.82482e-08 -3.75764e-10 -3.63277e-09 -5.19164e-09 -6.66057e-09
internal_weight=25773 6438 4813 19335 13369 13049 11952
internal_count=25773 6438 4813 19335 13369 13049 11952
is_linear=0
shrinkage=0.000132856


Tree=137
num_leaves=8
num_cat=0
split_feature=13 12 14 14 14 12 13
split_gain=2.26536e-05 6.83166e-05 2.13954e-05 9.83851e-06 9.93016e-06 1.01142e-05 3.92948e-06
threshold=0.0068029975272084825 0.0081274766948900984 0.071236411869651031 0.0052552740482136881 -0.032847477427672349 0.0019130534033349408 0.0012811390425579287
decision_type=2 2 2 2 2 2 2
left_child=3 -2 -3 4 -1 -6 -7
right_child=1 2 -4 -5 5 6 -8
leaf_value=0 0 2.0637932964221177e-08 0 0 0 0 -7.1543471515926202e-09
leaf_weight=320 1625 4648 165 5966 1097 241 11711
leaf_count=320 1625 4648 165 5966 1097 241 11711
internal_value=0 7.85269e-09 1.82456e-08 -3.75189e-10 -3.63194e-09 -5.19078e-09 -6.65964e-09
internal_weight=25773 6438 4813 19335 13369 13049 11952
internal_count=25773 6438 4813 19335 13369 13049 11952
is_linear=0
shrinkage=0.000132856


Tree=138
num_leaves=8
num_cat=0
split_feature=13 12 14 14 14 12 13
split_gain=2.26418e-05 6.83016e-05 2.13919e-05 9.8344e-06 9.9282e-06 1.01123e-05 3.92886e-06
threshold=0.0068029975272084825 0.0081274766948900984 0.071236411869651031 0.0052552740482136881 -0.032847477427672349 0.0019130534033349408 0.0012811390425579287
decision_type=2 2 2 2 2 2 2
left_child=3 -2 -3 4 -1 -6 -7
right_child=1 2 -4 -5 5 6 -8
leaf_value=0 0 2.0635192473297203e-08 0 0 0 0 -7.1533969110583307e-09
leaf_weight=320 1625 4648 165 5966 1097 241 11711
leaf_count=320 1625 4648 165 5966 1097 241 11711
internal_value=0 7.85072e-09 1.82429e-08 -3.74613e-10 -3.63111e-09 -5.18993e-09 -6.65871e-09
internal_weight=25773 6438 4813 19335 13369 13049 11952
internal_count=25773 6438 4813 19335 13369 13049 11952
is_linear=0
shrinkage=0.000132856


Tree=139
num_leaves=8
num_cat=0
split_feature=13 12 14 14 14 12 13
split_gain=2.263e-05 6.82866e-05 2.13885e-05 9.8303e-06 9.92623e-06 1.01105e-05 3.92823e-06
threshold=0.0068029975272084825 0.0081274766948900984 0.071236411869651031 0.0052552740482136881 -0.032847477427672349 0.0019130534033349408 0.0012811390425579287
decision_type=2 2 2 2 2 2 2
left_child=3 -2 -3 4 -1 -6 -7
right_child=1 2 -4 -5 5 6 -8
leaf_value=0 0 2.0632450327114109e-08 0 0 0 0 -7.1524462298320985e-09
leaf_weight=320 1625 4648 165 5966 1097 241 11711
leaf_count=320 1625 4648 165 5966 1097 241 11711
internal_value=0 7.84874e-09 1.82403e-08 -3.74037e-10 -3.63028e-09 -5.18908e-09 -6.65777e-09
internal_weight=25773 6438 4813 19335 13369 13049 11952
internal_count=25773 6438 4813 19335 13369 13049 11952
is_linear=0
shrinkage=0.000132856


Tree=140
num_leaves=8
num_cat=0
split_feature=13 12 14 14 14 12 13
split_gain=2.26182e-05 6.82716e-05 2.1385e-05 9.82619e-06 9.92426e-06 1.01086e-05 3.92761e-06
threshold=0.0068029975272084825 0.0081274766948900984 0.071236411869651031 0.0052552740482136881 -0.032847477427672349 0.0019130534033349408 0.0012811390425579287
decision_type=2 2 2 2 2 2 2
left_child=3 -2 -3 4 -1 -6 -7
right_child=1 2 -4 -5 5 6 -8
leaf_value=0 0 2.0629712044523176e-08 0 0 0 0 -7.1514962172743312e-09
leaf_weight=320 1625 4648 165 5966 1097 241 11711
leaf_count=320 1625 4648 165 5966 1097 241 11711
internal_value=0 7.84676e-09 1.82376e-08 -3.73462e-10 -3.62944e-09 -5.18822e-09 -6.65684e-09
internal_weight=25773 6438 4813 19335 13369 13049 11952
internal_count=25773 6438 4813 19335 13369 13049 11952
is_linear=0
shrinkage=0.000132856


Tree=141
num_leaves=8
num_cat=0
split_feature=13 12 14 14 14 12 13
split_gain=2.26064e-05 6.82566e-05 2.13816e-05 9.82209e-06 9.9223e-06 1.01068e-05 3.92699e-06
threshold=0.0068029975272084825 0.0081274766948900984 0.071236411869651031 0.0052552740482136881 -0.032847477427672349 0.0019130534033349408 0.0012811390425579287
decision_type=2 2 2 2 2 2 2
left_child=3 -2 -3 4 -1 -6 -7
right_child=1 2 -4 -5 5 6 -8
leaf_value=0 0 2.0626972005593357e-08 0 0 0 0 -7.1505467905037574e-09
leaf_weight=320 1625 4648 165 5966 1097 241 11711
leaf_count=320 1625 4648 165 5966 1097 241 11711
internal_value=0 7.84478e-09 1.8235e-08 -3.72887e-10 -3.62861e-09 -5.18737e-09 -6.65591e-09
internal_weight=25773 6438 4813 19335 13369 13049 11952
internal_count=25773 6438 4813 19335 13369 13049 11952
is_linear=0
shrinkage=0.000132856


Tree=142
num_leaves=8
num_cat=0
split_feature=13 12 14 14 14 12 13
split_gain=2.25946e-05 6.82416e-05 2.13781e-05 9.81798e-06 9.92033e-06 1.01049e-05 3.92636e-06
threshold=0.0068029975272084825 0.0081274766948900984 0.071236411869651031 0.0052552740482136881 -0.032847477427672349 0.0019130534033349408 0.0012811390425579287
decision_type=2 2 2 2 2 2 2
left_child=3 -2 -3 4 -1 -6 -7
right_child=1 2 -4 -5 5 6 -8
leaf_value=0 0 2.0624232982200117e-08 0 0 0 0 -7.1495960057876402e-09
leaf_weight=320 1625 4648 165 5966 1097 241 11711
leaf_count=320 1625 4648 165 5966 1097 241 11711
internal_value=0 7.8428e-09 1.82323e-08 -3.72311e-10 -3.62778e-09 -5.18652e-09 -6.65498e-09
internal_weight=25773 6438 4813 19335 13369 13049 11952
internal_count=25773 6438 4813 19335 13369 13049 11952
is_linear=0
shrinkage=0.000132856


Tree=143
num_leaves=8
num_cat=0
split_feature=13 12 14 14 14 12 13
split_gain=2.25828e-05 6.82266e-05 2.13747e-05 9.81388e-06 9.91837e-06 1.01031e-05 3.92574e-06
threshold=0.0068029975272084825 0.0081274766948900984 0.071236411869651031 0.0052552740482136881 -0.032847477427672349 0.0019130534033349408 0.0012811390425579287
decision_type=2 2 2 2 2 2 2
left_child=3 -2 -3 4 -1 -6 -7
right_child=1 2 -4 -5 5 6 -8
leaf_value=0 0 2.0621494454191929e-08 0 0 0 0 -7.1486473127686256e-09
leaf_weight=320 1625 4648 165 5966 1097 241 11711
leaf_count=320 1625 4648 165 5966 1097 241 11711
internal_value=0 7.84082e-09 1.82297e-08 -3.71736e-10 -3.62695e-09 -5.18567e-09 -6.65405e-09
internal_weight=25773 6438 4813 19335 13369 13049 11952
internal_count=25773 6438 4813 19335 13369 13049 11952
is_linear=0
shrinkage=0.000132856


Tree=144
num_leaves=5
num_cat=0
split_feature=5 5 13 13
split_gain=1.09624e-05 8.847e-05 2.65068e-05 4.45322e-06
threshold=-0.0022223398294529124 0.0024292966828320943 0.0020459316848726208 0.0051665264144016522
decision_type=2 2 2 2
left_child=3 2 -2 -1
right_child=1 -3 -4 -5
leaf_value=0 0 0 -1.4674948434481572e-08 4.624040160973039e-09
leaf_weight=2877 2098 6545 10320 3674
leaf_count=2877 2098 6545 10320 3674
internal_value=0 -3.19415e-09 -1.18873e-08 0
internal_weight=25514 18963 12418 6551
internal_count=25514 18963 12418 6551
is_linear=0
shrinkage=0.000132856


Tree=145
num_leaves=5
num_cat=0
split_feature=5 5 13 13
split_gain=1.09551e-05 8.84502e-05 2.65005e-05 4.45203e-06
threshold=-0.0022223398294529124 0.0024292966828320943 0.0020459316848726208 0.0051665264144016522
decision_type=2 2 2 2
left_child=3 2 -2 -1
right_child=1 -3 -4 -5
leaf_value=0 0 0 -1.4672999997031864e-08 4.6234262191671484e-09
leaf_weight=2877 2098 6545 10320 3674
leaf_count=2877 2098 6545 10320 3674
internal_value=0 -3.19309e-09 -1.18856e-08 0
internal_weight=25514 18963 12418 6551
internal_count=25514 18963 12418 6551
is_linear=0
shrinkage=0.000132856


Tree=146
num_leaves=5
num_cat=0
split_feature=5 5 13 13
split_gain=1.09479e-05 8.84304e-05 2.64941e-05 4.45085e-06
threshold=-0.0022223398294529124 0.0024292966828320943 0.0020459316848726208 0.0051665264144016522
decision_type=2 2 2 2
left_child=3 2 -2 -1
right_child=1 -3 -4 -5
leaf_value=0 0 0 -1.4671050341231985e-08 4.6228128863444072e-09
leaf_weight=2877 2098 6545 10320 3674
leaf_count=2877 2098 6545 10320 3674
internal_value=0 -3.19203e-09 -1.1884e-08 0
internal_weight=25514 18963 12418 6551
internal_count=25514 18963 12418 6551
is_linear=0
shrinkage=0.000132856


Tree=147
num_leaves=5
num_cat=0
split_feature=5 5 13 13
split_gain=1.09406e-05 8.84106e-05 2.64877e-05 4.44967e-06
threshold=-0.0022223398294529124 0.0024292966828320943 0.0020459316848726208 0.0051665264144016522
decision_type=2 2 2 2
left_child=3 2 -2 -1
right_child=1 -3 -4 -5
leaf_value=0 0 0 -1.466910198281473e-08 4.62219881582293e-09
leaf_weight=2877 2098 6545 10320 3674
leaf_count=2877 2098 6545 10320 3674
internal_value=0 -3.19097e-09 -1.18824e-08 0
internal_weight=25514 18963 12418 6551
internal_count=25514 18963 12418 6551
is_linear=0
shrinkage=0.000132856


Tree=148
num_leaves=5
num_cat=0
split_feature=5 5 13 13
split_gain=1.09333e-05 8.83908e-05 2.64814e-05 4.44849e-06
threshold=-0.0022223398294529124 0.0024292966828320943 0.0020459316848726208 0.0051665264144016522
decision_type=2 2 2 2
left_child=3 2 -2 -1
right_child=1 -3 -4 -5
leaf_value=0 0 0 -1.4667153030001492e-08 4.6215854750951594e-09
leaf_weight=2877 2098 6545 10320 3674
leaf_count=2877 2098 6545 10320 3674
internal_value=0 -3.18991e-09 -1.18808e-08 0
internal_weight=25514 18963 12418 6551
internal_count=25514 18963 12418 6551
is_linear=0
shrinkage=0.000132856


Tree=149
num_leaves=5
num_cat=0
split_feature=5 5 13 13
split_gain=1.0926e-05 8.8371e-05 2.6475e-05 4.44731e-06
threshold=-0.0022223398294529124 0.0024292966828320943 0.0020459316848726208 0.0051665264144016522
decision_type=2 2 2 2
left_child=3 2 -2 -1
right_child=1 -3 -4 -5
leaf_value=0 0 0 -1.4665205273627399e-08 4.6209718938473932e-09
leaf_weight=2877 2098 6545 10320 3674
leaf_count=2877 2098 6545 10320 3674
internal_value=0 -3.18885e-09 -1.18792e-08 0
internal_weight=25514 18963 12418 6551
internal_count=25514 18963 12418 6551
is_linear=0
shrinkage=0.000132856


Tree=150
num_leaves=5
num_cat=0
split_feature=5 5 13 13
split_gain=1.09188e-05 8.83512e-05 2.64687e-05 4.44613e-06
threshold=-0.0022223398294529124 0.0024292966828320943 0.0020459316848726208 0.0051665264144016522
decision_type=2 2 2 2
left_child=3 2 -2 -1
right_child=1 -3 -4 -5
leaf_value=0 0 0 -1.4663257040178329e-08 4.6203577952227946e-09
leaf_weight=2877 2098 6545 10320 3674
leaf_count=2877 2098 6545 10320 3674
internal_value=0 -3.18779e-09 -1.18775e-08 0
internal_weight=25514 18963 12418 6551
internal_count=25514 18963 12418 6551
is_linear=0
shrinkage=0.000132856


Tree=151
num_leaves=5
num_cat=0
split_feature=5 5 13 13
split_gain=1.09115e-05 8.83314e-05 2.64624e-05 4.44495e-06
threshold=-0.0022223398294529124 0.0024292966828320943 0.0020459316848726208 0.0051665264144016522
decision_type=2 2 2 2
left_child=3 2 -2 -1
right_child=1 -3 -4 -5
leaf_value=0 0 0 -1.4661309699583836e-08 4.6197448042556332e-09
leaf_weight=2877 2098 6545 10320 3674
leaf_count=2877 2098 6545 10320 3674
internal_value=0 -3.18673e-09 -1.18759e-08 0
internal_weight=25514 18963 12418 6551
internal_count=25514 18963 12418 6551
is_linear=0
shrinkage=0.000132856


Tree=152
num_leaves=3
num_cat=0
split_feature=5 5
split_gain=3.52845e-05 5.63719e-05
threshold=-0.0021237906156552073 0.0060817964016657297
decision_type=2 2
left_child=-1 -2
right_child=1 -3
leaf_value=7.8736920928255691e-09 -8.5469757417396504e-09 0
leaf_weight=6870 16312 2504
leaf_count=6870 16312 2504
internal_value=0 -3.23353e-09
internal_weight=25686 18816
internal_count=25686 18816
is_linear=0
shrinkage=0.000132856


Tree=153
num_leaves=3
num_cat=0
split_feature=5 5
split_gain=3.52713e-05 5.63608e-05
threshold=-0.0021237906156552073 0.0060817964016657297
decision_type=2 2
left_child=-1 -2
right_child=1 -3
leaf_value=7.8726469593475607e-09 -8.5458400302085693e-09 0
leaf_weight=6870 16312 2504
leaf_count=6870 16312 2504
internal_value=0 -3.23255e-09
internal_weight=25686 18816
internal_count=25686 18816
is_linear=0
shrinkage=0.000132856


Tree=154
num_leaves=3
num_cat=0
split_feature=5 5
split_gain=3.52581e-05 5.63496e-05
threshold=-0.0021237906156552073 0.0060817964016657297
decision_type=2 2
left_child=-1 -2
right_child=1 -3
leaf_value=7.8716011975514175e-09 -8.5447044502310603e-09 0
leaf_weight=6870 16312 2504
leaf_count=6870 16312 2504
internal_value=0 -3.23156e-09
internal_weight=25686 18816
internal_count=25686 18816
is_linear=0
shrinkage=0.000132856


Tree=155
num_leaves=3
num_cat=0
split_feature=5 5
split_gain=3.52449e-05 5.63384e-05
threshold=-0.0021237906156552073 0.0060817964016657297
decision_type=2 2
left_child=-1 -2
right_child=1 -3
leaf_value=7.8705557132871035e-09 -8.5435694747941263e-09 0
leaf_weight=6870 16312 2504
leaf_count=6870 16312 2504
internal_value=0 -3.23058e-09
internal_weight=25686 18816
internal_count=25686 18816
is_linear=0
shrinkage=0.000132856


Tree=156
num_leaves=3
num_cat=0
split_feature=5 5
split_gain=3.52317e-05 5.63273e-05
threshold=-0.0021237906156552073 0.0060817964016657297
decision_type=2 2
left_child=-1 -2
right_child=1 -3
leaf_value=7.8695098378179478e-09 -8.542435052125411e-09 0
leaf_weight=6870 16312 2504
leaf_count=6870 16312 2504
internal_value=0 -3.22959e-09
internal_weight=25686 18816
internal_count=25686 18816
is_linear=0
shrinkage=0.000132856


Tree=157
num_leaves=3
num_cat=0
split_feature=5 5
split_gain=3.52185e-05 5.63162e-05
threshold=-0.0021237906156552073 0.0060817964016657297
decision_type=2 2
left_child=-1 -2
right_child=1 -3
leaf_value=7.8684649846322737e-09 -8.5413002264787495e-09 0
leaf_weight=6870 16312 2504
leaf_count=6870 16312 2504
internal_value=0 -3.22861e-09
internal_weight=25686 18816
internal_count=25686 18816
is_linear=0
shrinkage=0.000132856


Tree=158
num_leaves=3
num_cat=0
split_feature=5 5
split_gain=3.52054e-05 5.6305e-05
threshold=-0.0021237906156552073 0.0060817964016657297
decision_type=2 2
left_child=-1 -2
right_child=1 -3
leaf_value=7.8674191251107465e-09 -8.5401652827271061e-09 0
leaf_weight=6870 16312 2504
leaf_count=6870 16312 2504
internal_value=0 -3.22763e-09
internal_weight=25686 18816
internal_count=25686 18816
is_linear=0
shrinkage=0.000132856


Tree=159
num_leaves=3
num_cat=0
split_feature=5 5
split_gain=3.51922e-05 5.62939e-05
threshold=-0.0021237906156552073 0.0060817964016657297
decision_type=2 2
left_child=-1 -2
right_child=1 -3
leaf_value=7.8663741466166196e-09 -8.5390314111933432e-09 0
leaf_weight=6870 16312 2504
leaf_count=6870 16312 2504
internal_value=0 -3.22664e-09
internal_weight=25686 18816
internal_count=25686 18816
is_linear=0
shrinkage=0.000132856


Tree=160
num_leaves=7
num_cat=0
split_feature=12 5 13 5 13 12
split_gain=1.6353e-05 2.34932e-05 2.29911e-05 2.36888e-05 2.10381e-05 5.30017e-06
threshold=0.012272789011144957 -0.0027409036761885659 0.0021244295616982523 0.006596740420136916 0.0036021112729658967 0.0023560606558025291
decision_type=2 2 2 2 2 2
left_child=1 -1 -3 5 -2 -4
right_child=4 2 3 -5 -6 -7
leaf_value=0 0 0 0 0 9.6835966519600993e-09 -1.0828276522034601e-08
leaf_weight=3501 184 2434 919 587 4717 13214
leaf_count=3501 184 2434 919 587 4717 13214
internal_value=0 -3.24452e-09 -6.07006e-09 -8.39653e-09 3.81032e-09 -1.01494e-08
internal_weight=25556 20655 17154 14720 4901 14133
internal_count=25556 20655 17154 14720 4901 14133
is_linear=0
shrinkage=0.000132856


Tree=161
num_leaves=7
num_cat=0
split_feature=12 5 13 5 13 12
split_gain=1.63434e-05 2.34872e-05 2.29861e-05 2.36851e-05 2.10341e-05 5.29871e-06
threshold=0.012272789011144957 -0.0027409036761885659 0.0021244295616982523 0.006596740420136916 0.0036021112729658967 0.0023560606558025291
decision_type=2 2 2 2 2 2
left_child=1 -1 -3 5 -2 -4
right_child=4 2 3 -5 -6 -7
leaf_value=0 0 0 0 0 9.6823105754895565e-09 -1.0826838690696653e-08
leaf_weight=3501 184 2434 919 587 4717 13214
leaf_count=3501 184 2434 919 587 4717 13214
internal_value=0 -3.2436e-09 -6.06895e-09 -8.39524e-09 3.80908e-09 -1.0148e-08
internal_weight=25556 20655 17154 14720 4901 14133
internal_count=25556 20655 17154 14720 4901 14133
is_linear=0
shrinkage=0.000132856


Tree=162
num_leaves=7
num_cat=0
split_feature=12 5 13 5 13 12
split_gain=1.63338e-05 2.34811e-05 2.29811e-05 2.36813e-05 2.103e-05 5.29724e-06
threshold=0.012272789011144957 -0.0027409036761885659 0.0021244295616982523 0.006596740420136916 0.0036021112729658967 0.0023560606558025291
decision_type=2 2 2 2 2 2
left_child=1 -1 -3 5 -2 -4
right_child=4 2 3 -5 -6 -7
leaf_value=0 0 0 0 0 9.6810263817884187e-09 -1.0825400395830495e-08
leaf_weight=3501 184 2434 919 587 4717 13214
leaf_count=3501 184 2434 919 587 4717 13214
internal_value=0 -3.24268e-09 -6.06784e-09 -8.39395e-09 3.80785e-09 -1.01467e-08
internal_weight=25556 20655 17154 14720 4901 14133
internal_count=25556 20655 17154 14720 4901 14133
is_linear=0
shrinkage=0.000132856


Tree=163
num_leaves=7
num_cat=0
split_feature=12 5 13 5 13 12
split_gain=1.63242e-05 2.3475e-05 2.29761e-05 2.36775e-05 2.1026e-05 5.29578e-06
threshold=0.012272789011144957 -0.0027409036761885659 0.0021244295616982523 0.006596740420136916 0.0036021112729658967 0.0023560606558025291
decision_type=2 2 2 2 2 2
left_child=1 -1 -3 5 -2 -4
right_child=4 2 3 -5 -6 -7
leaf_value=0 0 0 0 0 9.6797393373172021e-09 -1.0823962402145241e-08
leaf_weight=3501 184 2434 919 587 4717 13214
leaf_count=3501 184 2434 919 587 4717 13214
internal_value=0 -3.24176e-09 -6.06673e-09 -8.39266e-09 3.80661e-09 -1.01454e-08
internal_weight=25556 20655 17154 14720 4901 14133
internal_count=25556 20655 17154 14720 4901 14133
is_linear=0
shrinkage=0.000132856


Tree=164
num_leaves=7
num_cat=0
split_feature=12 5 13 5 13 12
split_gain=1.63146e-05 2.34689e-05 2.29711e-05 2.36737e-05 2.1022e-05 5.29432e-06
threshold=0.012272789011144957 -0.0027409036761885659 0.0021244295616982523 0.006596740420136916 0.0036021112729658967 0.0023560606558025291
decision_type=2 2 2 2 2 2
left_child=1 -1 -3 5 -2 -4
right_child=4 2 3 -5 -6 -7
leaf_value=0 0 0 0 0 9.6784543254662457e-09 -1.0822524589587576e-08
leaf_weight=3501 184 2434 919 587 4717 13214
leaf_count=3501 184 2434 919 587 4717 13214
internal_value=0 -3.24084e-09 -6.06562e-09 -8.39137e-09 3.80537e-09 -1.0144e-08
internal_weight=25556 20655 17154 14720 4901 14133
internal_count=25556 20655 17154 14720 4901 14133
is_linear=0
shrinkage=0.000132856


Tree=165
num_leaves=7
num_cat=0
split_feature=12 5 13 5 13 12
split_gain=1.6305e-05 2.34628e-05 2.29661e-05 2.367e-05 2.10179e-05 5.29286e-06
threshold=0.012272789011144957 -0.0027409036761885659 0.0021244295616982523 0.006596740420136916 0.0036021112729658967 0.0023560606558025291
decision_type=2 2 2 2 2 2
left_child=1 -1 -3 5 -2 -4
right_child=4 2 3 -5 -6 -7
leaf_value=0 0 0 0 0 9.6771683098386056e-09 -1.0821086775111806e-08
leaf_weight=3501 184 2434 919 587 4717 13214
leaf_count=3501 184 2434 919 587 4717 13214
internal_value=0 -3.23992e-09 -6.06452e-09 -8.39008e-09 3.80413e-09 -1.01427e-08
internal_weight=25556 20655 17154 14720 4901 14133
internal_count=25556 20655 17154 14720 4901 14133
is_linear=0
shrinkage=0.000132856


Tree=166
num_leaves=7
num_cat=0
split_feature=12 5 13 5 13 12
split_gain=1.62954e-05 2.34567e-05 2.29611e-05 2.36662e-05 2.10139e-05 5.2914e-06
threshold=0.012272789011144957 -0.0027409036761885659 0.0021244295616982523 0.006596740420136916 0.0036021112729658967 0.0023560606558025291
decision_type=2 2 2 2 2 2
left_child=1 -1 -3 5 -2 -4
right_child=4 2 3 -5 -6 -7
leaf_value=0 0 0 0 0 9.6758834616713829e-09 -1.0819650045483553e-08
leaf_weight=3501 184 2434 919 587 4717 13214
leaf_count=3501 184 2434 919 587 4717 13214
internal_value=0 -3.239e-09 -6.06341e-09 -8.38879e-09 3.8029e-09 -1.01413e-08
internal_weight=25556 20655 17154 14720 4901 14133
internal_count=25556 20655 17154 14720 4901 14133
is_linear=0
shrinkage=0.000132856


Tree=167
num_leaves=7
num_cat=0
split_feature=12 5 13 5 13 12
split_gain=1.62859e-05 2.34507e-05 2.29561e-05 2.36624e-05 2.10098e-05 5.28994e-06
threshold=0.012272789011144957 -0.0027409036761885659 0.0021244295616982523 0.006596740420136916 0.0036021112729658967 0.0023560606558025291
decision_type=2 2 2 2 2 2
left_child=1 -1 -3 5 -2 -4
right_child=4 2 3 -5 -6 -7
leaf_value=0 0 0 0 0 9.6745998547890064e-09 -1.0818212347387197e-08
leaf_weight=3501 184 2434 919 587 4717 13214
leaf_count=3501 184 2434 919 587 4717 13214
internal_value=0 -3.23808e-09 -6.0623e-09 -8.3875e-09 3.80166e-09 -1.014e-08
internal_weight=25556 20655 17154 14720 4901 14133
internal_count=25556 20655 17154 14720 4901 14133
is_linear=0
shrinkage=0.000132856


Tree=168
num_leaves=9
num_cat=0
split_feature=5 5 6 12 13 12 13 12
split_gain=8.59141e-05 2.63936e-05 3.81967e-05 1.45634e-05 1.09115e-05 1.0696e-05 1.06773e-05 3.25938e-06
threshold=-0.0025697584393127855 0.01611157229307492 0.00036051747018883701 0.0044005138062884691 0.0029149622153673135 0.015572312882213923 0.0025620838052997572 0.0020612836433667055
decision_type=2 2 2 2 2 2 2 2
left_child=3 2 -2 -1 -5 6 -4 -8
right_child=1 -3 5 4 -6 -7 7 -9
leaf_value=0 0 0 0 0 1.9418025753995418e-08 0 0 -1.4097140462846388e-08
leaf_weight=254 8618 402 1708 410 5176 815 185 7991
leaf_count=254 8618 402 1708 410 5176 815 185 7991
internal_value=0 -8.31151e-10 -4.98191e-09 1.60386e-08 1.77463e-08 -1.03832e-08 -1.16531e-08 -1.36821e-08
internal_weight=25559 19719 19317 5840 5586 10699 9884 8176
internal_count=25559 19719 19317 5840 5586 10699 9884 8176
is_linear=0
shrinkage=0.000132856


Tree=169
num_leaves=9
num_cat=0
split_feature=5 5 6 12 13 12 13 12
split_gain=8.58884e-05 2.63866e-05 3.81875e-05 1.45608e-05 1.0909e-05 1.06939e-05 1.06738e-05 3.25868e-06
threshold=-0.0025697584393127855 0.01611157229307492 0.00036051747018883701 0.0044005138062884691 0.0029149622153673135 0.015572312882213923 0.0025620838052997572 0.0020612836433667055
decision_type=2 2 2 2 2 2 2 2
left_child=3 2 -2 -1 -5 6 -4 -8
right_child=1 -3 5 4 -6 -7 7 -9
leaf_value=0 0 0 0 0 1.9415447303646732e-08 0 0 -1.4095268327929966e-08
leaf_weight=254 8618 402 1708 410 5176 815 185 7991
leaf_count=254 8618 402 1708 410 5176 815 185 7991
internal_value=0 -8.30392e-10 -4.98113e-09 1.60363e-08 1.77439e-08 -1.03818e-08 -1.16516e-08 -1.36802e-08
internal_weight=25559 19719 19317 5840 5586 10699 9884 8176
internal_count=25559 19719 19317 5840 5586 10699 9884 8176
is_linear=0
shrinkage=0.000132856


Tree=170
num_leaves=9
num_cat=0
split_feature=5 5 6 12 13 12 13 12
split_gain=8.58627e-05 2.63795e-05 3.81784e-05 1.45582e-05 1.09065e-05 1.06917e-05 1.06704e-05 3.25797e-06
threshold=-0.0025697584393127855 0.01611157229307492 0.00036051747018883701 0.0044005138062884691 0.0029149622153673135 0.015572312882213923 0.0025620838052997572 0.0020612836433667055
decision_type=2 2 2 2 2 2 2 2
left_child=3 2 -2 -1 -5 6 -4 -8
right_child=1 -3 5 4 -6 -7 7 -9
leaf_value=0 0 0 0 0 1.9412868277216404e-08 0 0 -1.4093396540036691e-08
leaf_weight=254 8618 402 1708 410 5176 815 185 7991
leaf_count=254 8618 402 1708 410 5176 815 185 7991
internal_value=0 -8.29633e-10 -4.98036e-09 1.60341e-08 1.77415e-08 -1.03804e-08 -1.165e-08 -1.36784e-08
internal_weight=25559 19719 19317 5840 5586 10699 9884 8176
internal_count=25559 19719 19317 5840 5586 10699 9884 8176
is_linear=0
shrinkage=0.000132856


Tree=171
num_leaves=9
num_cat=0
split_feature=5 5 6 12 13 12 13 12
split_gain=8.58371e-05 2.63725e-05 3.81692e-05 1.45556e-05 1.09039e-05 1.06896e-05 1.0667e-05 3.25727e-06
threshold=-0.0025697584393127855 0.01611157229307492 0.00036051747018883701 0.0044005138062884691 0.0029149622153673135 0.015572312882213923 0.0025620838052997572 0.0020612836433667055
decision_type=2 2 2 2 2 2 2 2
left_child=3 2 -2 -1 -5 6 -4 -8
right_child=1 -3 5 4 -6 -7 7 -9
leaf_value=0 0 0 0 0 1.941029113348506e-08 0 0 -1.4091525350787798e-08
leaf_weight=254 8618 402 1708 410 5176 815 185 7991
leaf_count=254 8618 402 1708 410 5176 815 185 7991
internal_value=0 -8.28875e-10 -4.97958e-09 1.60318e-08 1.77391e-08 -1.0379e-08 -1.16485e-08 -1.36766e-08
internal_weight=25559 19719 19317 5840 5586 10699 9884 8176
internal_count=25559 19719 19317 5840 5586 10699 9884 8176
is_linear=0
shrinkage=0.000132856


Tree=172
num_leaves=9
num_cat=0
split_feature=5 5 6 12 13 12 13 12
split_gain=8.58114e-05 2.63655e-05 3.81601e-05 1.4553e-05 1.09014e-05 1.06874e-05 1.06635e-05 3.25657e-06
threshold=-0.0025697584393127855 0.01611157229307492 0.00036051747018883701 0.0044005138062884691 0.0029149622153673135 0.015572312882213923 0.0025620838052997572 0.0020612836433667055
decision_type=2 2 2 2 2 2 2 2
left_child=3 2 -2 -1 -5 6 -4 -8
right_child=1 -3 5 4 -6 -7 7 -9
leaf_value=0 0 0 0 0 1.940771322174209e-08 0 0 -1.4089653543557929e-08
leaf_weight=254 8618 402 1708 410 5176 815 185 7991
leaf_count=254 8618 402 1708 410 5176 815 185 7991
internal_value=0 -8.28116e-10 -4.97881e-09 1.60295e-08 1.77367e-08 -1.03776e-08 -1.1647e-08 -1.36748e-08
internal_weight=25559 19719 19317 5840 5586 10699 9884 8176
internal_count=25559 19719 19317 5840 5586 10699 9884 8176
is_linear=0
shrinkage=0.000132856


Tree=173
num_leaves=9
num_cat=0
split_feature=5 5 6 12 13 12 13 12
split_gain=8.57858e-05 2.63584e-05 3.81509e-05 1.45505e-05 1.08989e-05 1.06853e-05 1.06601e-05 3.25586e-06
threshold=-0.0025697584393127855 0.01611157229307492 0.00036051747018883701 0.0044005138062884691 0.0029149622153673135 0.015572312882213923 0.0025620838052997572 0.0020612836433667055
decision_type=2 2 2 2 2 2 2 2
left_child=3 2 -2 -1 -5 6 -4 -8
right_child=1 -3 5 4 -6 -7 7 -9
leaf_value=0 0 0 0 0 1.9405135341839658e-08 0 0 -1.4087782088088472e-08
leaf_weight=254 8618 402 1708 410 5176 815 185 7991
leaf_count=254 8618 402 1708 410 5176 815 185 7991
internal_value=0 -8.27358e-10 -4.97804e-09 1.60272e-08 1.77343e-08 -1.03762e-08 -1.16455e-08 -1.36729e-08
internal_weight=25559 19719 19317 5840 5586 10699 9884 8176
internal_count=25559 19719 19317 5840 5586 10699 9884 8176
is_linear=0
shrinkage=0.000132856


Tree=174
num_leaves=9
num_cat=0
split_feature=5 5 6 12 13 12 13 12
split_gain=8.57601e-05 2.63514e-05 3.81418e-05 1.45479e-05 1.08963e-05 1.06831e-05 1.06566e-05 3.25516e-06
threshold=-0.0025697584393127855 0.01611157229307492 0.00036051747018883701 0.0044005138062884691 0.0029149622153673135 0.015572312882213923 0.0025620838052997572 0.0020612836433667055
decision_type=2 2 2 2 2 2 2 2
left_child=3 2 -2 -1 -5 6 -4 -8
right_child=1 -3 5 4 -6 -7 7 -9
leaf_value=0 0 0 0 0 1.940255858263334e-08 0 0 -1.408591103624371e-08
leaf_weight=254 8618 402 1708 410 5176 815 185 7991
leaf_count=254 8618 402 1708 410 5176 815 185 7991
internal_value=0 -8.26599e-10 -4.97726e-09 1.60249e-08 1.77319e-08 -1.03748e-08 -1.1644e-08 -1.36711e-08
internal_weight=25559 19719 19317 5840 5586 10699 9884 8176
internal_count=25559 19719 19317 5840 5586 10699 9884 8176
is_linear=0
shrinkage=0.000132856


Tree=175
num_leaves=9
num_cat=0
split_feature=5 5 6 12 13 12 13 12
split_gain=8.57345e-05 2.63444e-05 3.81326e-05 1.45453e-05 1.08938e-05 1.0681e-05 1.06532e-05 3.25446e-06
threshold=-0.0025697584393127855 0.01611157229307492 0.00036051747018883701 0.0044005138062884691 0.0029149622153673135 0.015572312882213923 0.0025620838052997572 0.0020612836433667055
decision_type=2 2 2 2 2 2 2 2
left_child=3 2 -2 -1 -5 6 -4 -8
right_child=1 -3 5 4 -6 -7 7 -9
leaf_value=0 0 0 0 0 1.9399982362312747e-08 0 0 -1.4084039663510903e-08
leaf_weight=254 8618 402 1708 410 5176 815 185 7991
leaf_count=254 8618 402 1708 410 5176 815 185 7991
internal_value=0 -8.25841e-10 -4.97649e-09 1.60226e-08 1.77295e-08 -1.03734e-08 -1.16425e-08 -1.36693e-08
internal_weight=25559 19719 19317 5840 5586 10699 9884 8176
internal_count=25559 19719 19317 5840 5586 10699 9884 8176
is_linear=0
shrinkage=0.000132856


Tree=176
num_leaves=8
num_cat=0
split_feature=13 6 3 6 6 13 2
split_gain=6.45577e-05 0.000179089 0.000109943 7.4879e-06 9.03046e-06 8.45448e-06 3.5177e-06
threshold=0.0070725977924481539 0.0081247936847519426 60787.30000000001 0.014572095282796018 -0.0020158348275324807 0.0028139697852878386 16807.505000000005
decision_type=2 2 2 2 2 2 2
left_child=3 2 -2 4 -1 -6 -7
right_child=1 -3 -4 -5 5 6 -8
leaf_value=0 4.282143839151282e-08 0 0 0 0 0 -8.4664002920564867e-09
leaf_weight=6534 3336 1573 757 661 3842 107 8688
leaf_count=6534 3336 1573 757 661 3842 107 8688
internal_value=0 1.34111e-08 3.19507e-08 -2.46003e-09 -3.6268e-09 -5.70656e-09 -7.98437e-09
internal_weight=25498 5666 4093 19832 19171 12637 8795
internal_count=25498 5666 4093 19832 19171 12637 8795
is_linear=0
shrinkage=0.000132856


Tree=177
num_leaves=8
num_cat=0
split_feature=13 6 3 6 6 13 2
split_gain=6.45262e-05 0.00017905 0.000109919 7.48661e-06 9.02815e-06 8.45196e-06 3.51716e-06
threshold=0.0070725977924481539 0.0081247936847519426 60787.30000000001 0.014572095282796018 -0.0020158348275324807 0.0028139697852878386 16807.505000000005
decision_type=2 2 2 2 2 2 2
left_child=3 2 -2 4 -1 -6 -7
right_child=1 -3 -4 -5 5 6 -8
leaf_value=0 4.2815755024443448e-08 0 0 0 0 0 -8.4652748871817544e-09
leaf_weight=6534 3336 1573 757 661 3842 107 8688
leaf_count=6534 3336 1573 757 661 3842 107 8688
internal_value=0 1.34078e-08 3.1946e-08 -2.45953e-09 -3.62629e-09 -5.70579e-09 -7.98326e-09
internal_weight=25498 5666 4093 19832 19171 12637 8795
internal_count=25498 5666 4093 19832 19171 12637 8795
is_linear=0
shrinkage=0.000132856


Tree=178
num_leaves=8
num_cat=0
split_feature=13 6 3 6 6 13 2
split_gain=6.44946e-05 0.00017901 0.000109896 7.48532e-06 9.02585e-06 8.44944e-06 3.51663e-06
threshold=0.0070725977924481539 0.0081247936847519426 60787.30000000001 0.014572095282796018 -0.0020158348275324807 0.0028139697852878386 16807.505000000005
decision_type=2 2 2 2 2 2 2
left_child=3 2 -2 4 -1 -6 -7
right_child=1 -3 -4 -5 5 6 -8
leaf_value=0 4.2810069199841545e-08 0 0 0 0 0 -8.4641514636153631e-09
leaf_weight=6534 3336 1573 757 661 3842 107 8688
leaf_count=6534 3336 1573 757 661 3842 107 8688
internal_value=0 1.34044e-08 3.19414e-08 -2.45904e-09 -3.62578e-09 -5.70501e-09 -7.98215e-09
internal_weight=25498 5666 4093 19832 19171 12637 8795
internal_count=25498 5666 4093 19832 19171 12637 8795
is_linear=0
shrinkage=0.000132856


Tree=179
num_leaves=8
num_cat=0
split_feature=13 6 3 6 6 13 2
split_gain=6.44631e-05 0.00017897 0.000109872 7.48402e-06 9.02355e-06 8.44692e-06 3.51609e-06
threshold=0.0070725977924481539 0.0081247936847519426 60787.30000000001 0.014572095282796018 -0.0020158348275324807 0.0028139697852878386 16807.505000000005
decision_type=2 2 2 2 2 2 2
left_child=3 2 -2 4 -1 -6 -7
right_child=1 -3 -4 -5 5 6 -8
leaf_value=0 4.2804385922568564e-08 0 0 0 0 0 -8.4630270077922198e-09
leaf_weight=6534 3336 1573 757 661 3842 107 8688
leaf_count=6534 3336 1573 757 661 3842 107 8688
internal_value=0 1.34011e-08 3.19368e-08 -2.45855e-09 -3.62527e-09 -5.70424e-09 -7.98104e-09
internal_weight=25498 5666 4093 19832 19171 12637 8795
internal_count=25498 5666 4093 19832 19171 12637 8795
is_linear=0
shrinkage=0.000132856


Tree=180
num_leaves=8
num_cat=0
split_feature=13 6 3 6 6 13 2
split_gain=6.44316e-05 0.00017893 0.000109849 7.48273e-06 9.02125e-06 8.4444e-06 3.51556e-06
threshold=0.0070725977924481539 0.0081247936847519426 60787.30000000001 0.014572095282796018 -0.0020158348275324807 0.0028139697852878386 16807.505000000005
decision_type=2 2 2 2 2 2 2
left_child=3 2 -2 4 -1 -6 -7
right_child=1 -3 -4 -5 5 6 -8
leaf_value=0 4.2798701803708945e-08 0 0 0 0 0 -8.4619039664212209e-09
leaf_weight=6534 3336 1573 757 661 3842 107 8688
leaf_count=6534 3336 1573 757 661 3842 107 8688
internal_value=0 1.33977e-08 3.19321e-08 -2.45806e-09 -3.62476e-09 -5.70347e-09 -7.97993e-09
internal_weight=25498 5666 4093 19832 19171 12637 8795
internal_count=25498 5666 4093 19832 19171 12637 8795
is_linear=0
shrinkage=0.000132856


Tree=181
num_leaves=8
num_cat=0
split_feature=13 6 3 6 6 13 2
split_gain=6.44001e-05 0.00017889 0.000109826 7.48144e-06 9.01895e-06 8.44188e-06 3.51503e-06
threshold=0.0070725977924481539 0.0081247936847519426 60787.30000000001 0.014572095282796018 -0.0020158348275324807 0.0028139697852878386 16807.505000000005
decision_type=2 2 2 2 2 2 2
left_child=3 2 -2 4 -1 -6 -7
right_child=1 -3 -4 -5 5 6 -8
leaf_value=0 4.2793020443163096e-08 0 0 0 0 0 -8.4607790130304202e-09
leaf_weight=6534 3336 1573 757 661 3842 107 8688
leaf_count=6534 3336 1573 757 661 3842 107 8688
internal_value=0 1.33944e-08 3.19275e-08 -2.45756e-09 -3.62425e-09 -5.7027e-09 -7.97882e-09
internal_weight=25498 5666 4093 19832 19171 12637 8795
internal_count=25498 5666 4093 19832 19171 12637 8795
is_linear=0
shrinkage=0.000132856


Tree=182
num_leaves=8
num_cat=0
split_feature=13 6 3 6 6 13 2
split_gain=6.43686e-05 0.00017885 0.000109802 7.48015e-06 9.01665e-06 8.43936e-06 3.51449e-06
threshold=0.0070725977924481539 0.0081247936847519426 60787.30000000001 0.014572095282796018 -0.0020158348275324807 0.0028139697852878386 16807.505000000005
decision_type=2 2 2 2 2 2 2
left_child=3 2 -2 4 -1 -6 -7
right_child=1 -3 -4 -5 5 6 -8
leaf_value=0 4.2787337894387412e-08 0 0 0 0 0 -8.4596555709319902e-09
leaf_weight=6534 3336 1573 757 661 3842 107 8688
leaf_count=6534 3336 1573 757 661 3842 107 8688
internal_value=0 1.3391e-08 3.19229e-08 -2.45707e-09 -3.62375e-09 -5.70192e-09 -7.97771e-09
internal_weight=25498 5666 4093 19832 19171 12637 8795
internal_count=25498 5666 4093 19832 19171 12637 8795
is_linear=0
shrinkage=0.000132856


Tree=183
num_leaves=8
num_cat=0
split_feature=13 6 3 6 6 13 2
split_gain=6.43371e-05 0.000178811 0.000109779 7.47886e-06 9.01435e-06 8.43685e-06 3.51396e-06
threshold=0.0070725977924481539 0.0081247936847519426 60787.30000000001 0.014572095282796018 -0.0020158348275324807 0.0028139697852878386 16807.505000000005
decision_type=2 2 2 2 2 2 2
left_child=3 2 -2 4 -1 -6 -7
right_child=1 -3 -4 -5 5 6 -8
leaf_value=0 4.2781658624903827e-08 0 0 0 0 0 -8.45853183731437e-09
leaf_weight=6534 3336 1573 757 661 3842 107 8688
leaf_count=6534 3336 1573 757 661 3842 107 8688
internal_value=0 1.33877e-08 3.19183e-08 -2.45658e-09 -3.62324e-09 -5.70115e-09 -7.9766e-09
internal_weight=25498 5666 4093 19832 19171 12637 8795
internal_count=25498 5666 4093 19832 19171 12637 8795
is_linear=0
shrinkage=0.000132856


Tree=184
num_leaves=3
num_cat=0
split_feature=6 6
split_gain=1.25066e-08 2.07921e-06
threshold=0.0010110620773039483 0.036943601099421637
decision_type=2 2
left_child=-1 -2
right_child=1 -3
leaf_value=1.2313129383781064e-10 -1.8333087623258305e-09 0
leaf_weight=14558 10917 216
leaf_count=14558 10917 216
internal_value=0 0
internal_weight=25691 11133
internal_count=25691 11133
is_linear=0
shrinkage=0.000132856


Tree=185
num_leaves=3
num_cat=0
split_feature=6 6
split_gain=1.25033e-08 2.07865e-06
threshold=0.0010110620773039483 0.036943601099421637
decision_type=2 2
left_child=-1 -2
right_child=1 -3
leaf_value=1.2311466054701069e-10 -1.8330647477756641e-09 0
leaf_weight=14558 10917 216
leaf_count=14558 10917 216
internal_value=0 0
internal_weight=25691 11133
internal_count=25691 11133
is_linear=0
shrinkage=0.000132856


Tree=186
num_leaves=3
num_cat=0
split_feature=6 6
split_gain=1.24999e-08 2.0781e-06
threshold=0.0010110620773039483 0.036943601099421637
decision_type=2 2
left_child=-1 -2
right_child=1 -3
leaf_value=1.2309812391043559e-10 -1.8328218813750353e-09 0
leaf_weight=14558 10917 216
leaf_count=14558 10917 216
internal_value=0 0
internal_weight=25691 11133
internal_count=25691 11133
is_linear=0
shrinkage=0.000132856


Tree=187
num_leaves=3
num_cat=0
split_feature=6 6
split_gain=1.24966e-08 2.07755e-06
threshold=0.0010110620773039483 0.036943601099421637
decision_type=2 2
left_child=-1 -2
right_child=1 -3
leaf_value=1.2308190676815329e-10 -1.8325782256110519e-09 0
leaf_weight=14558 10917 216
leaf_count=14558 10917 216
internal_value=0 0
internal_weight=25691 11133
internal_count=25691 11133
is_linear=0
shrinkage=0.000132856


Tree=188
num_leaves=3
num_cat=0
split_feature=6 6
split_gain=1.24933e-08 2.077e-06
threshold=0.0010110620773039483 0.036943601099421637
decision_type=2 2
left_child=-1 -2
right_child=1 -3
leaf_value=1.2306585956164702e-10 -1.8323353434579033e-09 0
leaf_weight=14558 10917 216
leaf_count=14558 10917 216
internal_value=0 0
internal_weight=25691 11133
internal_count=25691 11133
is_linear=0
shrinkage=0.000132856


Tree=189
num_leaves=3
num_cat=0
split_feature=6 6
split_gain=1.249e-08 2.07645e-06
threshold=0.0010110620773039483 0.036943601099421637
decision_type=2 2
left_child=-1 -2
right_child=1 -3
leaf_value=1.2304929669559979e-10 -1.8320914457513742e-09 0
leaf_weight=14558 10917 216
leaf_count=14558 10917 216
internal_value=0 0
internal_weight=25691 11133
internal_count=25691 11133
is_linear=0
shrinkage=0.000132856


Tree=190
num_leaves=3
num_cat=0
split_feature=6 6
split_gain=1.24866e-08 2.0759e-06
threshold=0.0010110620773039483 0.036943601099421637
decision_type=2 2
left_child=-1 -2
right_child=1 -3
leaf_value=1.2303269832428678e-10 -1.8318484974785872e-09 0
leaf_weight=14558 10917 216
leaf_count=14558 10917 216
internal_value=0 0
internal_weight=25691 11133
internal_count=25691 11133
is_linear=0
shrinkage=0.000132856


Tree=191
num_leaves=3
num_cat=0
split_feature=6 6
split_gain=1.24833e-08 2.07534e-06
threshold=0.0010110620773039483 0.036943601099421637
decision_type=2 2
left_child=-1 -2
right_child=1 -3
leaf_value=1.2301615354373231e-10 -1.8316046343589917e-09 0
leaf_weight=14558 10917 216
leaf_count=14558 10917 216
internal_value=0 0
internal_weight=25691 11133
internal_count=25691 11133
is_linear=0
shrinkage=0.000132856


Tree=192
num_leaves=3
num_cat=0
split_feature=5 5
split_gain=7.66085e-06 3.71659e-05
threshold=-0.0025697584393127855 0.0070025975478307254
decision_type=2 2
left_child=-1 -2
right_child=1 -3
leaf_value=2.9774224108131326e-09 -6.4572954616971083e-09 0
leaf_weight=5927 17713 2011
leaf_count=5927 17713 2011
internal_value=0 -2.04701e-09
internal_weight=25651 19724
internal_count=25651 19724
is_linear=0
shrinkage=0.000132856


Tree=193
num_leaves=3
num_cat=0
split_feature=5 5
split_gain=7.65653e-06 3.71584e-05
threshold=-0.0025697584393127855 0.0070025975478307254
decision_type=2 2
left_child=-1 -2
right_child=1 -3
leaf_value=2.9770277865125026e-09 -6.4564375852051391e-09 0
leaf_weight=5927 17713 2011
leaf_count=5927 17713 2011
internal_value=0 -2.04624e-09
internal_weight=25651 19724
internal_count=25651 19724
is_linear=0
shrinkage=0.000132856


Tree=194
num_leaves=3
num_cat=0
split_feature=5 5
split_gain=7.65222e-06 3.71508e-05
threshold=-0.0025697584393127855 0.0070025975478307254
decision_type=2 2
left_child=-1 -2
right_child=1 -3
leaf_value=2.9766317777651002e-09 -6.4555800256279084e-09 0
leaf_weight=5927 17713 2011
leaf_count=5927 17713 2011
internal_value=0 -2.04547e-09
internal_weight=25651 19724
internal_count=25651 19724
is_linear=0
shrinkage=0.000132856


Tree=195
num_leaves=3
num_cat=0
split_feature=5 5
split_gain=7.6479e-06 3.71432e-05
threshold=-0.0025697584393127855 0.0070025975478307254
decision_type=2 2
left_child=-1 -2
right_child=1 -3
leaf_value=2.9762352635705148e-09 -6.454722357586179e-09 0
leaf_weight=5927 17713 2011
leaf_count=5927 17713 2011
internal_value=0 -2.0447e-09
internal_weight=25651 19724
internal_count=25651 19724
is_linear=0
shrinkage=0.000132856


Tree=196
num_leaves=3
num_cat=0
split_feature=5 5
split_gain=7.6436e-06 3.71356e-05
threshold=-0.0025697584393127855 0.0070025975478307254
decision_type=2 2
left_child=-1 -2
right_child=1 -3
leaf_value=2.9758402282195805e-09 -6.4538648864645733e-09 0
leaf_weight=5927 17713 2011
leaf_count=5927 17713 2011
internal_value=0 -2.04393e-09
internal_weight=25651 19724
internal_count=25651 19724
is_linear=0
shrinkage=0.000132856


Tree=197
num_leaves=3
num_cat=0
split_feature=5 5
split_gain=7.63929e-06 3.7128e-05
threshold=-0.0025697584393127855 0.0070025975478307254
decision_type=2 2
left_child=-1 -2
right_child=1 -3
leaf_value=2.9754457493863316e-09 -6.453007241680663e-09 0
leaf_weight=5927 17713 2011
leaf_count=5927 17713 2011
internal_value=0 -2.04316e-09
internal_weight=25651 19724
internal_count=25651 19724
is_linear=0
shrinkage=0.000132856


Tree=198
num_leaves=3
num_cat=0
split_feature=5 5
split_gain=7.63499e-06 3.71204e-05
threshold=-0.0025697584393127855 0.0070025975478307254
decision_type=2 2
left_child=-1 -2
right_child=1 -3
leaf_value=2.9750514621795587e-09 -6.4521502561562648e-09 0
leaf_weight=5927 17713 2011
leaf_count=5927 17713 2011
internal_value=0 -2.04239e-09
internal_weight=25651 19724
internal_count=25651 19724
is_linear=0
shrinkage=0.000132856


Tree=199
num_leaves=3
num_cat=0
split_feature=5 5
split_gain=7.63068e-06 3.71128e-05
threshold=-0.0025697584393127855 0.0070025975478307254
decision_type=2 2
left_child=-1 -2
right_child=1 -3
leaf_value=2.9746556250257886e-09 -6.4512931378603678e-09 0
leaf_weight=5927 17713 2011
leaf_count=5927 17713 2011
internal_value=0 -2.04162e-09
internal_weight=25651 19724
internal_count=25651 19724
is_linear=0
shrinkage=0.000132856


Tree=200
num_leaves=9
num_cat=0
split_feature=6 5 7 11 12 5 13 7
split_gain=5.70615e-06 4.99076e-05 4.21069e-05 2.94765e-05 3.00246e-05 1.70544e-05 1.36398e-05 8.03722e-06
threshold=0.014572095282796018 -0.0062297310138539333 0.00078566518251543826 82.411181587434186 0.0031254609866395535 0.0060817964016657297 0.0018817191118075717 0.080205622205555063
decision_type=2 2 2 2 2 2 2 2
left_child=1 -1 -3 4 -4 6 -6 -8
right_child=-2 2 3 -5 5 -7 7 -9
leaf_value=0 0 0 0 0 0 0 -2.1989163367631098e-08 0
leaf_weight=2291 1613 10895 1933 462 263 849 7151 137
leaf_count=2291 1613 10895 1933 462 263 849 7151 137
internal_value=0 -2.04927e-09 -6.72699e-09 -1.26392e-08 -1.47388e-08 -1.81737e-08 -2.01807e-08 -2.13302e-08
internal_weight=25594 23981 21690 10795 10333 8400 7551 7288
internal_count=25594 23981 21690 10795 10333 8400 7551 7288
is_linear=0
shrinkage=0.000132856


Tree=201
num_leaves=9
num_cat=0
split_feature=6 5 7 11 12 5 13 7
split_gain=5.7013e-06 4.98965e-05 4.2093e-05 2.94715e-05 3.00165e-05 1.70496e-05 1.36371e-05 8.03566e-06
threshold=0.014572095282796018 -0.0062297310138539333 0.00078566518251543826 82.411181587434186 0.0031254609866395535 0.0060817964016657297 0.0018817191118075717 0.080205622205555063
decision_type=2 2 2 2 2 2 2 2
left_child=1 -1 -3 4 -4 6 -6 -8
right_child=-2 2 3 -5 5 -7 7 -9
leaf_value=0 0 0 0 0 0 0 -2.1986243534219154e-08 0
leaf_weight=2291 1613 10895 1933 462 263 849 7151 137
leaf_count=2291 1613 10895 1933 462 263 849 7151 137
internal_value=0 -2.0484e-09 -6.72603e-09 -1.26373e-08 -1.47368e-08 -1.81712e-08 -2.01779e-08 -2.13273e-08
internal_weight=25594 23981 21690 10795 10333 8400 7551 7288
internal_count=25594 23981 21690 10795 10333 8400 7551 7288
is_linear=0
shrinkage=0.000132856


Tree=202
num_leaves=9
num_cat=0
split_feature=6 5 7 11 12 5 13 7
split_gain=5.69646e-06 4.98854e-05 4.2079e-05 2.94666e-05 3.00083e-05 1.70449e-05 1.36344e-05 8.0341e-06
threshold=0.014572095282796018 -0.0062297310138539333 0.00078566518251543826 82.411181587434186 0.0031254609866395535 0.0060817964016657297 0.0018817191118075717 0.080205622205555063
decision_type=2 2 2 2 2 2 2 2
left_child=1 -1 -3 4 -4 6 -6 -8
right_child=-2 2 3 -5 5 -7 7 -9
leaf_value=0 0 0 0 0 0 0 -2.1983323291487939e-08 0
leaf_weight=2291 1613 10895 1933 462 263 849 7151 137
leaf_count=2291 1613 10895 1933 462 263 849 7151 137
internal_value=0 -2.04753e-09 -6.72506e-09 -1.26353e-08 -1.47347e-08 -1.81687e-08 -2.01752e-08 -2.13245e-08
internal_weight=25594 23981 21690 10795 10333 8400 7551 7288
internal_count=25594 23981 21690 10795 10333 8400 7551 7288
is_linear=0
shrinkage=0.000132856


Tree=203
num_leaves=9
num_cat=0
split_feature=6 5 7 11 12 5 13 7
split_gain=5.69161e-06 4.98744e-05 4.2065e-05 2.94616e-05 3.00002e-05 1.70401e-05 1.36317e-05 8.03254e-06
threshold=0.014572095282796018 -0.0062297310138539333 0.00078566518251543826 82.411181587434186 0.0031254609866395535 0.0060817964016657297 0.0018817191118075717 0.080205622205555063
decision_type=2 2 2 2 2 2 2 2
left_child=1 -1 -3 4 -4 6 -6 -8
right_child=-2 2 3 -5 5 -7 7 -9
leaf_value=0 0 0 0 0 0 0 -2.1980403523013525e-08 0
leaf_weight=2291 1613 10895 1933 462 263 849 7151 137
leaf_count=2291 1613 10895 1933 462 263 849 7151 137
internal_value=0 -2.04666e-09 -6.7241e-09 -1.26334e-08 -1.47327e-08 -1.81662e-08 -2.01724e-08 -2.13216e-08
internal_weight=25594 23981 21690 10795 10333 8400 7551 7288
internal_count=25594 23981 21690 10795 10333 8400 7551 7288
is_linear=0
shrinkage=0.000132856


Tree=204
num_leaves=9
num_cat=0
split_feature=6 5 7 11 12 5 13 7
split_gain=5.68677e-06 4.98633e-05 4.2051e-05 2.94566e-05 2.99921e-05 1.70354e-05 1.3629e-05 8.03098e-06
threshold=0.014572095282796018 -0.0062297310138539333 0.00078566518251543826 82.411181587434186 0.0031254609866395535 0.0060817964016657297 0.0018817191118075717 0.080205622205555063
decision_type=2 2 2 2 2 2 2 2
left_child=1 -1 -3 4 -4 6 -6 -8
right_child=-2 2 3 -5 5 -7 7 -9
leaf_value=0 0 0 0 0 0 0 -2.1977484389744027e-08 0
leaf_weight=2291 1613 10895 1933 462 263 849 7151 137
leaf_count=2291 1613 10895 1933 462 263 849 7151 137
internal_value=0 -2.04579e-09 -6.72314e-09 -1.26315e-08 -1.47307e-08 -1.81637e-08 -2.01696e-08 -2.13187e-08
internal_weight=25594 23981 21690 10795 10333 8400 7551 7288
internal_count=25594 23981 21690 10795 10333 8400 7551 7288
is_linear=0
shrinkage=0.000132856


Tree=205
num_leaves=9
num_cat=0
split_feature=6 5 7 11 12 5 13 7
split_gain=5.68193e-06 4.98522e-05 4.2037e-05 2.94517e-05 2.9984e-05 1.70307e-05 1.36262e-05 8.02943e-06
threshold=0.014572095282796018 -0.0062297310138539333 0.00078566518251543826 82.411181587434186 0.0031254609866395535 0.0060817964016657297 0.0018817191118075717 0.080205622205555063
decision_type=2 2 2 2 2 2 2 2
left_child=1 -1 -3 4 -4 6 -6 -8
right_child=-2 2 3 -5 5 -7 7 -9
leaf_value=0 0 0 0 0 0 0 -2.19745650455363e-08 0
leaf_weight=2291 1613 10895 1933 462 263 849 7151 137
leaf_count=2291 1613 10895 1933 462 263 849 7151 137
internal_value=0 -2.04492e-09 -6.72218e-09 -1.26295e-08 -1.47287e-08 -1.81612e-08 -2.01669e-08 -2.13159e-08
internal_weight=25594 23981 21690 10795 10333 8400 7551 7288
internal_count=25594 23981 21690 10795 10333 8400 7551 7288
is_linear=0
shrinkage=0.000132856


Tree=206
num_leaves=9
num_cat=0
split_feature=6 5 7 11 12 5 13 7
split_gain=5.67709e-06 4.98412e-05 4.2023e-05 2.94467e-05 2.99758e-05 1.70259e-05 1.36235e-05 8.02787e-06
threshold=0.014572095282796018 -0.0062297310138539333 0.00078566518251543826 82.411181587434186 0.0031254609866395535 0.0060817964016657297 0.0018817191118075717 0.080205622205555063
decision_type=2 2 2 2 2 2 2 2
left_child=1 -1 -3 4 -4 6 -6 -8
right_child=-2 2 3 -5 5 -7 7 -9
leaf_value=0 0 0 0 0 0 0 -2.1971646486062527e-08 0
leaf_weight=2291 1613 10895 1933 462 263 849 7151 137
leaf_count=2291 1613 10895 1933 462 263 849 7151 137
internal_value=0 -2.04405e-09 -6.72121e-09 -1.26276e-08 -1.47267e-08 -1.81587e-08 -2.01641e-08 -2.1313e-08
internal_weight=25594 23981 21690 10795 10333 8400 7551 7288
internal_count=25594 23981 21690 10795 10333 8400 7551 7288
is_linear=0
shrinkage=0.000132856


Tree=207
num_leaves=9
num_cat=0
split_feature=6 5 7 11 12 5 13 7
split_gain=5.67226e-06 4.98301e-05 4.20091e-05 2.94417e-05 2.99677e-05 1.70212e-05 1.36208e-05 8.02631e-06
threshold=0.014572095282796018 -0.0062297310138539333 0.00078566518251543826 82.411181587434186 0.0031254609866395535 0.0060817964016657297 0.0018817191118075717 0.080205622205555063
decision_type=2 2 2 2 2 2 2 2
left_child=1 -1 -3 4 -4 6 -6 -8
right_child=-2 2 3 -5 5 -7 7 -9
leaf_value=0 0 0 0 0 0 0 -2.1968728193663716e-08 0
leaf_weight=2291 1613 10895 1933 462 263 849 7151 137
leaf_count=2291 1613 10895 1933 462 263 849 7151 137
internal_value=0 -2.04318e-09 -6.72025e-09 -1.26257e-08 -1.47246e-08 -1.81563e-08 -2.01613e-08 -2.13101e-08
internal_weight=25594 23981 21690 10795 10333 8400 7551 7288
internal_count=25594 23981 21690 10795 10333 8400 7551 7288
is_linear=0
shrinkage=0.000132856


Tree=208
num_leaves=8
num_cat=0
split_feature=5 5 10 9 6 13 13
split_gain=1.71313e-05 5.22665e-05 6.04012e-05 3.14279e-05 2.56145e-05 2.39601e-06 1.37149e-07
threshold=-0.0025052966770633951 0.0070025975478307254 27029.621235279035 105461.32593196727 0.024431784038963514 0.001344793122143051 0.0045720297444194419
decision_type=2 2 2 2 2 2 2
left_child=6 2 -2 4 5 -4 -1
right_child=1 -3 3 -5 -6 -7 -8
leaf_value=0 0 0 0 0 0 -1.6912105633155996e-08 7.6493994773298614e-10
leaf_weight=1898 3756 1953 288 1652 166 11676 4135
leaf_count=1898 3756 1953 288 1652 166 11676 4135
internal_value=0 -3.93854e-09 -8.35675e-09 -1.28922e-08 -1.53155e-08 -1.66012e-08 0
internal_weight=25524 19491 17538 13782 12130 11964 6033
internal_count=25524 19491 17538 13782 12130 11964 6033
is_linear=0
shrinkage=0.000132856


Tree=209
num_leaves=8
num_cat=0
split_feature=5 5 10 9 6 13 13
split_gain=1.71196e-05 5.22534e-05 6.03877e-05 3.14207e-05 2.56107e-05 2.39509e-06 1.37113e-07
threshold=-0.0025052966770633951 0.0070025975478307254 27029.621235279035 105461.32593196727 0.024431784038963514 0.001344793122143051 0.0045720297444194419
decision_type=2 2 2 2 2 2 2
left_child=6 2 -2 4 5 -4 -1
right_child=1 -3 3 -5 -6 -7 -8
leaf_value=0 0 0 0 0 0 -1.6909858768028995e-08 7.6484003619060093e-10
leaf_weight=1898 3756 1953 288 1652 166 11676 4135
leaf_count=1898 3756 1953 288 1652 166 11676 4135
internal_value=0 -3.93719e-09 -8.35525e-09 -1.28903e-08 -1.53133e-08 -1.6599e-08 0
internal_weight=25524 19491 17538 13782 12130 11964 6033
internal_count=25524 19491 17538 13782 12130 11964 6033
is_linear=0
shrinkage=0.000132856


Tree=210
num_leaves=8
num_cat=0
split_feature=5 5 10 9 6 13 13
split_gain=1.71079e-05 5.22402e-05 6.03743e-05 3.14135e-05 2.56069e-05 2.39416e-06 1.37077e-07
threshold=-0.0025052966770633951 0.0070025975478307254 27029.621235279035 105461.32593196727 0.024431784038963514 0.001344793122143051 0.0045720297444194419
decision_type=2 2 2 2 2 2 2
left_child=6 2 -2 4 5 -4 -1
right_child=1 -3 3 -5 -6 -7 -8
leaf_value=0 0 0 0 0 0 -1.6907612855065837e-08 7.6473751293948087e-10
leaf_weight=1898 3756 1953 288 1652 166 11676 4135
leaf_count=1898 3756 1953 288 1652 166 11676 4135
internal_value=0 -3.93585e-09 -8.35376e-09 -1.28884e-08 -1.53112e-08 -1.65969e-08 0
internal_weight=25524 19491 17538 13782 12130 11964 6033
internal_count=25524 19491 17538 13782 12130 11964 6033
is_linear=0
shrinkage=0.000132856


Tree=211
num_leaves=8
num_cat=0
split_feature=5 5 10 9 6 13 13
split_gain=1.70962e-05 5.22271e-05 6.03608e-05 3.14063e-05 2.5603e-05 2.39324e-06 1.3704e-07
threshold=-0.0025052966770633951 0.0070025975478307254 27029.621235279035 105461.32593196727 0.024431784038963514 0.001344793122143051 0.0045720297444194419
decision_type=2 2 2 2 2 2 2
left_child=6 2 -2 4 5 -4 -1
right_child=1 -3 3 -5 -6 -7 -8
leaf_value=0 0 0 0 0 0 -1.6905367416610908e-08 7.6463655289630477e-10
leaf_weight=1898 3756 1953 288 1652 166 11676 4135
leaf_count=1898 3756 1953 288 1652 166 11676 4135
internal_value=0 -3.9345e-09 -8.35226e-09 -1.28865e-08 -1.5309e-08 -1.65947e-08 0
internal_weight=25524 19491 17538 13782 12130 11964 6033
internal_count=25524 19491 17538 13782 12130 11964 6033
is_linear=0
shrinkage=0.000132856


Tree=212
num_leaves=8
num_cat=0
split_feature=5 5 10 9 6 13 13
split_gain=1.70845e-05 5.2214e-05 6.03473e-05 3.13991e-05 2.55992e-05 2.39232e-06 1.37003e-07
threshold=-0.0025052966770633951 0.0070025975478307254 27029.621235279035 105461.32593196727 0.024431784038963514 0.001344793122143051 0.0045720297444194419
decision_type=2 2 2 2 2 2 2
left_child=6 2 -2 4 5 -4 -1
right_child=1 -3 3 -5 -6 -7 -8
leaf_value=0 0 0 0 0 0 -1.6903121468067586e-08 7.6453279296654737e-10
leaf_weight=1898 3756 1953 288 1652 166 11676 4135
leaf_count=1898 3756 1953 288 1652 166 11676 4135
internal_value=0 -3.93316e-09 -8.35077e-09 -1.28846e-08 -1.53068e-08 -1.65925e-08 0
internal_weight=25524 19491 17538 13782 12130 11964 6033
internal_count=25524 19491 17538 13782 12130 11964 6033
is_linear=0
shrinkage=0.000132856


Tree=213
num_leaves=8
num_cat=0
split_feature=5 5 10 9 6 13 13
split_gain=1.70728e-05 5.22009e-05 6.03338e-05 3.13919e-05 2.55954e-05 2.39139e-06 1.36967e-07
threshold=-0.0025052966770633951 0.0070025975478307254 27029.621235279035 105461.32593196727 0.024431784038963514 0.001344793122143051 0.0045720297444194419
decision_type=2 2 2 2 2 2 2
left_child=6 2 -2 4 5 -4 -1
right_child=1 -3 3 -5 -6 -7 -8
leaf_value=0 0 0 0 0 0 -1.6900876200639944e-08 7.6443239291529086e-10
leaf_weight=1898 3756 1953 288 1652 166 11676 4135
leaf_count=1898 3756 1953 288 1652 166 11676 4135
internal_value=0 -3.93181e-09 -8.34927e-09 -1.28827e-08 -1.53047e-08 -1.65903e-08 0
internal_weight=25524 19491 17538 13782 12130 11964 6033
internal_count=25524 19491 17538 13782 12130 11964 6033
is_linear=0
shrinkage=0.000132856


Tree=214
num_leaves=8
num_cat=0
split_feature=5 5 10 9 6 13 13
split_gain=1.70611e-05 5.21877e-05 6.03204e-05 3.13848e-05 2.55916e-05 2.39047e-06 1.36932e-07
threshold=-0.0025052966770633951 0.0070025975478307254 27029.621235279035 105461.32593196727 0.024431784038963514 0.001344793122143051 0.0045720297444194419
decision_type=2 2 2 2 2 2 2
left_child=6 2 -2 4 5 -4 -1
right_child=1 -3 3 -5 -6 -7 -8
leaf_value=0 0 0 0 0 0 -1.6898630974258179e-08 7.643328203149991e-10
leaf_weight=1898 3756 1953 288 1652 166 11676 4135
leaf_count=1898 3756 1953 288 1652 166 11676 4135
internal_value=0 -3.93047e-09 -8.34778e-09 -1.28808e-08 -1.53025e-08 -1.65881e-08 0
internal_weight=25524 19491 17538 13782 12130 11964 6033
internal_count=25524 19491 17538 13782 12130 11964 6033
is_linear=0
shrinkage=0.000132856


Tree=215
num_leaves=8
num_cat=0
split_feature=5 5 10 9 6 13 13
split_gain=1.70495e-05 5.21746e-05 6.03069e-05 3.13776e-05 2.55878e-05 2.38955e-06 1.36894e-07
threshold=-0.0025052966770633951 0.0070025975478307254 27029.621235279035 105461.32593196727 0.024431784038963514 0.001344793122143051 0.0045720297444194419
decision_type=2 2 2 2 2 2 2
left_child=6 2 -2 4 5 -4 -1
right_child=1 -3 3 -5 -6 -7 -8
leaf_value=0 0 0 0 0 0 -1.6896386762700661e-08 7.6422920173037407e-10
leaf_weight=1898 3756 1953 288 1652 166 11676 4135
leaf_count=1898 3756 1953 288 1652 166 11676 4135
internal_value=0 -3.92912e-09 -8.34628e-09 -1.28789e-08 -1.53004e-08 -1.65859e-08 0
internal_weight=25524 19491 17538 13782 12130 11964 6033
internal_count=25524 19491 17538 13782 12130 11964 6033
is_linear=0
shrinkage=0.000132856


Tree=216
num_leaves=5
num_cat=0
split_feature=5 5 6 6
split_gain=4.15785e-05 5.39854e-05 1.11066e-05 8.49822e-06
threshold=-0.0025697584393127855 0.011679406640418223 -0.002078610438985717 0.028793475204331068
decision_type=2 2 2 2
left_child=-1 2 -2 -4
right_child=1 -3 3 -5
leaf_value=9.7518671285162369e-09 0 0 -1.0268504853869161e-08 0
leaf_weight=5945 4762 816 13913 163
leaf_count=5945 4762 816 13913 163
internal_value=0 -2.92633e-09 -7.71437e-09 -9.67298e-09
internal_weight=25599 19654 18838 14076
internal_count=25599 19654 18838 14076
is_linear=0
shrinkage=0.000132856


Tree=217
num_leaves=5
num_cat=0
split_feature=5 5 6 6
split_gain=4.15637e-05 5.39751e-05 1.11024e-05 8.49694e-06
threshold=-0.0025697584393127855 0.011679406640418223 -0.002078610438985717 0.028793475204331068
decision_type=2 2 2 2
left_child=-1 2 -2 -4
right_child=1 -3 3 -5
leaf_value=9.7505727800822571e-09 0 0 -1.0267141092175061e-08 0
leaf_weight=5945 4762 816 13913 163
leaf_count=5945 4762 816 13913 163
internal_value=0 -2.92536e-09 -7.71336e-09 -9.67163e-09
internal_weight=25599 19654 18838 14076
internal_count=25599 19654 18838 14076
is_linear=0
shrinkage=0.000132856


Tree=218
num_leaves=5
num_cat=0
split_feature=5 5 6 6
split_gain=4.15489e-05 5.39648e-05 1.10982e-05 8.49566e-06
threshold=-0.0025697584393127855 0.011679406640418223 -0.002078610438985717 0.028793475204331068
decision_type=2 2 2 2
left_child=-1 2 -2 -4
right_child=1 -3 3 -5
leaf_value=9.7492766206482634e-09 0 0 -1.0265777284932889e-08 0
leaf_weight=5945 4762 816 13913 163
leaf_count=5945 4762 816 13913 163
internal_value=0 -2.9244e-09 -7.71235e-09 -9.67029e-09
internal_weight=25599 19654 18838 14076
internal_count=25599 19654 18838 14076
is_linear=0
shrinkage=0.000132856


Tree=219
num_leaves=5
num_cat=0
split_feature=5 5 6 6
split_gain=4.15341e-05 5.39545e-05 1.1094e-05 8.49437e-06
threshold=-0.0025697584393127855 0.011679406640418223 -0.002078610438985717 0.028793475204331068
decision_type=2 2 2 2
left_child=-1 2 -2 -4
right_child=1 -3 3 -5
leaf_value=9.7479824006520549e-09 0 0 -1.0264413694818792e-08 0
leaf_weight=5945 4762 816 13913 163
leaf_count=5945 4762 816 13913 163
internal_value=0 -2.92343e-09 -7.71135e-09 -9.66894e-09
internal_weight=25599 19654 18838 14076
internal_count=25599 19654 18838 14076
is_linear=0
shrinkage=0.000132856


Tree=220
num_leaves=5
num_cat=0
split_feature=5 5 6 6
split_gain=4.15194e-05 5.39443e-05 1.10898e-05 8.4931e-06
threshold=-0.0025697584393127855 0.011679406640418223 -0.002078610438985717 0.028793475204331068
decision_type=2 2 2 2
left_child=-1 2 -2 -4
right_child=1 -3 3 -5
leaf_value=9.7466885664567851e-09 0 0 -1.0263050196992648e-08 0
leaf_weight=5945 4762 816 13913 163
leaf_count=5945 4762 816 13913 163
internal_value=0 -2.92247e-09 -7.71034e-09 -9.66759e-09
internal_weight=25599 19654 18838 14076
internal_count=25599 19654 18838 14076
is_linear=0
shrinkage=0.000132856


Tree=221
num_leaves=5
num_cat=0
split_feature=5 5 6 6
split_gain=4.15046e-05 5.3934e-05 1.10856e-05 8.49182e-06
threshold=-0.0025697584393127855 0.011679406640418223 -0.002078610438985717 0.028793475204331068
decision_type=2 2 2 2
left_child=-1 2 -2 -4
right_child=1 -3 3 -5
leaf_value=9.7453940978035084e-09 0 0 -1.0261686850136283e-08 0
leaf_weight=5945 4762 816 13913 163
leaf_count=5945 4762 816 13913 163
internal_value=0 -2.9215e-09 -7.70933e-09 -9.66624e-09
internal_weight=25599 19654 18838 14076
internal_count=25599 19654 18838 14076
is_linear=0
shrinkage=0.000132856


Tree=222
num_leaves=5
num_cat=0
split_feature=5 5 6 6
split_gain=4.14898e-05 5.39237e-05 1.10814e-05 8.49054e-06
threshold=-0.0025697584393127855 0.011679406640418223 -0.002078610438985717 0.028793475204331068
decision_type=2 2 2 2
left_child=-1 2 -2 -4
right_child=1 -3 3 -5
leaf_value=9.7440989755327117e-09 0 0 -1.0260323605780723e-08 0
leaf_weight=5945 4762 816 13913 163
leaf_count=5945 4762 816 13913 163
internal_value=0 -2.92054e-09 -7.70832e-09 -9.6649e-09
internal_weight=25599 19654 18838 14076
internal_count=25599 19654 18838 14076
is_linear=0
shrinkage=0.000132856


Tree=223
num_leaves=5
num_cat=0
split_feature=5 5 6 6
split_gain=4.1475e-05 5.39134e-05 1.10771e-05 8.48926e-06
threshold=-0.0025697584393127855 0.011679406640418223 -0.002078610438985717 0.028793475204331068
decision_type=2 2 2 2
left_child=-1 2 -2 -4
right_child=1 -3 3 -5
leaf_value=9.7428047055856601e-09 0 0 -1.0258960667656527e-08 0
leaf_weight=5945 4762 816 13913 163
leaf_count=5945 4762 816 13913 163
internal_value=0 -2.91957e-09 -7.70732e-09 -9.66355e-09
internal_weight=25599 19654 18838 14076
internal_count=25599 19654 18838 14076
is_linear=0
shrinkage=0.000132856


Tree=224
num_leaves=13
num_cat=0
split_feature=13 12 5 14 4 15 11 0 14 15 4 12
split_gain=3.69946e-05 2.97409e-05 3.00745e-05 4.61904e-05 3.90019e-05 3.25222e-05 2.58358e-05 2.2657e-05 2.04911e-05 4.96105e-05 3.4958e-05 1.45791e-05
threshold=0.0064668615330730527 0.0026817717835810623 0.0067897839250067324 0.029592950512530084 744.03751000000011 -824.94256956023662 80.108489102050143 16585.175000000003 -0.037319933171926604 978.1838267740751 1228.3737750000003 0.0048744717982664989
decision_type=2 2 2 2 2 2 2 2 2 2 2 2
left_child=1 -1 3 4 -3 -6 7 -7 -2 10 -10 -12
right_child=8 2 -4 -5 5 6 -8 -9 9 -11 11 -13
leaf_value=0 0 0 0 0 0 0 0 -2.137374322709678e-08 0 0 0 2.0922164553082918e-08
leaf_weight=2876 841 3595 796 388 128 125 209 10160 940 270 169 4822
leaf_count=2876 841 3595 796 388 128 125 209 10160 940 270 169 4822
internal_value=0 -5.97685e-09 -8.7449e-09 -1.08158e-08 -1.33233e-08 -1.73889e-08 -1.89935e-08 -2.03079e-08 0 7.63586e-09 1.44412e-08 1.92713e-08
internal_weight=25319 18277 15401 14605 14217 10622 10494 10285 7042 6201 5931 4991
internal_count=25319 18277 15401 14605 14217 10622 10494 10285 7042 6201 5931 4991
is_linear=0
shrinkage=0.000132856


Tree=225
num_leaves=13
num_cat=0
split_feature=13 12 5 14 4 15 11 0 14 15 4 12
split_gain=3.6975e-05 2.97319e-05 3.00677e-05 4.61822e-05 3.89886e-05 3.2517e-05 2.58315e-05 2.26536e-05 2.04795e-05 4.96001e-05 3.49507e-05 1.45766e-05
threshold=0.0064668615330730527 0.0026817717835810623 0.0067897839250067324 0.029592950512530084 744.03751000000011 -824.94256956023662 80.108489102050143 16585.175000000003 -0.037319933171926604 978.1838267740751 1228.3737750000003 0.0048744717982664989
decision_type=2 2 2 2 2 2 2 2 2 2 2 2
left_child=1 -1 3 4 -3 -6 7 -7 -2 10 -10 -12
right_child=8 2 -4 -5 5 6 -8 -9 9 -11 11 -13
leaf_value=0 0 0 0 0 0 0 0 -2.1370904141648925e-08 0 0 0 2.0919386018463155e-08
leaf_weight=2876 841 3595 796 388 128 125 209 10160 940 270 169 4822
leaf_count=2876 841 3595 796 388 128 125 209 10160 940 270 169 4822
internal_value=0 -5.97527e-09 -8.74302e-09 -1.08138e-08 -1.33213e-08 -1.73862e-08 -1.89907e-08 -2.03051e-08 0 7.6337e-09 1.44389e-08 1.92687e-08
internal_weight=25319 18277 15401 14605 14217 10622 10494 10285 7042 6201 5931 4991
internal_count=25319 18277 15401 14605 14217 10622 10494 10285 7042 6201 5931 4991
is_linear=0
shrinkage=0.000132856


Tree=226
num_leaves=13
num_cat=0
split_feature=13 12 5 14 4 15 11 0 14 15 4 12
split_gain=3.69555e-05 2.97228e-05 3.0061e-05 4.61741e-05 3.89753e-05 3.25118e-05 2.58272e-05 2.26501e-05 2.04679e-05 4.95898e-05 3.49434e-05 1.4574e-05
threshold=0.0064668615330730527 0.0026817717835810623 0.0067897839250067324 0.029592950512530084 744.03751000000011 -824.94256956023662 80.108489102050143 16585.175000000003 -0.037319933171926604 978.1838267740751 1228.3737750000003 0.0048744717982664989
decision_type=2 2 2 2 2 2 2 2 2 2 2 2
left_child=1 -1 3 4 -3 -6 7 -7 -2 10 -10 -12
right_child=8 2 -4 -5 5 6 -8 -9 9 -11 11 -13
leaf_value=0 0 0 0 0 0 0 0 -2.1368065332306137e-08 0 0 0 2.0916608013681268e-08
leaf_weight=2876 841 3595 796 388 128 125 209 10160 940 270 169 4822
leaf_count=2876 841 3595 796 388 128 125 209 10160 940 270 169 4822
internal_value=0 -5.97369e-09 -8.74115e-09 -1.08118e-08 -1.33193e-08 -1.73835e-08 -1.8988e-08 -2.03023e-08 0 7.63154e-09 1.44367e-08 1.9266e-08
internal_weight=25319 18277 15401 14605 14217 10622 10494 10285 7042 6201 5931 4991
internal_count=25319 18277 15401 14605 14217 10622 10494 10285 7042 6201 5931 4991
is_linear=0
shrinkage=0.000132856


Tree=227
num_leaves=13
num_cat=0
split_feature=13 12 5 14 4 15 11 0 14 15 4 12
split_gain=3.6936e-05 2.97138e-05 3.00542e-05 4.61659e-05 3.8962e-05 3.25065e-05 2.58229e-05 2.26466e-05 2.04564e-05 4.95795e-05 3.4936e-05 1.45715e-05
threshold=0.0064668615330730527 0.0026817717835810623 0.0067897839250067324 0.029592950512530084 744.03751000000011 -824.94256956023662 80.108489102050143 16585.175000000003 -0.037319933171926604 978.1838267740751 1228.3737750000003 0.0048744717982664989
decision_type=2 2 2 2 2 2 2 2 2 2 2 2
left_child=1 -1 3 4 -3 -6 7 -7 -2 10 -10 -12
right_child=8 2 -4 -5 5 6 -8 -9 9 -11 11 -13
leaf_value=0 0 0 0 0 0 0 0 -2.1365226637467727e-08 0 0 0 2.0913830896600445e-08
leaf_weight=2876 841 3595 796 388 128 125 209 10160 940 270 169 4822
leaf_count=2876 841 3595 796 388 128 125 209 10160 940 270 169 4822
internal_value=0 -5.97211e-09 -8.73928e-09 -1.08099e-08 -1.33172e-08 -1.73808e-08 -1.89852e-08 -2.02995e-08 0 7.62938e-09 1.44344e-08 1.92633e-08
internal_weight=25319 18277 15401 14605 14217 10622 10494 10285 7042 6201 5931 4991
internal_count=25319 18277 15401 14605 14217 10622 10494 10285 7042 6201 5931 4991
is_linear=0
shrinkage=0.000132856


Tree=228
num_leaves=13
num_cat=0
split_feature=13 12 5 14 4 15 11 0 14 15 4 12
split_gain=3.69165e-05 2.97047e-05 3.00474e-05 4.61577e-05 3.89487e-05 3.25013e-05 2.58186e-05 2.26431e-05 2.04448e-05 4.95691e-05 3.49287e-05 1.4569e-05
threshold=0.0064668615330730527 0.0026817717835810623 0.0067897839250067324 0.029592950512530084 744.03751000000011 -824.94256956023662 80.108489102050143 16585.175000000003 -0.037319933171926604 978.1838267740751 1228.3737750000003 0.0048744717982664989
decision_type=2 2 2 2 2 2 2 2 2 2 2 2
left_child=1 -1 3 4 -3 -6 7 -7 -2 10 -10 -12
right_child=8 2 -4 -5 5 6 -8 -9 9 -11 11 -13
leaf_value=0 0 0 0 0 0 0 0 -2.1362389287921985e-08 0 0 0 2.0911052832932378e-08
leaf_weight=2876 841 3595 796 388 128 125 209 10160 940 270 169 4822
leaf_count=2876 841 3595 796 388 128 125 209 10160 940 270 169 4822
internal_value=0 -5.97054e-09 -8.73741e-09 -1.08079e-08 -1.33152e-08 -1.73781e-08 -1.89825e-08 -2.02967e-08 0 7.62722e-09 1.44321e-08 1.92606e-08
internal_weight=25319 18277 15401 14605 14217 10622 10494 10285 7042 6201 5931 4991
internal_count=25319 18277 15401 14605 14217 10622 10494 10285 7042 6201 5931 4991
is_linear=0
shrinkage=0.000132856


Tree=229
num_leaves=13
num_cat=0
split_feature=13 12 5 14 4 15 11 0 14 15 4 12
split_gain=3.6897e-05 2.96957e-05 3.00407e-05 4.61495e-05 3.89354e-05 3.2496e-05 2.58143e-05 2.26396e-05 2.04332e-05 4.95588e-05 3.49214e-05 1.45665e-05
threshold=0.0064668615330730527 0.0026817717835810623 0.0067897839250067324 0.029592950512530084 744.03751000000011 -824.94256956023662 80.108489102050143 16585.175000000003 -0.037319933171926604 978.1838267740751 1228.3737750000003 0.0048744717982664989
decision_type=2 2 2 2 2 2 2 2 2 2 2 2
left_child=1 -1 3 4 -3 -6 7 -7 -2 10 -10 -12
right_child=8 2 -4 -5 5 6 -8 -9 9 -11 11 -13
leaf_value=0 0 0 0 0 0 0 0 -2.1359551593430317e-08 0 0 0 2.0908276943419321e-08
leaf_weight=2876 841 3595 796 388 128 125 209 10160 940 270 169 4822
leaf_count=2876 841 3595 796 388 128 125 209 10160 940 270 169 4822
internal_value=0 -5.96896e-09 -8.73554e-09 -1.08059e-08 -1.33132e-08 -1.73753e-08 -1.89797e-08 -2.02939e-08 0 7.62506e-09 1.44299e-08 1.92579e-08
internal_weight=25319 18277 15401 14605 14217 10622 10494 10285 7042 6201 5931 4991
internal_count=25319 18277 15401 14605 14217 10622 10494 10285 7042 6201 5931 4991
is_linear=0
shrinkage=0.000132856


Tree=230
num_leaves=13
num_cat=0
split_feature=13 12 5 14 4 15 11 0 14 15 4 12
split_gain=3.68775e-05 2.96866e-05 3.00339e-05 4.61413e-05 3.89222e-05 3.24908e-05 2.58101e-05 2.26361e-05 2.04216e-05 4.95485e-05 3.4914e-05 1.4564e-05
threshold=0.0064668615330730527 0.0026817717835810623 0.0067897839250067324 0.029592950512530084 744.03751000000011 -824.94256956023662 80.108489102050143 16585.175000000003 -0.037319933171926604 978.1838267740751 1228.3737750000003 0.0048744717982664989
decision_type=2 2 2 2 2 2 2 2 2 2 2 2
left_child=1 -1 3 4 -3 -6 7 -7 -2 10 -10 -12
right_child=8 2 -4 -5 5 6 -8 -9 9 -11 11 -13
leaf_value=0 0 0 0 0 0 0 0 -2.1356714658899031e-08 0 0 0 2.0905499968381684e-08
leaf_weight=2876 841 3595 796 388 128 125 209 10160 940 270 169 4822
leaf_count=2876 841 3595 796 388 128 125 209 10160 940 270 169 4822
internal_value=0 -5.96738e-09 -8.73366e-09 -1.08039e-08 -1.33112e-08 -1.73726e-08 -1.8977e-08 -2.02911e-08 0 7.6229e-09 1.44276e-08 1.92552e-08
internal_weight=25319 18277 15401 14605 14217 10622 10494 10285 7042 6201 5931 4991
internal_count=25319 18277 15401 14605 14217 10622 10494 10285 7042 6201 5931 4991
is_linear=0
shrinkage=0.000132856


Tree=231
num_leaves=13
num_cat=0
split_feature=13 12 5 14 4 15 11 0 14 15 4 12
split_gain=3.6858e-05 2.96776e-05 3.00271e-05 4.61331e-05 3.89089e-05 3.24855e-05 2.58058e-05 2.26327e-05 2.04101e-05 4.95382e-05 3.49067e-05 1.45615e-05
threshold=0.0064668615330730527 0.0026817717835810623 0.0067897839250067324 0.029592950512530084 744.03751000000011 -824.94256956023662 80.108489102050143 16585.175000000003 -0.037319933171926604 978.1838267740751 1228.3737750000003 0.0048744717982664989
decision_type=2 2 2 2 2 2 2 2 2 2 2 2
left_child=1 -1 3 4 -3 -6 7 -7 -2 10 -10 -12
right_child=8 2 -4 -5 5 6 -8 -9 9 -11 11 -13
leaf_value=0 0 0 0 0 0 0 0 -2.1353877753362437e-08 0 0 0 2.09027247285578e-08
leaf_weight=2876 841 3595 796 388 128 125 209 10160 940 270 169 4822
leaf_count=2876 841 3595 796 388 128 125 209 10160 940 270 169 4822
internal_value=0 -5.9658e-09 -8.73179e-09 -1.0802e-08 -1.33091e-08 -1.73699e-08 -1.89742e-08 -2.02883e-08 0 7.62074e-09 1.44254e-08 1.92526e-08
internal_weight=25319 18277 15401 14605 14217 10622 10494 10285 7042 6201 5931 4991
internal_count=25319 18277 15401 14605 14217 10622 10494 10285 7042 6201 5931 4991
is_linear=0
shrinkage=0.000132856


Tree=232
num_leaves=11
num_cat=0
split_feature=14 12 15 5 5 13 11 15 13 12
split_gain=5.36139e-05 0.000109879 6.74016e-05 6.59976e-05 8.41056e-05 5.16804e-05 3.58574e-05 3.06684e-05 2.83109e-05 1.88889e-05
threshold=-0.0034661152304984451 0.0092080007984456699 1163.3723113646704 0.014691314699315285 -0.014871016420770431 0.0038003519631691551 42.287056665600637 7.6883146089949159 0.0020459316848726208 0.0023961068658973693
decision_type=2 2 2 2 2 2 2 2 2 2
left_child=3 -2 5 4 -1 -3 -7 8 -6 -10
right_child=1 2 -4 -5 7 6 -8 -9 9 -11
leaf_value=0 0 0 0 0 0 0 3.6352544464178874e-08 0 0 -2.6418165404638189e-08
leaf_weight=415 11843 383 121 126 401 117 3628 1342 183 6943
leaf_count=415 11843 383 121 126 401 117 3628 1342 183 6943
internal_value=0 2.76483e-09 2.20263e-08 -9.35262e-09 -1.46323e-08 2.8061e-08 3.33368e-08 -1.97854e-08 -2.30897e-08 -2.5164e-08
internal_weight=25502 16092 4249 9410 9284 4128 3745 8869 7527 7126
internal_count=25502 16092 4249 9410 9284 4128 3745 8869 7527 7126
is_linear=0
shrinkage=0.000132856


Tree=233
num_leaves=11
num_cat=0
split_feature=14 12 15 5 5 13 11 15 13 12
split_gain=5.35826e-05 0.000109841 6.73896e-05 6.5983e-05 8.40914e-05 5.16699e-05 3.58514e-05 3.06593e-05 2.83051e-05 1.88855e-05
threshold=-0.0034661152304984451 0.0092080007984456699 1163.3723113646704 0.014691314699315285 -0.014871016420770431 0.0038003519631691551 42.287056665600637 7.6883146089949159 0.0020459316848726208 0.0023961068658973693
decision_type=2 2 2 2 2 2 2 2 2 2
left_child=3 -2 5 4 -1 -3 -7 8 -6 -10
right_child=1 2 -4 -5 7 6 -8 -9 9 -11
leaf_value=0 0 0 0 0 0 0 3.6347716870826445e-08 0 0 -2.6414657003722513e-08
leaf_weight=415 11843 383 121 126 401 117 3628 1342 183 6943
leaf_count=415 11843 383 121 126 401 117 3628 1342 183 6943
internal_value=0 2.76374e-09 2.20222e-08 -9.35004e-09 -1.46297e-08 2.80568e-08 3.33321e-08 -1.97827e-08 -2.30865e-08 -2.51606e-08
internal_weight=25502 16092 4249 9410 9284 4128 3745 8869 7527 7126
internal_count=25502 16092 4249 9410 9284 4128 3745 8869 7527 7126
is_linear=0
shrinkage=0.000132856


Tree=234
num_leaves=11
num_cat=0
split_feature=14 12 15 5 5 13 11 15 13 12
split_gain=5.35513e-05 0.000109803 6.73776e-05 6.59684e-05 8.40772e-05 5.16594e-05 3.58455e-05 3.06502e-05 2.82994e-05 1.8882e-05
threshold=-0.0034661152304984451 0.0092080007984456699 1163.3723113646704 0.014691314699315285 -0.014871016420770431 0.0038003519631691551 42.287056665600637 7.6883146089949159 0.0020459316848726208 0.0023961068658973693
decision_type=2 2 2 2 2 2 2 2 2 2
left_child=3 -2 5 4 -1 -3 -7 8 -6 -10
right_child=1 2 -4 -5 7 6 -8 -9 9 -11
leaf_value=0 0 0 0 0 0 0 3.63428910666612e-08 0 0 -2.6411149086439198e-08
leaf_weight=415 11843 383 121 126 401 117 3628 1342 183 6943
leaf_count=415 11843 383 121 126 401 117 3628 1342 183 6943
internal_value=0 2.76265e-09 2.2018e-08 -9.34745e-09 -1.4627e-08 2.80525e-08 3.33274e-08 -1.97799e-08 -2.30832e-08 -2.51572e-08
internal_weight=25502 16092 4249 9410 9284 4128 3745 8869 7527 7126
internal_count=25502 16092 4249 9410 9284 4128 3745 8869 7527 7126
is_linear=0
shrinkage=0.000132856


Tree=235
num_leaves=11
num_cat=0
split_feature=14 12 15 5 5 13 11 15 13 12
split_gain=5.352e-05 0.000109765 6.73656e-05 6.59539e-05 8.4063e-05 5.1649e-05 3.58395e-05 3.0641e-05 2.82937e-05 1.88786e-05
threshold=-0.0034661152304984451 0.0092080007984456699 1163.3723113646704 0.014691314699315285 -0.014871016420770431 0.0038003519631691551 42.287056665600637 7.6883146089949159 0.0020459316848726208 0.0023961068658973693
decision_type=2 2 2 2 2 2 2 2 2 2
left_child=3 -2 5 4 -1 -3 -7 8 -6 -10
right_child=1 2 -4 -5 7 6 -8 -9 9 -11
leaf_value=0 0 0 0 0 0 0 3.6338064997225936e-08 0 0 -2.6407640564924523e-08
leaf_weight=415 11843 383 121 126 401 117 3628 1342 183 6943
leaf_count=415 11843 383 121 126 401 117 3628 1342 183 6943
internal_value=0 2.76156e-09 2.20139e-08 -9.34486e-09 -1.46244e-08 2.80483e-08 3.33228e-08 -1.97772e-08 -2.308e-08 -2.51538e-08
internal_weight=25502 16092 4249 9410 9284 4128 3745 8869 7527 7126
internal_count=25502 16092 4249 9410 9284 4128 3745 8869 7527 7126
is_linear=0
shrinkage=0.000132856


Tree=236
num_leaves=11
num_cat=0
split_feature=14 12 15 5 5 13 11 15 13 12
split_gain=5.34887e-05 0.000109726 6.73537e-05 6.59393e-05 8.40487e-05 5.16385e-05 3.58335e-05 3.06319e-05 2.8288e-05 1.88751e-05
threshold=-0.0034661152304984451 0.0092080007984456699 1163.3723113646704 0.014691314699315285 -0.014871016420770431 0.0038003519631691551 42.287056665600637 7.6883146089949159 0.0020459316848726208 0.0023961068658973693
decision_type=2 2 2 2 2 2 2 2 2 2
left_child=3 -2 5 4 -1 -3 -7 8 -6 -10
right_child=1 2 -4 -5 7 6 -8 -9 9 -11
leaf_value=0 0 0 0 0 0 0 3.633324019606567e-08 0 0 -2.640413356885689e-08
leaf_weight=415 11843 383 121 126 401 117 3628 1342 183 6943
leaf_count=415 11843 383 121 126 401 117 3628 1342 183 6943
internal_value=0 2.76047e-09 2.20098e-08 -9.34227e-09 -1.46218e-08 2.8044e-08 3.33181e-08 -1.97744e-08 -2.30767e-08 -2.51504e-08
internal_weight=25502 16092 4249 9410 9284 4128 3745 8869 7527 7126
internal_count=25502 16092 4249 9410 9284 4128 3745 8869 7527 7126
is_linear=0
shrinkage=0.000132856


Tree=237
num_leaves=11
num_cat=0
split_feature=14 12 15 5 5 13 11 15 13 12
split_gain=5.34575e-05 0.000109688 6.73417e-05 6.59247e-05 8.40345e-05 5.1628e-05 3.58275e-05 3.06228e-05 2.82822e-05 1.88716e-05
threshold=-0.0034661152304984451 0.0092080007984456699 1163.3723113646704 0.014691314699315285 -0.014871016420770431 0.0038003519631691551 42.287056665600637 7.6883146089949159 0.0020459316848726208 0.0023961068658973693
decision_type=2 2 2 2 2 2 2 2 2 2
left_child=3 -2 5 4 -1 -3 -7 8 -6 -10
right_child=1 2 -4 -5 7 6 -8 -9 9 -11
leaf_value=0 0 0 0 0 0 0 3.6328415687003684e-08 0 0 -2.6400627115266073e-08
leaf_weight=415 11843 383 121 126 401 117 3628 1342 183 6943
leaf_count=415 11843 383 121 126 401 117 3628 1342 183 6943
internal_value=0 2.75938e-09 2.20057e-08 -9.33968e-09 -1.46192e-08 2.80398e-08 3.33134e-08 -1.97717e-08 -2.30735e-08 -2.5147e-08
internal_weight=25502 16092 4249 9410 9284 4128 3745 8869 7527 7126
internal_count=25502 16092 4249 9410 9284 4128 3745 8869 7527 7126
is_linear=0
shrinkage=0.000132856


Tree=238
num_leaves=11
num_cat=0
split_feature=14 12 15 5 5 13 11 15 13 12
split_gain=5.34262e-05 0.00010965 6.73297e-05 6.59102e-05 8.40203e-05 5.16176e-05 3.58215e-05 3.06137e-05 2.82765e-05 1.88682e-05
threshold=-0.0034661152304984451 0.0092080007984456699 1163.3723113646704 0.014691314699315285 -0.014871016420770431 0.0038003519631691551 42.287056665600637 7.6883146089949159 0.0020459316848726208 0.0023961068658973693
decision_type=2 2 2 2 2 2 2 2 2 2
left_child=3 -2 5 4 -1 -3 -7 8 -6 -10
right_child=1 2 -4 -5 7 6 -8 -9 9 -11
leaf_value=0 0 0 0 0 0 0 3.6323592228228942e-08 0 0 -2.6397120082114018e-08
leaf_weight=415 11843 383 121 126 401 117 3628 1342 183 6943
leaf_count=415 11843 383 121 126 401 117 3628 1342 183 6943
internal_value=0 2.7583e-09 2.20016e-08 -9.33709e-09 -1.46165e-08 2.80356e-08 3.33087e-08 -1.97689e-08 -2.30703e-08 -2.51435e-08
internal_weight=25502 16092 4249 9410 9284 4128 3745 8869 7527 7126
internal_count=25502 16092 4249 9410 9284 4128 3745 8869 7527 7126
is_linear=0
shrinkage=0.000132856


Tree=239
num_leaves=11
num_cat=0
split_feature=14 12 15 5 5 13 11 15 13 12
split_gain=5.3395e-05 0.000109612 6.73177e-05 6.58956e-05 8.40061e-05 5.16071e-05 3.58155e-05 3.06046e-05 2.82708e-05 1.88647e-05
threshold=-0.0034661152304984451 0.0092080007984456699 1163.3723113646704 0.014691314699315285 -0.014871016420770431 0.0038003519631691551 42.287056665600637 7.6883146089949159 0.0020459316848726208 0.0023961068658973693
decision_type=2 2 2 2 2 2 2 2 2 2
left_child=3 -2 5 4 -1 -3 -7 8 -6 -10
right_child=1 2 -4 -5 7 6 -8 -9 9 -11
leaf_value=0 0 0 0 0 0 0 3.6318769061852032e-08 0 0 -2.6393614685708628e-08
leaf_weight=415 11843 383 121 126 401 117 3628 1342 183 6943
leaf_count=415 11843 383 121 126 401 117 3628 1342 183 6943
internal_value=0 2.75721e-09 2.19974e-08 -9.33451e-09 -1.46139e-08 2.80313e-08 3.33041e-08 -1.97662e-08 -2.3067e-08 -2.51401e-08
internal_weight=25502 16092 4249 9410 9284 4128 3745 8869 7527 7126
internal_count=25502 16092 4249 9410 9284 4128 3745 8869 7527 7126
is_linear=0
shrinkage=0.000132856


Tree=240
num_leaves=10
num_cat=0
split_feature=11 5 5 4 10 12 14 4 4
split_gain=2.10137e-05 3.61107e-05 3.16419e-05 5.66094e-05 8.70681e-05 6.32633e-05 7.47389e-05 6.35416e-05 4.96007e-05
threshold=55.957094214360431 -0.0049446088441149052 0.013504287962319951 1420.8761545000004 20500.13315182969 0.0068793258049572705 0.014537926674179304 2174.8449800000003 13984.920260000001
decision_type=2 2 2 2 2 2 2 2 2
left_child=1 -1 3 -3 -5 -6 7 -7 -9
right_child=-2 2 -4 4 5 6 -8 8 -10
leaf_value=0 0 0 0 0 0 0 0 -6.5408104763640482e-08 0
leaf_weight=2418 9494 7263 218 1180 1444 1202 148 1993 146
leaf_count=2418 9494 7263 218 1180 1444 1202 148 1993 146
internal_value=0 -4.81261e-09 -8.6116e-09 -1.0822e-08 -2.04844e-08 -2.8833e-08 -3.86659e-08 -4.42248e-08 -5.98131e-08
internal_weight=25506 16012 13594 13376 6113 4933 3489 3341 2139
internal_count=25506 16012 13594 13376 6113 4933 3489 3341 2139
is_linear=0
shrinkage=0.000132856


Tree=241
num_leaves=10
num_cat=0
split_feature=11 5 5 4 10 12 14 4 4
split_gain=2.10043e-05 3.61032e-05 3.16375e-05 5.65904e-05 8.70517e-05 6.3244e-05 7.4728e-05 6.3511e-05 4.95897e-05
threshold=55.957094214360431 -0.0049446088441149052 0.013504287962319951 1420.8761545000004 20500.13315182969 0.0068793258049572705 0.014537926674179304 2174.8449800000003 13984.920260000001
decision_type=2 2 2 2 2 2 2 2 2
left_child=1 -1 3 -3 -5 -6 7 -7 -9
right_child=-2 2 -4 4 5 6 -8 8 -10
leaf_value=0 0 0 0 0 0 0 0 -6.5399423691583689e-08 0
leaf_weight=2418 9494 7263 218 1180 1444 1202 148 1993 146
leaf_count=2418 9494 7263 218 1180 1444 1202 148 1993 146
internal_value=0 -4.81153e-09 -8.61033e-09 -1.08207e-08 -2.04816e-08 -2.88295e-08 -3.86609e-08 -4.42196e-08 -5.9805e-08
internal_weight=25506 16012 13594 13376 6113 4933 3489 3341 2139
internal_count=25506 16012 13594 13376 6113 4933 3489 3341 2139
is_linear=0
shrinkage=0.000132856


Tree=242
num_leaves=10
num_cat=0
split_feature=11 5 5 4 10 12 14 4 4
split_gain=2.09948e-05 3.60958e-05 3.16332e-05 5.65715e-05 8.70353e-05 6.32247e-05 7.4717e-05 6.34805e-05 4.95788e-05
threshold=55.957094214360431 -0.0049446088441149052 0.013504287962319951 1420.8761545000004 20500.13315182969 0.0068793258049572705 0.014537926674179304 2174.8449800000003 13984.920260000001
decision_type=2 2 2 2 2 2 2 2 2
left_child=1 -1 3 -3 -5 -6 7 -7 -9
right_child=-2 2 -4 4 5 6 -8 8 -10
leaf_value=0 0 0 0 0 0 0 0 -6.5390743242552319e-08 0
leaf_weight=2418 9494 7263 218 1180 1444 1202 148 1993 146
leaf_count=2418 9494 7263 218 1180 1444 1202 148 1993 146
internal_value=0 -4.81044e-09 -8.60905e-09 -1.08194e-08 -2.04787e-08 -2.8826e-08 -3.8656e-08 -4.42144e-08 -5.9797e-08
internal_weight=25506 16012 13594 13376 6113 4933 3489 3341 2139
internal_count=25506 16012 13594 13376 6113 4933 3489 3341 2139
is_linear=0
shrinkage=0.000132856


Tree=243
num_leaves=10
num_cat=0
split_feature=11 5 5 4 10 12 14 4 4
split_gain=2.09854e-05 3.60883e-05 3.16289e-05 5.65525e-05 8.70189e-05 6.32055e-05 7.47061e-05 6.34499e-05 4.95678e-05
threshold=55.957094214360431 -0.0049446088441149052 0.013504287962319951 1420.8761545000004 20500.13315182969 0.0068793258049572705 0.014537926674179304 2174.8449800000003 13984.920260000001
decision_type=2 2 2 2 2 2 2 2 2
left_child=1 -1 3 -3 -5 -6 7 -7 -9
right_child=-2 2 -4 4 5 6 -8 8 -10
leaf_value=0 0 0 0 0 0 0 0 -6.5382068054557397e-08 0
leaf_weight=2418 9494 7263 218 1180 1444 1202 148 1993 146
leaf_count=2418 9494 7263 218 1180 1444 1202 148 1993 146
internal_value=0 -4.80936e-09 -8.60778e-09 -1.08181e-08 -2.04759e-08 -2.88225e-08 -3.8651e-08 -4.42093e-08 -5.97889e-08
internal_weight=25506 16012 13594 13376 6113 4933 3489 3341 2139
internal_count=25506 16012 13594 13376 6113 4933 3489 3341 2139
is_linear=0
shrinkage=0.000132856


Tree=244
num_leaves=10
num_cat=0
split_feature=11 5 5 4 10 12 14 4 4
split_gain=2.09759e-05 3.60809e-05 3.16245e-05 5.65336e-05 8.70026e-05 6.31862e-05 7.46952e-05 6.34193e-05 4.95568e-05
threshold=55.957094214360431 -0.0049446088441149052 0.013504287962319951 1420.8761545000004 20500.13315182969 0.0068793258049572705 0.014537926674179304 2174.8449800000003 13984.920260000001
decision_type=2 2 2 2 2 2 2 2 2
left_child=1 -1 3 -3 -5 -6 7 -7 -9
right_child=-2 2 -4 4 5 6 -8 8 -10
leaf_value=0 0 0 0 0 0 0 0 -6.5373389736188556e-08 0
leaf_weight=2418 9494 7263 218 1180 1444 1202 148 1993 146
leaf_count=2418 9494 7263 218 1180 1444 1202 148 1993 146
internal_value=0 -4.80828e-09 -8.60651e-09 -1.08168e-08 -2.04731e-08 -2.8819e-08 -3.8646e-08 -4.42041e-08 -5.97808e-08
internal_weight=25506 16012 13594 13376 6113 4933 3489 3341 2139
internal_count=25506 16012 13594 13376 6113 4933 3489 3341 2139
is_linear=0
shrinkage=0.000132856


Tree=245
num_leaves=10
num_cat=0
split_feature=11 5 5 4 10 12 14 4 4
split_gain=2.09665e-05 3.60734e-05 3.16202e-05 5.65146e-05 8.69862e-05 6.31669e-05 7.46843e-05 6.33888e-05 4.95459e-05
threshold=55.957094214360431 -0.0049446088441149052 0.013504287962319951 1420.8761545000004 20500.13315182969 0.0068793258049572705 0.014537926674179304 2174.8449800000003 13984.920260000001
decision_type=2 2 2 2 2 2 2 2 2
left_child=1 -1 3 -3 -5 -6 7 -7 -9
right_child=-2 2 -4 4 5 6 -8 8 -10
leaf_value=0 0 0 0 0 0 0 0 -6.5364713826920092e-08 0
leaf_weight=2418 9494 7263 218 1180 1444 1202 148 1993 146
leaf_count=2418 9494 7263 218 1180 1444 1202 148 1993 146
internal_value=0 -4.8072e-09 -8.60523e-09 -1.08155e-08 -2.04703e-08 -2.88155e-08 -3.86411e-08 -4.41989e-08 -5.97727e-08
internal_weight=25506 16012 13594 13376 6113 4933 3489 3341 2139
internal_count=25506 16012 13594 13376 6113 4933 3489 3341 2139
is_linear=0
shrinkage=0.000132856


Tree=246
num_leaves=10
num_cat=0
split_feature=11 5 5 4 10 12 14 4 4
split_gain=2.09571e-05 3.6066e-05 3.16159e-05 5.64957e-05 8.69698e-05 6.31476e-05 7.46734e-05 6.33583e-05 4.95349e-05
threshold=55.957094214360431 -0.0049446088441149052 0.013504287962319951 1420.8761545000004 20500.13315182969 0.0068793258049572705 0.014537926674179304 2174.8449800000003 13984.920260000001
decision_type=2 2 2 2 2 2 2 2 2
left_child=1 -1 3 -3 -5 -6 7 -7 -9
right_child=-2 2 -4 4 5 6 -8 8 -10
leaf_value=0 0 0 0 0 0 0 0 -6.5356037972127903e-08 0
leaf_weight=2418 9494 7263 218 1180 1444 1202 148 1993 146
leaf_count=2418 9494 7263 218 1180 1444 1202 148 1993 146
internal_value=0 -4.80612e-09 -8.60396e-09 -1.08142e-08 -2.04674e-08 -2.8812e-08 -3.86361e-08 -4.41937e-08 -5.97646e-08
internal_weight=25506 16012 13594 13376 6113 4933 3489 3341 2139
internal_count=25506 16012 13594 13376 6113 4933 3489 3341 2139
is_linear=0
shrinkage=0.000132856


Tree=247
num_leaves=10
num_cat=0
split_feature=11 5 5 4 10 12 14 4 4
split_gain=2.09477e-05 3.60585e-05 3.16115e-05 5.64768e-05 8.69535e-05 6.31284e-05 7.46625e-05 6.33277e-05 4.95239e-05
threshold=55.957094214360431 -0.0049446088441149052 0.013504287962319951 1420.8761545000004 20500.13315182969 0.0068793258049572705 0.014537926674179304 2174.8449800000003 13984.920260000001
decision_type=2 2 2 2 2 2 2 2 2
left_child=1 -1 3 -3 -5 -6 7 -7 -9
right_child=-2 2 -4 4 5 6 -8 8 -10
leaf_value=0 0 0 0 0 0 0 0 -6.5347364017011459e-08 0
leaf_weight=2418 9494 7263 218 1180 1444 1202 148 1993 146
leaf_count=2418 9494 7263 218 1180 1444 1202 148 1993 146
internal_value=0 -4.80504e-09 -8.60269e-09 -1.08129e-08 -2.04646e-08 -2.88085e-08 -3.86312e-08 -4.41885e-08 -5.97565e-08
internal_weight=25506 16012 13594 13376 6113 4933 3489 3341 2139
internal_count=25506 16012 13594 13376 6113 4933 3489 3341 2139
is_linear=0
shrinkage=0.000132856


Tree=248
num_leaves=11
num_cat=0
split_feature=5 13 5 13 6 6 12 12 5 12
split_gain=3.19401e-05 0.000107455 6.3399e-05 9.8548e-05 7.44294e-05 7.39343e-05 1.87256e-05 6.09602e-06 2.04832e-06 1.05615e-07
threshold=-0.0025052966770633951 0.0074679652573647268 0.0067897839250067324 0.0040814444898633799 -0.0047475130111122024 0.028793475204331068 0.017865394109317517 0.0020612836433667055 0.0060817964016657297 0.0070215920328435865
decision_type=2 2 2 2 2 2 2 2 2 2
left_child=1 -1 3 -2 -5 6 7 -6 -9 -3
right_child=2 9 -4 4 5 -7 -8 8 -10 -11
leaf_value=0 0 0 0 0 0 0 0 -3.0524645506841976e-08 0 3.6521443361047594e-08
leaf_weight=4359 8301 119 2082 1658 115 112 113 6680 252 1638
leaf_count=4359 8301 119 2082 1658 115 112 113 6680 252 1638
internal_value=0 6.87438e-09 -3.7708e-09 -8.99288e-09 -1.87288e-08 -2.47249e-08 -2.83388e-08 -2.93743e-08 -2.98777e-08 3.52495e-08
internal_weight=25429 6116 19313 17231 8930 7272 7160 7047 6932 1757
internal_count=25429 6116 19313 17231 8930 7272 7160 7047 6932 1757
is_linear=0
shrinkage=0.000132856


Tree=249
num_leaves=11
num_cat=0
split_feature=5 13 5 13 6 6 12 12 5 12
split_gain=3.19224e-05 0.00010743 6.3383e-05 9.85182e-05 7.44109e-05 7.39232e-05 1.87224e-05 6.09448e-06 2.04633e-06 1.0447e-07
threshold=-0.0025052966770633951 0.0074679652573647268 0.0067897839250067324 0.0040814444898633799 -0.0047475130111122024 0.028793475204331068 0.017865394109317517 0.0020612836433667055 0.0060817964016657297 0.0070215920328435865
decision_type=2 2 2 2 2 2 2 2 2 2
left_child=1 -1 3 -2 -5 6 7 -6 -9 -3
right_child=2 9 -4 4 5 -7 -8 8 -10 -11
leaf_value=0 0 0 0 0 0 0 0 -3.0520591120357748e-08 0 3.6516598225913249e-08
leaf_weight=4359 8301 119 2082 1658 115 112 113 6680 252 1638
leaf_count=4359 8301 119 2082 1658 115 112 113 6680 252 1638
internal_value=0 6.87308e-09 -3.76939e-09 -8.99131e-09 -1.87258e-08 -2.47212e-08 -2.8335e-08 -2.93705e-08 -2.98738e-08 3.5245e-08
internal_weight=25429 6116 19313 17231 8930 7272 7160 7047 6932 1757
internal_count=25429 6116 19313 17231 8930 7272 7160 7047 6932 1757
is_linear=0
shrinkage=0.000132856


Tree=250
num_leaves=11
num_cat=0
split_feature=5 13 5 13 6 6 12 12 5 12
split_gain=3.19046e-05 0.000107404 6.33669e-05 9.84883e-05 7.43925e-05 7.39121e-05 1.87192e-05 6.09293e-06 2.04435e-06 1.03325e-07
threshold=-0.0025052966770633951 0.0074679652573647268 0.0067897839250067324 0.0040814444898633799 -0.0047475130111122024 0.028793475204331068 0.017865394109317517 0.0020612836433667055 0.0060817964016657297 0.0070215920328435865
decision_type=2 2 2 2 2 2 2 2 2 2
left_child=1 -1 3 -2 -5 6 7 -6 -9 -3
right_child=2 9 -4 4 5 -7 -8 8 -10 -11
leaf_value=0 0 0 0 0 0 0 0 -3.051653784156829e-08 0 3.6511753298826805e-08
leaf_weight=4359 8301 119 2082 1658 115 112 113 6680 252 1638
leaf_count=4359 8301 119 2082 1658 115 112 113 6680 252 1638
internal_value=0 6.87178e-09 -3.76799e-09 -8.98974e-09 -1.87228e-08 -2.47175e-08 -2.83313e-08 -2.93666e-08 -2.98699e-08 3.52405e-08
internal_weight=25429 6116 19313 17231 8930 7272 7160 7047 6932 1757
internal_count=25429 6116 19313 17231 8930 7272 7160 7047 6932 1757
is_linear=0
shrinkage=0.000132856


Tree=251
num_leaves=11
num_cat=0
split_feature=5 13 5 13 6 6 12 12 5 12
split_gain=3.18869e-05 0.000107379 6.33509e-05 9.84584e-05 7.43742e-05 7.3901e-05 1.8716e-05 6.09139e-06 2.04236e-06 1.02181e-07
threshold=-0.0025052966770633951 0.0074679652573647268 0.0067897839250067324 0.0040814444898633799 -0.0047475130111122024 0.028793475204331068 0.017865394109317517 0.0020612836433667055 0.0060817964016657297 0.0070215920328435865
decision_type=2 2 2 2 2 2 2 2 2 2
left_child=1 -1 3 -2 -5 6 7 -6 -9 -3
right_child=2 9 -4 4 5 -7 -8 8 -10 -11
leaf_value=0 0 0 0 0 0 0 0 -3.0512485460279319e-08 0 3.6506909318417246e-08
leaf_weight=4359 8301 119 2082 1658 115 112 113 6680 252 1638
leaf_count=4359 8301 119 2082 1658 115 112 113 6680 252 1638
internal_value=0 6.87048e-09 -3.76659e-09 -8.98817e-09 -1.87197e-08 -2.47138e-08 -2.83275e-08 -2.93628e-08 -2.9866e-08 3.5236e-08
internal_weight=25429 6116 19313 17231 8930 7272 7160 7047 6932 1757
internal_count=25429 6116 19313 17231 8930 7272 7160 7047 6932 1757
is_linear=0
shrinkage=0.000132856


Tree=252
num_leaves=11
num_cat=0
split_feature=5 13 5 13 6 6 12 12 5 12
split_gain=3.18691e-05 0.000107353 6.33349e-05 9.84286e-05 7.43558e-05 7.38899e-05 1.87129e-05 6.08985e-06 2.04038e-06 1.01037e-07
threshold=-0.0025052966770633951 0.0074679652573647268 0.0067897839250067324 0.0040814444898633799 -0.0047475130111122024 0.028793475204331068 0.017865394109317517 0.0020612836433667055 0.0060817964016657297 0.0070215920328435865
decision_type=2 2 2 2 2 2 2 2 2 2
left_child=1 -1 3 -2 -5 6 7 -6 -9 -3
right_child=2 9 -4 4 5 -7 -8 8 -10 -11
leaf_value=0 0 0 0 0 0 0 0 -3.0508432763420932e-08 0 3.650206566510849e-08
leaf_weight=4359 8301 119 2082 1658 115 112 113 6680 252 1638
leaf_count=4359 8301 119 2082 1658 115 112 113 6680 252 1638
internal_value=0 6.86918e-09 -3.76519e-09 -8.98659e-09 -1.87167e-08 -2.471e-08 -2.83237e-08 -2.9359e-08 -2.98621e-08 3.52314e-08
internal_weight=25429 6116 19313 17231 8930 7272 7160 7047 6932 1757
internal_count=25429 6116 19313 17231 8930 7272 7160 7047 6932 1757
is_linear=0
shrinkage=0.000132856


Tree=253
num_leaves=11
num_cat=0
split_feature=5 13 5 13 6 6 12 12 5 12
split_gain=3.18514e-05 0.000107328 6.33189e-05 9.83987e-05 7.43374e-05 7.38788e-05 1.87097e-05 6.0883e-06 2.0384e-06 9.98927e-08
threshold=-0.0025052966770633951 0.0074679652573647268 0.0067897839250067324 0.0040814444898633799 -0.0047475130111122024 0.028793475204331068 0.017865394109317517 0.0020612836433667055 0.0060817964016657297 0.0070215920328435865
decision_type=2 2 2 2 2 2 2 2 2 2
left_child=1 -1 3 -2 -5 6 7 -6 -9 -3
right_child=2 9 -4 4 5 -7 -8 8 -10 -11
leaf_value=0 0 0 0 0 0 0 0 -3.0504380740724841e-08 0 3.6497220851696945e-08
leaf_weight=4359 8301 119 2082 1658 115 112 113 6680 252 1638
leaf_count=4359 8301 119 2082 1658 115 112 113 6680 252 1638
internal_value=0 6.86788e-09 -3.76379e-09 -8.98502e-09 -1.87137e-08 -2.47063e-08 -2.83199e-08 -2.93551e-08 -2.98582e-08 3.52269e-08
internal_weight=25429 6116 19313 17231 8930 7272 7160 7047 6932 1757
internal_count=25429 6116 19313 17231 8930 7272 7160 7047 6932 1757
is_linear=0
shrinkage=0.000132856


Tree=254
num_leaves=11
num_cat=0
split_feature=5 13 5 13 6 6 12 12 5 12
split_gain=3.18337e-05 0.000107302 6.33028e-05 9.83689e-05 7.4319e-05 7.38677e-05 1.87065e-05 6.08676e-06 2.03641e-06 9.87497e-08
threshold=-0.0025052966770633951 0.0074679652573647268 0.0067897839250067324 0.0040814444898633799 -0.0047475130111122024 0.028793475204331068 0.017865394109317517 0.0020612836433667055 0.0060817964016657297 0.0070215920328435865
decision_type=2 2 2 2 2 2 2 2 2 2
left_child=1 -1 3 -2 -5 6 7 -6 -9 -3
right_child=2 9 -4 4 5 -7 -8 8 -10 -11
leaf_value=0 0 0 0 0 0 0 0 -3.0500328536739818e-08 0 3.6492378772487147e-08
leaf_weight=4359 8301 119 2082 1658 115 112 113 6680 252 1638
leaf_count=4359 8301 119 2082 1658 115 112 113 6680 252 1638
internal_value=0 6.86659e-09 -3.76238e-09 -8.98345e-09 -1.87106e-08 -2.47026e-08 -2.83161e-08 -2.93513e-08 -2.98543e-08 3.52224e-08
internal_weight=25429 6116 19313 17231 8930 7272 7160 7047 6932 1757
internal_count=25429 6116 19313 17231 8930 7272 7160 7047 6932 1757
is_linear=0
shrinkage=0.000132856


Tree=255
num_leaves=11
num_cat=0
split_feature=5 13 5 13 6 6 12 12 5 12
split_gain=3.1816e-05 0.000107277 6.32868e-05 9.8339e-05 7.43006e-05 7.38567e-05 1.87033e-05 6.08522e-06 2.03443e-06 9.76071e-08
threshold=-0.0025052966770633951 0.0074679652573647268 0.0067897839250067324 0.0040814444898633799 -0.0047475130111122024 0.028793475204331068 0.017865394109317517 0.0020612836433667055 0.0060817964016657297 0.0070215920328435865
decision_type=2 2 2 2 2 2 2 2 2 2
left_child=1 -1 3 -2 -5 6 7 -6 -9 -3
right_child=2 9 -4 4 5 -7 -8 8 -10 -11
leaf_value=0 0 0 0 0 0 0 0 -3.0496278794761829e-08 0 3.6487536780135886e-08
leaf_weight=4359 8301 119 2082 1658 115 112 113 6680 252 1638
leaf_count=4359 8301 119 2082 1658 115 112 113 6680 252 1638
internal_value=0 6.86529e-09 -3.76098e-09 -8.98188e-09 -1.87076e-08 -2.46989e-08 -2.83124e-08 -2.93474e-08 -2.98504e-08 3.52179e-08
internal_weight=25429 6116 19313 17231 8930 7272 7160 7047 6932 1757
internal_count=25429 6116 19313 17231 8930 7272 7160 7047 6932 1757
is_linear=0
shrinkage=0.000132856


Tree=256
num_leaves=3
num_cat=0
split_feature=5 5
split_gain=1.21802e-05 7.60998e-05
threshold=-0.0025697584393127855 0.0060817964016657297
decision_type=2 2
left_child=-1 -2
right_child=1 -3
leaf_value=5.7652488920084464e-10 -9.5068783437641489e-09 0
leaf_weight=6064 17216 2493
leaf_count=6064 17216 2493
internal_value=0 -3.28705e-09
internal_weight=25773 19709
internal_count=25773 19709
is_linear=0
shrinkage=0.000132856


Tree=257
num_leaves=3
num_cat=0
split_feature=5 5
split_gain=1.21721e-05 7.60845e-05
threshold=-0.0025697584393127855 0.0060817964016657297
decision_type=2 2
left_child=-1 -2
right_child=1 -3
leaf_value=5.7644747876919935e-10 -9.5056155728479477e-09 0
leaf_weight=6064 17216 2493
leaf_count=6064 17216 2493
internal_value=0 -3.28594e-09
internal_weight=25773 19709
internal_count=25773 19709
is_linear=0
shrinkage=0.000132856


Tree=258
num_leaves=3
num_cat=0
split_feature=5 5
split_gain=1.21639e-05 7.60692e-05
threshold=-0.0025697584393127855 0.0060817964016657297
decision_type=2 2
left_child=-1 -2
right_child=1 -3
leaf_value=5.7637138006597199e-10 -9.5043526761650043e-09 0
leaf_weight=6064 17216 2493
leaf_count=6064 17216 2493
internal_value=0 -3.28484e-09
internal_weight=25773 19709
internal_count=25773 19709
is_linear=0
shrinkage=0.000132856


Tree=259
num_leaves=3
num_cat=0
split_feature=5 5
split_gain=1.21558e-05 7.60539e-05
threshold=-0.0025697584393127855 0.0060817964016657297
decision_type=2 2
left_child=-1 -2
right_child=1 -3
leaf_value=5.7629487479525727e-10 -9.5030902956953668e-09 0
leaf_weight=6064 17216 2493
leaf_count=6064 17216 2493
internal_value=0 -3.28374e-09
internal_weight=25773 19709
internal_count=25773 19709
is_linear=0
shrinkage=0.000132856


Tree=260
num_leaves=3
num_cat=0
split_feature=5 5
split_gain=1.21477e-05 7.60386e-05
threshold=-0.0025697584393127855 0.0060817964016657297
decision_type=2 2
left_child=-1 -2
right_child=1 -3
leaf_value=5.7621760727275099e-10 -9.5018278049949725e-09 0
leaf_weight=6064 17216 2493
leaf_count=6064 17216 2493
internal_value=0 -3.28263e-09
internal_weight=25773 19709
internal_count=25773 19709
is_linear=0
shrinkage=0.000132856


Tree=261
num_leaves=3
num_cat=0
split_feature=5 5
split_gain=1.21396e-05 7.60233e-05
threshold=-0.0025697584393127855 0.0060817964016657297
decision_type=2 2
left_child=-1 -2
right_child=1 -3
leaf_value=5.761412210481678e-10 -9.5005656723403069e-09 0
leaf_weight=6064 17216 2493
leaf_count=6064 17216 2493
internal_value=0 -3.28153e-09
internal_weight=25773 19709
internal_count=25773 19709
is_linear=0
shrinkage=0.000132856


Tree=262
num_leaves=3
num_cat=0
split_feature=5 5
split_gain=1.21315e-05 7.60079e-05
threshold=-0.0025697584393127855 0.0060817964016657297
decision_type=2 2
left_child=-1 -2
right_child=1 -3
leaf_value=5.7606508092330051e-10 -9.4993035641016505e-09 0
leaf_weight=6064 17216 2493
leaf_count=6064 17216 2493
internal_value=0 -3.28043e-09
internal_weight=25773 19709
internal_count=25773 19709
is_linear=0
shrinkage=0.000132856


Tree=263
num_leaves=3
num_cat=0
split_feature=5 5
split_gain=1.21234e-05 7.59926e-05
threshold=-0.0025697584393127855 0.0060817964016657297
decision_type=2 2
left_child=-1 -2
right_child=1 -3
leaf_value=5.7598867137352365e-10 -9.4980415765833458e-09 0
leaf_weight=6064 17216 2493
leaf_count=6064 17216 2493
internal_value=0 -3.27933e-09
internal_weight=25773 19709
internal_count=25773 19709
is_linear=0
shrinkage=0.000132856


Tree=264
num_leaves=3
num_cat=0
split_feature=5 5
split_gain=1.42761e-06 2.99333e-06
threshold=-0.0025052966770633951 0.018123033512737145
decision_type=2 2
left_child=-1 -2
right_child=1 -3
leaf_value=2.0371080633043515e-09 -1.6544133417956239e-09 0
leaf_weight=6070 19301 296
leaf_count=6070 19301 296
internal_value=0 0
internal_weight=25667 19597
internal_count=25667 19597
is_linear=0
shrinkage=0.000132856


Tree=265
num_leaves=3
num_cat=0
split_feature=5 5
split_gain=1.42723e-06 2.99253e-06
threshold=-0.0025052966770633951 0.018123033512737145
decision_type=2 2
left_child=-1 -2
right_child=1 -3
leaf_value=2.0368375207674026e-09 -1.6541930799425156e-09 0
leaf_weight=6070 19301 296
leaf_count=6070 19301 296
internal_value=0 0
internal_weight=25667 19597
internal_count=25667 19597
is_linear=0
shrinkage=0.000132856


Tree=266
num_leaves=3
num_cat=0
split_feature=5 5
split_gain=1.42685e-06 2.99174e-06
threshold=-0.0025052966770633951 0.018123033512737145
decision_type=2 2
left_child=-1 -2
right_child=1 -3
leaf_value=2.0365669934634108e-09 -1.6539737566165648e-09 0
leaf_weight=6070 19301 296
leaf_count=6070 19301 296
internal_value=0 0
internal_weight=25667 19597
internal_count=25667 19597
is_linear=0
shrinkage=0.000132856


Tree=267
num_leaves=3
num_cat=0
split_feature=5 5
split_gain=1.42647e-06 2.99094e-06
threshold=-0.0025052966770633951 0.018123033512737145
decision_type=2 2
left_child=-1 -2
right_child=1 -3
leaf_value=2.036295961750549e-09 -1.6537540671653818e-09 0
leaf_weight=6070 19301 296
leaf_count=6070 19301 296
internal_value=0 0
internal_weight=25667 19597
internal_count=25667 19597
is_linear=0
shrinkage=0.000132856


Tree=268
num_leaves=3
num_cat=0
split_feature=5 5
split_gain=1.42609e-06 2.99015e-06
threshold=-0.0025052966770633951 0.018123033512737145
decision_type=2 2
left_child=-1 -2
right_child=1 -3
leaf_value=2.0360263419765757e-09 -1.6535345007105462e-09 0
leaf_weight=6070 19301 296
leaf_count=6070 19301 296
internal_value=0 0
internal_weight=25667 19597
internal_count=25667 19597
is_linear=0
shrinkage=0.000132856


Tree=269
num_leaves=3
num_cat=0
split_feature=5 5
split_gain=1.42571e-06 2.98935e-06
threshold=-0.0025052966770633951 0.018123033512737145
decision_type=2 2
left_child=-1 -2
right_child=1 -3
leaf_value=2.0357562782579249e-09 -1.6533145598698338e-09 0
leaf_weight=6070 19301 296
leaf_count=6070 19301 296
internal_value=0 0
internal_weight=25667 19597
internal_count=25667 19597
is_linear=0
shrinkage=0.000132856


Tree=270
num_leaves=3
num_cat=0
split_feature=5 5
split_gain=1.42533e-06 2.98856e-06
threshold=-0.0025052966770633951 0.018123033512737145
decision_type=2 2
left_child=-1 -2
right_child=1 -3
leaf_value=2.0354853367786918e-09 -1.6530950449230908e-09 0
leaf_weight=6070 19301 296
leaf_count=6070 19301 296
internal_value=0 0
internal_weight=25667 19597
internal_count=25667 19597
is_linear=0
shrinkage=0.000132856


Tree=271
num_leaves=3
num_cat=0
split_feature=5 5
split_gain=1.42495e-06 2.98776e-06
threshold=-0.0025052966770633951 0.018123033512737145
decision_type=2 2
left_child=-1 -2
right_child=1 -3
leaf_value=2.0352151008211679e-09 -1.6528757257604233e-09 0
leaf_weight=6070 19301 296
leaf_count=6070 19301 296
internal_value=0 0
internal_weight=25667 19597
internal_count=25667 19597
is_linear=0
shrinkage=0.000132856


Tree=272
num_leaves=7
num_cat=0
split_feature=5 5 13 9 13 0
split_gain=3.19364e-06 7.33861e-05 2.28514e-05 1.40486e-05 8.12869e-06 2.85108e-05
threshold=-0.0025697584393127855 0.0044477167378955693 0.0020459316848726208 19272.716132388581 0.0051665264144016522 23354.320000000003
decision_type=2 2 2 2 2 2
left_child=4 2 -2 -4 -1 -6
right_child=1 -3 3 -5 5 -7
leaf_value=0 0 0 0 -1.2314186109188582e-08 0 1.4607960083633477e-08
leaf_weight=2475 2281 3694 617 13109 433 3098
leaf_count=2475 2281 3694 617 13109 433 3098
internal_value=0 -1.4519e-09 -9.13813e-09 -1.12588e-08 1.57137e-09 6.69386e-09
internal_weight=25707 19701 16007 13726 6006 3531
internal_count=25707 19701 16007 13726 6006 3531
is_linear=0
shrinkage=0.000132856


Tree=273
num_leaves=7
num_cat=0
split_feature=5 5 13 9 13 0
split_gain=3.18904e-06 7.33674e-05 2.28463e-05 1.40461e-05 8.1252e-06 2.85054e-05
threshold=-0.0025697584393127855 0.0044477167378955693 0.0020459316848726208 19272.716132388581 0.0051665264144016522 23354.320000000003
decision_type=2 2 2 2 2 2
left_child=4 2 -2 -4 -1 -6
right_child=1 -3 3 -5 5 -7
leaf_value=0 0 0 0 -1.2312551132833662e-08 0 1.4606020032246521e-08
leaf_weight=2475 2281 3694 617 13109 433 3098
leaf_count=2475 2281 3694 617 13109 433 3098
internal_value=0 -1.45081e-09 -9.13679e-09 -1.12573e-08 1.57037e-09 6.69216e-09
internal_weight=25707 19701 16007 13726 6006 3531
internal_count=25707 19701 16007 13726 6006 3531
is_linear=0
shrinkage=0.000132856


Tree=274
num_leaves=7
num_cat=0
split_feature=5 5 13 9 13 0
split_gain=3.18445e-06 7.33488e-05 2.28411e-05 1.40435e-05 8.12171e-06 2.85e-05
threshold=-0.0025697584393127855 0.0044477167378955693 0.0020459316848726208 19272.716132388581 0.0051665264144016522 23354.320000000003
decision_type=2 2 2 2 2 2
left_child=4 2 -2 -4 -1 -6
right_child=1 -3 3 -5 5 -7
leaf_value=0 0 0 0 -1.231091535663479e-08 0 1.4604081687508689e-08
leaf_weight=2475 2281 3694 617 13109 433 3098
leaf_count=2475 2281 3694 617 13109 433 3098
internal_value=0 -1.44973e-09 -9.13545e-09 -1.12557e-08 1.56937e-09 6.69046e-09
internal_weight=25707 19701 16007 13726 6006 3531
internal_count=25707 19701 16007 13726 6006 3531
is_linear=0
shrinkage=0.000132856


Tree=275
num_leaves=7
num_cat=0
split_feature=5 5 13 9 13 0
split_gain=3.17986e-06 7.33301e-05 2.2836e-05 1.40409e-05 8.11822e-06 2.84946e-05
threshold=-0.0025697584393127855 0.0044477167378955693 0.0020459316848726208 19272.716132388581 0.0051665264144016522 23354.320000000003
decision_type=2 2 2 2 2 2
left_child=4 2 -2 -4 -1 -6
right_child=1 -3 3 -5 5 -7
leaf_value=0 0 0 0 -1.2309279934249581e-08 0 1.4602141884867587e-08
leaf_weight=2475 2281 3694 617 13109 433 3098
leaf_count=2475 2281 3694 617 13109 433 3098
internal_value=0 -1.44864e-09 -9.13411e-09 -1.12541e-08 1.56837e-09 6.68876e-09
internal_weight=25707 19701 16007 13726 6006 3531
internal_count=25707 19701 16007 13726 6006 3531
is_linear=0
shrinkage=0.000132856


Tree=276
num_leaves=7
num_cat=0
split_feature=5 5 13 9 13 0
split_gain=3.17527e-06 7.33114e-05 2.28308e-05 1.40384e-05 8.11474e-06 2.84892e-05
threshold=-0.0025697584393127855 0.0044477167378955693 0.0020459316848726208 19272.716132388581 0.0051665264144016522 23354.320000000003
decision_type=2 2 2 2 2 2
left_child=4 2 -2 -4 -1 -6
right_child=1 -3 3 -5 5 -7
leaf_value=0 0 0 0 -1.230764469000485e-08 0 1.4600204056875684e-08
leaf_weight=2475 2281 3694 617 13109 433 3098
leaf_count=2475 2281 3694 617 13109 433 3098
internal_value=0 -1.44755e-09 -9.13278e-09 -1.12526e-08 1.56737e-09 6.68706e-09
internal_weight=25707 19701 16007 13726 6006 3531
internal_count=25707 19701 16007 13726 6006 3531
is_linear=0
shrinkage=0.000132856


Tree=277
num_leaves=7
num_cat=0
split_feature=5 5 13 9 13 0
split_gain=3.17069e-06 7.32928e-05 2.28257e-05 1.40358e-05 8.11125e-06 2.84838e-05
threshold=-0.0025697584393127855 0.0044477167378955693 0.0020459316848726208 19272.716132388581 0.0051665264144016522 23354.320000000003
decision_type=2 2 2 2 2 2
left_child=4 2 -2 -4 -1 -6
right_child=1 -3 3 -5 5 -7
leaf_value=0 0 0 0 -1.2306009870992863e-08 0 1.4598265501627612e-08
leaf_weight=2475 2281 3694 617 13109 433 3098
leaf_count=2475 2281 3694 617 13109 433 3098
internal_value=0 -1.44646e-09 -9.13144e-09 -1.1251e-08 1.56637e-09 6.68535e-09
internal_weight=25707 19701 16007 13726 6006 3531
internal_count=25707 19701 16007 13726 6006 3531
is_linear=0
shrinkage=0.000132856


Tree=278
num_leaves=7
num_cat=0
split_feature=5 5 13 9 13 0
split_gain=3.16611e-06 7.32741e-05 2.28205e-05 1.40332e-05 8.10777e-06 2.84784e-05
threshold=-0.0025697584393127855 0.0044477167378955693 0.0020459316848726208 19272.716132388581 0.0051665264144016522 23354.320000000003
decision_type=2 2 2 2 2 2
left_child=4 2 -2 -4 -1 -6
right_child=1 -3 3 -5 5 -7
leaf_value=0 0 0 0 -1.2304375339896108e-08 0 1.4596327306519257e-08
leaf_weight=2475 2281 3694 617 13109 433 3098
leaf_count=2475 2281 3694 617 13109 433 3098
internal_value=0 -1.44537e-09 -9.1301e-09 -1.12495e-08 1.56537e-09 6.68365e-09
internal_weight=25707 19701 16007 13726 6006 3531
internal_count=25707 19701 16007 13726 6006 3531
is_linear=0
shrinkage=0.000132856


Tree=279
num_leaves=7
num_cat=0
split_feature=5 5 13 9 13 0
split_gain=3.16154e-06 7.32554e-05 2.28154e-05 1.40307e-05 8.10428e-06 2.84731e-05
threshold=-0.0025697584393127855 0.0044477167378955693 0.0020459316848726208 19272.716132388581 0.0051665264144016522 23354.320000000003
decision_type=2 2 2 2 2 2
left_child=4 2 -2 -4 -1 -6
right_child=1 -3 3 -5 5 -7
leaf_value=0 0 0 0 -1.2302741030377815e-08 0 1.4594389288011883e-08
leaf_weight=2475 2281 3694 617 13109 433 3098
leaf_count=2475 2281 3694 617 13109 433 3098
internal_value=0 -1.44429e-09 -9.12876e-09 -1.12479e-08 1.56437e-09 6.68195e-09
internal_weight=25707 19701 16007 13726 6006 3531
internal_count=25707 19701 16007 13726 6006 3531
is_linear=0
shrinkage=0.000132856


Tree=280
num_leaves=4
num_cat=0
split_feature=5 5 5
split_gain=2.79381e-05 3.94862e-05 5.68415e-06
threshold=-0.0021725220760916981 0.011679406640418223 -0.014871016420770431
decision_type=2 2 2
left_child=2 -2 -1
right_child=1 -3 -4
leaf_value=0 -6.9431051119590598e-09 0 8.1915481493983607e-09
leaf_weight=517 18154 778 6185
leaf_count=517 18154 778 6185
internal_value=0 -3.0686e-09 6.85285e-09
internal_weight=25634 18932 6702
internal_count=25634 18932 6702
is_linear=0
shrinkage=0.000132856


Tree=281
num_leaves=4
num_cat=0
split_feature=5 5 5
split_gain=2.7927e-05 3.94788e-05 5.68313e-06
threshold=-0.0021725220760916981 0.011679406640418223 -0.014871016420770431
decision_type=2 2 2
left_child=2 -2 -1
right_child=1 -3 -4
leaf_value=0 -6.9421828466103948e-09 0 8.1904607094968561e-09
leaf_weight=517 18154 778 6185
leaf_count=517 18154 778 6185
internal_value=0 -3.06771e-09 6.85185e-09
internal_weight=25634 18932 6702
internal_count=25634 18932 6702
is_linear=0
shrinkage=0.000132856


Tree=282
num_leaves=4
num_cat=0
split_feature=5 5 5
split_gain=2.7916e-05 3.94715e-05 5.68211e-06
threshold=-0.0021725220760916981 0.011679406640418223 -0.014871016420770431
decision_type=2 2 2
left_child=2 -2 -1
right_child=1 -3 -4
leaf_value=0 -6.9412605861455671e-09 0 8.1893718075153503e-09
leaf_weight=517 18154 778 6185
leaf_count=517 18154 778 6185
internal_value=0 -3.06683e-09 6.85084e-09
internal_weight=25634 18932 6702
internal_count=25634 18932 6702
is_linear=0
shrinkage=0.000132856


Tree=283
num_leaves=4
num_cat=0
split_feature=5 5 5
split_gain=2.79049e-05 3.94641e-05 5.68109e-06
threshold=-0.0021725220760916981 0.011679406640418223 -0.014871016420770431
decision_type=2 2 2
left_child=2 -2 -1
right_child=1 -3 -4
leaf_value=0 -6.9403385689500262e-09 0 8.1882844761001498e-09
leaf_weight=517 18154 778 6185
leaf_count=517 18154 778 6185
internal_value=0 -3.06595e-09 6.84984e-09
internal_weight=25634 18932 6702
internal_count=25634 18932 6702
is_linear=0
shrinkage=0.000132856


Tree=284
num_leaves=4
num_cat=0
split_feature=5 5 5
split_gain=2.78939e-05 3.94568e-05 5.68007e-06
threshold=-0.0021725220760916981 0.011679406640418223 -0.014871016420770431
decision_type=2 2 2
left_child=2 -2 -1
right_child=1 -3 -4
leaf_value=0 -6.9394165279937421e-09 0 8.1871965256734153e-09
leaf_weight=517 18154 778 6185
leaf_count=517 18154 778 6185
internal_value=0 -3.06506e-09 6.84883e-09
internal_weight=25634 18932 6702
internal_count=25634 18932 6702
is_linear=0
shrinkage=0.000132856


Tree=285
num_leaves=4
num_cat=0
split_feature=5 5 5
split_gain=2.78829e-05 3.94494e-05 5.67905e-06
threshold=-0.0021725220760916981 0.011679406640418223 -0.014871016420770431
decision_type=2 2 2
left_child=2 -2 -1
right_child=1 -3 -4
leaf_value=0 -6.9384944231788401e-09 0 8.1861100679049786e-09
leaf_weight=517 18154 778 6185
leaf_count=517 18154 778 6185
internal_value=0 -3.06418e-09 6.84783e-09
internal_weight=25634 18932 6702
internal_count=25634 18932 6702
is_linear=0
shrinkage=0.000132856


Tree=286
num_leaves=4
num_cat=0
split_feature=5 5 5
split_gain=2.78718e-05 3.94421e-05 5.67803e-06
threshold=-0.0021725220760916981 0.011679406640418223 -0.014871016420770431
decision_type=2 2 2
left_child=2 -2 -1
right_child=1 -3 -4
leaf_value=0 -6.9375728322630624e-09 0 8.1850229700722209e-09
leaf_weight=517 18154 778 6185
leaf_count=517 18154 778 6185
internal_value=0 -3.06329e-09 6.84683e-09
internal_weight=25634 18932 6702
internal_count=25634 18932 6702
is_linear=0
shrinkage=0.000132856


Tree=287
num_leaves=4
num_cat=0
split_feature=5 5 5
split_gain=2.78608e-05 3.94347e-05 5.67701e-06
threshold=-0.0021725220760916981 0.011679406640418223 -0.014871016420770431
decision_type=2 2 2
left_child=2 -2 -1
right_child=1 -3 -4
leaf_value=0 -6.9366512485121734e-09 0 8.1839355870259368e-09
leaf_weight=517 18154 778 6185
leaf_count=517 18154 778 6185
internal_value=0 -3.06241e-09 6.84583e-09
internal_weight=25634 18932 6702
internal_count=25634 18932 6702
is_linear=0
shrinkage=0.000132856


Tree=288
num_leaves=9
num_cat=0
split_feature=5 5 6 6 13 4 12 13
split_gain=4.70674e-06 9.1678e-05 6.27552e-05 5.93416e-05 7.66449e-05 4.14626e-05 3.36663e-05 3.86629e-06
threshold=-0.0025697584393127855 0.0060817964016657297 0.00061528038305491705 0.022911189001646463 0.0028139697852878386 12716.212135000002 0.0028494289711873222 0.0051665264144016522
decision_type=2 2 2 2 2 2 2 2
left_child=7 2 -2 4 -4 6 -6 -1
right_child=1 -3 3 -5 5 -7 -8 -9
leaf_value=0 0 0 0 0 0 0 -3.3489099675203756e-08 4.4183794522989645e-09
leaf_weight=2501 8492 2537 1907 202 525 209 5825 3494
leaf_count=2501 8492 2537 1907 202 525 209 5825 3494
internal_value=0 -2.05349e-09 -9.95631e-09 -1.79993e-08 -2.134e-08 -2.8177e-08 -3.05823e-08 3.93278e-11
internal_weight=25692 19697 17160 8668 8466 6559 6350 5995
internal_count=25692 19697 17160 8668 8466 6559 6350 5995
is_linear=0
shrinkage=0.000132856


Tree=289
num_leaves=9
num_cat=0
split_feature=5 5 6 6 13 4 12 13
split_gain=4.7007e-06 9.16548e-05 6.27316e-05 5.93318e-05 7.66248e-05 4.14555e-05 3.36578e-05 3.86527e-06
threshold=-0.0025697584393127855 0.0060817964016657297 0.00061528038305491705 0.022911189001646463 0.0028139697852878386 12716.212135000002 0.0028494289711873222 0.0051665264144016522
decision_type=2 2 2 2 2 2 2 2
left_child=7 2 -2 4 -4 6 -6 -1
right_child=1 -3 3 -5 5 -7 -8 -9
leaf_value=0 0 0 0 0 0 0 -3.3484652475596678e-08 4.4177939843141177e-09
leaf_weight=2501 8492 2537 1907 202 525 209 5825 3494
leaf_count=2501 8492 2537 1907 202 525 209 5825 3494
internal_value=0 -2.05218e-09 -9.9548e-09 -1.79964e-08 -2.13369e-08 -2.81731e-08 -3.05782e-08 3.89865e-11
internal_weight=25692 19697 17160 8668 8466 6559 6350 5995
internal_count=25692 19697 17160 8668 8466 6559 6350 5995
is_linear=0
shrinkage=0.000132856


Tree=290
num_leaves=9
num_cat=0
split_feature=5 5 6 6 13 4 12 13
split_gain=4.69467e-06 9.16316e-05 6.2708e-05 5.9322e-05 7.66047e-05 4.14485e-05 3.36493e-05 3.86426e-06
threshold=-0.0025697584393127855 0.0060817964016657297 0.00061528038305491705 0.022911189001646463 0.0028139697852878386 12716.212135000002 0.0028494289711873222 0.0051665264144016522
decision_type=2 2 2 2 2 2 2 2
left_child=7 2 -2 4 -4 6 -6 -1
right_child=1 -3 3 -5 5 -7 -8 -9
leaf_value=0 0 0 0 0 0 0 -3.3480205523836192e-08 4.4172079463249673e-09
leaf_weight=2501 8492 2537 1907 202 525 209 5825 3494
leaf_count=2501 8492 2537 1907 202 525 209 5825 3494
internal_value=0 -2.05086e-09 -9.95329e-09 -1.79934e-08 -2.13338e-08 -2.81691e-08 -3.05742e-08 3.86448e-11
internal_weight=25692 19697 17160 8668 8466 6559 6350 5995
internal_count=25692 19697 17160 8668 8466 6559 6350 5995
is_linear=0
shrinkage=0.000132856


Tree=291
num_leaves=9
num_cat=0
split_feature=5 5 6 6 13 4 12 13
split_gain=4.68864e-06 9.16084e-05 6.26844e-05 5.93122e-05 7.65847e-05 4.14414e-05 3.36407e-05 3.86324e-06
threshold=-0.0025697584393127855 0.0060817964016657297 0.00061528038305491705 0.022911189001646463 0.0028139697852878386 12716.212135000002 0.0028494289711873222 0.0051665264144016522
decision_type=2 2 2 2 2 2 2 2
left_child=7 2 -2 4 -4 6 -6 -1
right_child=1 -3 3 -5 5 -7 -8 -9
leaf_value=0 0 0 0 0 0 0 -3.347575856943835e-08 4.4166221974766999e-09
leaf_weight=2501 8492 2537 1907 202 525 209 5825 3494
leaf_count=2501 8492 2537 1907 202 525 209 5825 3494
internal_value=0 -2.04955e-09 -9.95178e-09 -1.79904e-08 -2.13308e-08 -2.81652e-08 -3.05701e-08 3.83033e-11
internal_weight=25692 19697 17160 8668 8466 6559 6350 5995
internal_count=25692 19697 17160 8668 8466 6559 6350 5995
is_linear=0
shrinkage=0.000132856


Tree=292
num_leaves=9
num_cat=0
split_feature=5 5 6 6 13 4 12 13
split_gain=4.68262e-06 9.15852e-05 6.26608e-05 5.93024e-05 7.65646e-05 4.14343e-05 3.36322e-05 3.86222e-06
threshold=-0.0025697584393127855 0.0060817964016657297 0.00061528038305491705 0.022911189001646463 0.0028139697852878386 12716.212135000002 0.0028494289711873222 0.0051665264144016522
decision_type=2 2 2 2 2 2 2 2
left_child=7 2 -2 4 -4 6 -6 -1
right_child=1 -3 3 -5 5 -7 -8 -9
leaf_value=0 0 0 0 0 0 0 -3.3471312603989061e-08 4.4160338006184388e-09
leaf_weight=2501 8492 2537 1907 202 525 209 5825 3494
leaf_count=2501 8492 2537 1907 202 525 209 5825 3494
internal_value=0 -2.04823e-09 -9.95027e-09 -1.79874e-08 -2.13277e-08 -2.81612e-08 -3.0566e-08 3.79603e-11
internal_weight=25692 19697 17160 8668 8466 6559 6350 5995
internal_count=25692 19697 17160 8668 8466 6559 6350 5995
is_linear=0
shrinkage=0.000132856


Tree=293
num_leaves=9
num_cat=0
split_feature=5 5 6 6 13 4 12 13
split_gain=4.6766e-06 9.1562e-05 6.26372e-05 5.92926e-05 7.65445e-05 4.14273e-05 3.36237e-05 3.86121e-06
threshold=-0.0025697584393127855 0.0060817964016657297 0.00061528038305491705 0.022911189001646463 0.0028139697852878386 12716.212135000002 0.0028494289711873222 0.0051665264144016522
decision_type=2 2 2 2 2 2 2 2
left_child=7 2 -2 4 -4 6 -6 -1
right_child=1 -3 3 -5 5 -7 -8 -9
leaf_value=0 0 0 0 0 0 0 -3.3466867602291484e-08 4.4154480173469923e-09
leaf_weight=2501 8492 2537 1907 202 525 209 5825 3494
leaf_count=2501 8492 2537 1907 202 525 209 5825 3494
internal_value=0 -2.04692e-09 -9.94876e-09 -1.79844e-08 -2.13247e-08 -2.81573e-08 -3.05619e-08 3.76188e-11
internal_weight=25692 19697 17160 8668 8466 6559 6350 5995
internal_count=25692 19697 17160 8668 8466 6559 6350 5995
is_linear=0
shrinkage=0.000132856


Tree=294
num_leaves=9
num_cat=0
split_feature=5 5 6 6 13 4 12 13
split_gain=4.67059e-06 9.15388e-05 6.26136e-05 5.92828e-05 7.65245e-05 4.14202e-05 3.36151e-05 3.86019e-06
threshold=-0.0025697584393127855 0.0060817964016657297 0.00061528038305491705 0.022911189001646463 0.0028139697852878386 12716.212135000002 0.0028494289711873222 0.0051665264144016522
decision_type=2 2 2 2 2 2 2 2
left_child=7 2 -2 4 -4 6 -6 -1
right_child=1 -3 3 -5 5 -7 -8 -9
leaf_value=0 0 0 0 0 0 0 -3.3462423045057452e-08 4.4148623908980107e-09
leaf_weight=2501 8492 2537 1907 202 525 209 5825 3494
leaf_count=2501 8492 2537 1907 202 525 209 5825 3494
internal_value=0 -2.0456e-09 -9.94725e-09 -1.79814e-08 -2.13216e-08 -2.81533e-08 -3.05579e-08 3.72774e-11
internal_weight=25692 19697 17160 8668 8466 6559 6350 5995
internal_count=25692 19697 17160 8668 8466 6559 6350 5995
is_linear=0
shrinkage=0.000132856


Tree=295
num_leaves=9
num_cat=0
split_feature=5 5 6 6 13 4 12 13
split_gain=4.66458e-06 9.15157e-05 6.25901e-05 5.9273e-05 7.65044e-05 4.14132e-05 3.36066e-05 3.85917e-06
threshold=-0.0025697584393127855 0.0060817964016657297 0.00061528038305491705 0.022911189001646463 0.0028139697852878386 12716.212135000002 0.0028494289711873222 0.0051665264144016522
decision_type=2 2 2 2 2 2 2 2
left_child=7 2 -2 4 -4 6 -6 -1
right_child=1 -3 3 -5 5 -7 -8 -9
leaf_value=0 0 0 0 0 0 0 -3.3457979070701156e-08 4.4142767656586799e-09
leaf_weight=2501 8492 2537 1907 202 525 209 5825 3494
leaf_count=2501 8492 2537 1907 202 525 209 5825 3494
internal_value=0 -2.04429e-09 -9.94574e-09 -1.79784e-08 -2.13186e-08 -2.81494e-08 -3.05538e-08 3.6936e-11
internal_weight=25692 19697 17160 8668 8466 6559 6350 5995
internal_count=25692 19697 17160 8668 8466 6559 6350 5995
is_linear=0
shrinkage=0.000132856


Tree=296
num_leaves=10
num_cat=0
split_feature=13 5 4 4 11 9 13 9 0
split_gain=5.19588e-05 2.7896e-05 5.03409e-05 0.000120272 3.08587e-05 2.68114e-05 3.14862e-05 2.09479e-05 1.2518e-05
threshold=0.010757263771706386 0.0070025975478307254 8399.9853000000021 1843.6820150000001 73.351986143681003 19272.716132388581 0.003252638377386618 20494.636600273316 47052.340000000004
decision_type=2 2 2 2 2 2 2 2 2
left_child=1 2 3 -1 5 -5 -7 -2 -9
right_child=7 -3 -4 4 -6 6 -8 8 -10
leaf_value=0 0 0 0 0 0 0 -3.6083234638070959e-08 2.2771572645405274e-08 0
leaf_weight=13924 162 1573 1726 627 696 617 4602 1137 484
leaf_count=13924 162 1573 1726 627 696 617 4602 1137 484
internal_value=0 -6.21187e-09 -7.96916e-09 -1.0596e-08 -2.59914e-08 -2.91392e-08 -3.22753e-08 0 1.50929e-08
internal_weight=25548 23765 22192 20466 6542 5846 5219 1783 1621
internal_count=25548 23765 22192 20466 6542 5846 5219 1783 1621
is_linear=0
shrinkage=0.000132856


Tree=297
num_leaves=10
num_cat=0
split_feature=13 5 4 4 11 9 13 9 0
split_gain=5.19433e-05 2.78916e-05 5.03343e-05 0.000120233 3.08509e-05 2.68036e-05 3.14767e-05 2.09421e-05 1.2515e-05
threshold=0.010757263771706386 0.0070025975478307254 8399.9853000000021 1843.6820150000001 73.351986143681003 19272.716132388581 0.003252638377386618 20494.636600273316 47052.340000000004
decision_type=2 2 2 2 2 2 2 2 2
left_child=1 2 3 -1 5 -5 -7 -2 -9
right_child=7 -3 -4 4 -6 6 -8 8 -10
leaf_value=0 0 0 0 0 0 0 -3.607844157092831e-08 2.2768549982326653e-08 0
leaf_weight=13924 162 1573 1726 627 696 617 4602 1137 484
leaf_count=13924 162 1573 1726 627 696 617 4602 1137 484
internal_value=0 -6.21094e-09 -7.96816e-09 -1.05949e-08 -2.59881e-08 -2.91354e-08 -3.22711e-08 0 1.50908e-08
internal_weight=25548 23765 22192 20466 6542 5846 5219 1783 1621
internal_count=25548 23765 22192 20466 6542 5846 5219 1783 1621
is_linear=0
shrinkage=0.000132856


Tree=298
num_leaves=10
num_cat=0
split_feature=13 5 4 4 11 9 13 9 0
split_gain=5.19277e-05 2.78872e-05 5.03278e-05 0.000120195 3.0843e-05 2.67957e-05 3.14672e-05 2.09362e-05 1.2512e-05
threshold=0.010757263771706386 0.0070025975478307254 8399.9853000000021 1843.6820150000001 73.351986143681003 19272.716132388581 0.003252638377386618 20494.636600273316 47052.340000000004
decision_type=2 2 2 2 2 2 2 2 2
left_child=1 2 3 -1 5 -5 -7 -2 -9
right_child=7 -3 -4 4 -6 6 -8 8 -10
leaf_value=0 0 0 0 0 0 0 -3.6073650738388164e-08 2.276553367552071e-08 0
leaf_weight=13924 162 1573 1726 627 696 617 4602 1137 484
leaf_count=13924 162 1573 1726 627 696 617 4602 1137 484
internal_value=0 -6.21001e-09 -7.96717e-09 -1.05938e-08 -2.59847e-08 -2.91316e-08 -3.22669e-08 0 1.50887e-08
internal_weight=25548 23765 22192 20466 6542 5846 5219 1783 1621
internal_count=25548 23765 22192 20466 6542 5846 5219 1783 1621
is_linear=0
shrinkage=0.000132856


Tree=299
num_leaves=10
num_cat=0
split_feature=13 5 4 4 11 9 13 9 0
split_gain=5.19122e-05 2.78829e-05 5.03212e-05 0.000120156 3.08351e-05 2.67879e-05 3.14577e-05 2.09303e-05 1.25091e-05
threshold=0.010757263771706386 0.0070025975478307254 8399.9853000000021 1843.6820150000001 73.351986143681003 19272.716132388581 0.003252638377386618 20494.636600273316 47052.340000000004
decision_type=2 2 2 2 2 2 2 2 2
left_child=1 2 3 -1 5 -5 -7 -2 -9
right_child=7 -3 -4 4 -6 6 -8 8 -10
leaf_value=0 0 0 0 0 0 0 -3.6068861321804766e-08 2.2762512504878448e-08 0
leaf_weight=13924 162 1573 1726 627 696 617 4602 1137 484
leaf_count=13924 162 1573 1726 627 696 617 4602 1137 484
internal_value=0 -6.20908e-09 -7.96618e-09 -1.05927e-08 -2.59813e-08 -2.91278e-08 -3.22626e-08 0 1.50865e-08
internal_weight=25548 23765 22192 20466 6542 5846 5219 1783 1621
internal_count=25548 23765 22192 20466 6542 5846 5219 1783 1621
is_linear=0
shrinkage=0.000132856


Tree=300
num_leaves=10
num_cat=0
split_feature=13 5 4 4 11 9 13 9 0
split_gain=5.18967e-05 2.78785e-05 5.03147e-05 0.000120118 3.08273e-05 2.678e-05 3.14482e-05 2.09244e-05 1.25061e-05
threshold=0.010757263771706386 0.0070025975478307254 8399.9853000000021 1843.6820150000001 73.351986143681003 19272.716132388581 0.003252638377386618 20494.636600273316 47052.340000000004
decision_type=2 2 2 2 2 2 2 2 2
left_child=1 2 3 -1 5 -5 -7 -2 -9
right_child=7 -3 -4 4 -6 6 -8 8 -10
leaf_value=0 0 0 0 0 0 0 -3.6064071398270138e-08 2.2759494555225707e-08 0
leaf_weight=13924 162 1573 1726 627 696 617 4602 1137 484
leaf_count=13924 162 1573 1726 627 696 617 4602 1137 484
internal_value=0 -6.20815e-09 -7.96518e-09 -1.05916e-08 -2.59779e-08 -2.91241e-08 -3.22584e-08 0 1.50844e-08
internal_weight=25548 23765 22192 20466 6542 5846 5219 1783 1621
internal_count=25548 23765 22192 20466 6542 5846 5219 1783 1621
is_linear=0
shrinkage=0.000132856


Tree=301
num_leaves=10
num_cat=0
split_feature=13 5 4 4 11 9 13 9 0
split_gain=5.18812e-05 2.78741e-05 5.03081e-05 0.000120079 3.08194e-05 2.67722e-05 3.14387e-05 2.09185e-05 1.25031e-05
threshold=0.010757263771706386 0.0070025975478307254 8399.9853000000021 1843.6820150000001 73.351986143681003 19272.716132388581 0.003252638377386618 20494.636600273316 47052.340000000004
decision_type=2 2 2 2 2 2 2 2 2
left_child=1 2 3 -1 5 -5 -7 -2 -9
right_child=7 -3 -4 4 -6 6 -8 8 -10
leaf_value=0 0 0 0 0 0 0 -3.6059281298172405e-08 2.2756474496856918e-08 0
leaf_weight=13924 162 1573 1726 627 696 617 4602 1137 484
leaf_count=13924 162 1573 1726 627 696 617 4602 1137 484
internal_value=0 -6.20723e-09 -7.96419e-09 -1.05906e-08 -2.59746e-08 -2.91203e-08 -3.22542e-08 0 1.50823e-08
internal_weight=25548 23765 22192 20466 6542 5846 5219 1783 1621
internal_count=25548 23765 22192 20466 6542 5846 5219 1783 1621
is_linear=0
shrinkage=0.000132856


Tree=302
num_leaves=10
num_cat=0
split_feature=13 5 4 4 11 9 13 9 0
split_gain=5.18657e-05 2.78697e-05 5.03015e-05 0.000120041 3.08116e-05 2.67644e-05 3.14292e-05 2.09127e-05 1.25001e-05
threshold=0.010757263771706386 0.0070025975478307254 8399.9853000000021 1843.6820150000001 73.351986143681003 19272.716132388581 0.003252638377386618 20494.636600273316 47052.340000000004
decision_type=2 2 2 2 2 2 2 2 2
left_child=1 2 3 -1 5 -5 -7 -2 -9
right_child=7 -3 -4 4 -6 6 -8 8 -10
leaf_value=0 0 0 0 0 0 0 -3.6054493941983622e-08 2.27534587320801e-08 0
leaf_weight=13924 162 1573 1726 627 696 617 4602 1137 484
leaf_count=13924 162 1573 1726 627 696 617 4602 1137 484
internal_value=0 -6.2063e-09 -7.9632e-09 -1.05895e-08 -2.59712e-08 -2.91165e-08 -3.225e-08 0 1.50802e-08
internal_weight=25548 23765 22192 20466 6542 5846 5219 1783 1621
internal_count=25548 23765 22192 20466 6542 5846 5219 1783 1621
is_linear=0
shrinkage=0.000132856


Tree=303
num_leaves=10
num_cat=0
split_feature=13 5 4 4 11 9 13 9 0
split_gain=5.18502e-05 2.78653e-05 5.0295e-05 0.000120002 3.08037e-05 2.67566e-05 3.14197e-05 2.09068e-05 1.24971e-05
threshold=0.010757263771706386 0.0070025975478307254 8399.9853000000021 1843.6820150000001 73.351986143681003 19272.716132388581 0.003252638377386618 20494.636600273316 47052.340000000004
decision_type=2 2 2 2 2 2 2 2 2
left_child=1 2 3 -1 5 -5 -7 -2 -9
right_child=7 -3 -4 4 -6 6 -8 8 -10
leaf_value=0 0 0 0 0 0 0 -3.604970581194125e-08 2.2750444597633547e-08 0
leaf_weight=13924 162 1573 1726 627 696 617 4602 1137 484
leaf_count=13924 162 1573 1726 627 696 617 4602 1137 484
internal_value=0 -6.20537e-09 -7.9622e-09 -1.05884e-08 -2.59678e-08 -2.91128e-08 -3.22457e-08 0 1.50781e-08
internal_weight=25548 23765 22192 20466 6542 5846 5219 1783 1621
internal_count=25548 23765 22192 20466 6542 5846 5219 1783 1621
is_linear=0
shrinkage=0.000132856


Tree=304
num_leaves=3
num_cat=0
split_feature=5 5
split_gain=1.05479e-05 5.86308e-05
threshold=-0.0022223398294529124 0.0060817964016657297
decision_type=2 2
left_child=-1 -2
right_child=1 -3
leaf_value=3.6851650147806191e-09 -8.2588827377839547e-09 0
leaf_weight=6635 16578 2513
leaf_count=6635 16578 2513
internal_value=0 -2.24282e-09
internal_weight=25726 19091
internal_count=25726 19091
is_linear=0
shrinkage=0.000132856


Tree=305
num_leaves=3
num_cat=0
split_feature=5 5
split_gain=1.05419e-05 5.86184e-05
threshold=-0.0022223398294529124 0.0060817964016657297
decision_type=2 2
left_child=-1 -2
right_child=1 -3
leaf_value=3.6846753764893928e-09 -8.2577858094816254e-09 0
leaf_weight=6635 16578 2513
leaf_count=6635 16578 2513
internal_value=0 -2.24186e-09
internal_weight=25726 19091
internal_count=25726 19091
is_linear=0
shrinkage=0.000132856


Tree=306
num_leaves=3
num_cat=0
split_feature=5 5
split_gain=1.0536e-05 5.8606e-05
threshold=-0.0022223398294529124 0.0060817964016657297
decision_type=2 2
left_child=-1 -2
right_child=1 -3
leaf_value=3.6841862304216948e-09 -8.2566888534636848e-09 0
leaf_weight=6635 16578 2513
leaf_count=6635 16578 2513
internal_value=0 -2.24091e-09
internal_weight=25726 19091
internal_count=25726 19091
is_linear=0
shrinkage=0.000132856


Tree=307
num_leaves=3
num_cat=0
split_feature=5 5
split_gain=1.053e-05 5.85936e-05
threshold=-0.0022223398294529124 0.0060817964016657297
decision_type=2 2
left_child=-1 -2
right_child=1 -3
leaf_value=3.6836966541516614e-09 -8.2555919542661189e-09 0
leaf_weight=6635 16578 2513
leaf_count=6635 16578 2513
internal_value=0 -2.23996e-09
internal_weight=25726 19091
internal_count=25726 19091
is_linear=0
shrinkage=0.000132856


Tree=308
num_leaves=3
num_cat=0
split_feature=5 5
split_gain=1.0524e-05 5.85812e-05
threshold=-0.0022223398294529124 0.0060817964016657297
decision_type=2 2
left_child=-1 -2
right_child=1 -3
leaf_value=3.6832077819339063e-09 -8.25449529957602e-09 0
leaf_weight=6635 16578 2513
leaf_count=6635 16578 2513
internal_value=0 -2.23901e-09
internal_weight=25726 19091
internal_count=25726 19091
is_linear=0
shrinkage=0.000132856


Tree=309
num_leaves=3
num_cat=0
split_feature=5 5
split_gain=1.05181e-05 5.85688e-05
threshold=-0.0022223398294529124 0.0060817964016657297
decision_type=2 2
left_child=-1 -2
right_child=1 -3
leaf_value=3.6827181348403764e-09 -8.2533988252671856e-09 0
leaf_weight=6635 16578 2513
leaf_count=6635 16578 2513
internal_value=0 -2.23805e-09
internal_weight=25726 19091
internal_count=25726 19091
is_linear=0
shrinkage=0.000132856


Tree=310
num_leaves=3
num_cat=0
split_feature=5 5
split_gain=1.05121e-05 5.85564e-05
threshold=-0.0022223398294529124 0.0060817964016657297
decision_type=2 2
left_child=-1 -2
right_child=1 -3
leaf_value=3.6822290473211947e-09 -8.2523023801809664e-09 0
leaf_weight=6635 16578 2513
leaf_count=6635 16578 2513
internal_value=0 -2.2371e-09
internal_weight=25726 19091
internal_count=25726 19091
is_linear=0
shrinkage=0.000132856


Tree=311
num_leaves=3
num_cat=0
split_feature=5 5
split_gain=1.05061e-05 5.8544e-05
threshold=-0.0022223398294529124 0.0060817964016657297
decision_type=2 2
left_child=-1 -2
right_child=1 -3
leaf_value=3.6817398153513907e-09 -8.2512060068777339e-09 0
leaf_weight=6635 16578 2513
leaf_count=6635 16578 2513
internal_value=0 -2.23615e-09
internal_weight=25726 19091
internal_count=25726 19091
is_linear=0
shrinkage=0.000132856


Tree=312
num_leaves=3
num_cat=0
split_feature=5 5
split_gain=9.55871e-07 3.11158e-05
threshold=-0.0025697584393127855 0.0054441873383550563
decision_type=2 2
left_child=-1 -2
right_child=1 -3
leaf_value=1.3687314965920026e-09 -5.7707988049045065e-09 0
leaf_weight=6031 16657 2933
leaf_count=6031 16657 2933
internal_value=0 -5.33155e-10
internal_weight=25621 19590
internal_count=25621 19590
is_linear=0
shrinkage=0.000132856


Tree=313
num_leaves=3
num_cat=0
split_feature=5 5
split_gain=9.5493e-07 3.11082e-05
threshold=-0.0025697584393127855 0.0054441873383550563
decision_type=2 2
left_child=-1 -2
right_child=1 -3
leaf_value=1.368550208495383e-09 -5.7700322204812691e-09 0
leaf_weight=6031 16657 2933
leaf_count=6031 16657 2933
internal_value=0 -5.32503e-10
internal_weight=25621 19590
internal_count=25621 19590
is_linear=0
shrinkage=0.000132856


Tree=314
num_leaves=3
num_cat=0
split_feature=5 5
split_gain=9.5399e-07 3.11006e-05
threshold=-0.0025697584393127855 0.0054441873383550563
decision_type=2 2
left_child=-1 -2
right_child=1 -3
leaf_value=1.3683687339882379e-09 -5.7692657241986847e-09 0
leaf_weight=6031 16657 2933
leaf_count=6031 16657 2933
internal_value=0 -5.31851e-10
internal_weight=25621 19590
internal_count=25621 19590
is_linear=0
shrinkage=0.000132856


Tree=315
num_leaves=3
num_cat=0
split_feature=5 5
split_gain=9.53051e-07 3.10931e-05
threshold=-0.0025697584393127855 0.0054441873383550563
decision_type=2 2
left_child=-1 -2
right_child=1 -3
leaf_value=1.3681866418378799e-09 -5.7684996592709224e-09 0
leaf_weight=6031 16657 2933
leaf_count=6031 16657 2933
internal_value=0 -5.312e-10
internal_weight=25621 19590
internal_count=25621 19590
is_linear=0
shrinkage=0.000132856


Tree=316
num_leaves=3
num_cat=0
split_feature=5 5
split_gain=9.52114e-07 3.10855e-05
threshold=-0.0025697584393127855 0.0054441873383550563
decision_type=2 2
left_child=-1 -2
right_child=1 -3
leaf_value=1.3680056542612647e-09 -5.7677329388414775e-09 0
leaf_weight=6031 16657 2933
leaf_count=6031 16657 2933
internal_value=0 -5.30548e-10
internal_weight=25621 19590
internal_count=25621 19590
is_linear=0
shrinkage=0.000132856


Tree=317
num_leaves=3
num_cat=0
split_feature=5 5
split_gain=9.51177e-07 3.10779e-05
threshold=-0.0025697584393127855 0.0054441873383550563
decision_type=2 2
left_child=-1 -2
right_child=1 -3
leaf_value=1.36782299360637e-09 -5.7669670794493668e-09 0
leaf_weight=6031 16657 2933
leaf_count=6031 16657 2933
internal_value=0 -5.29897e-10
internal_weight=25621 19590
internal_count=25621 19590
is_linear=0
shrinkage=0.000132856


Tree=318
num_leaves=3
num_cat=0
split_feature=5 5
split_gain=9.50242e-07 3.10703e-05
threshold=-0.0025697584393127855 0.0054441873383550563
decision_type=2 2
left_child=-1 -2
right_child=1 -3
leaf_value=1.3676426622268495e-09 -5.7662010285692017e-09 0
leaf_weight=6031 16657 2933
leaf_count=6031 16657 2933
internal_value=0 -5.29245e-10
internal_weight=25621 19590
internal_count=25621 19590
is_linear=0
shrinkage=0.000132856


Tree=319
num_leaves=3
num_cat=0
split_feature=5 5
split_gain=9.49307e-07 3.10628e-05
threshold=-0.0025697584393127855 0.0054441873383550563
decision_type=2 2
left_child=-1 -2
right_child=1 -3
leaf_value=1.3674603670427339e-09 -5.7654349590442823e-09 0
leaf_weight=6031 16657 2933
leaf_count=6031 16657 2933
internal_value=0 -5.28594e-10
internal_weight=25621 19590
internal_count=25621 19590
is_linear=0
shrinkage=0.000132856


Tree=320
num_leaves=8
num_cat=0
split_feature=5 5 12 6 6 13 13
split_gain=1.46114e-05 3.8562e-05 4.94618e-05 2.22642e-05 2.34286e-05 1.83699e-05 1.29402e-05
threshold=-0.0025697584393127855 0.0054441873383550563 0.0041131957550689874 0.022911189001646463 -0.015589844614611046 0.0037245704493267385 0.0030640366743222756
decision_type=2 2 2 2 2 2 2
left_child=5 2 -2 4 -4 -1 -6
right_child=1 -3 3 -5 6 -7 -8
leaf_value=0 0 0 0 0 0 1.0824891039208316e-08 -1.7894564929330085e-08
leaf_weight=1141 6594 2905 330 180 1425 4886 8111
leaf_count=1141 6594 2905 330 180 1425 4886 8111
internal_value=0 -6.91932e-10 -6.43905e-09 -1.24722e-08 -1.40789e-08 6.42056e-09 -1.57616e-08
internal_weight=25572 19545 16640 10046 9866 6027 9536
internal_count=25572 19545 16640 10046 9866 6027 9536
is_linear=0
shrinkage=0.000132856


Tree=321
num_leaves=8
num_cat=0
split_feature=5 5 12 6 6 13 13
split_gain=1.46048e-05 3.85494e-05 4.94486e-05 2.22607e-05 2.34249e-05 1.83664e-05 1.29356e-05
threshold=-0.0025697584393127855 0.0054441873383550563 0.0041131957550689874 0.022911189001646463 -0.015589844614611046 0.0037245704493267385 0.0030640366743222756
decision_type=2 2 2 2 2 2 2
left_child=5 2 -2 4 -4 -1 -6
right_child=1 -3 3 -5 6 -7 -8
leaf_value=0 0 0 0 0 0 1.082345305713431e-08 -1.7892187909241908e-08
leaf_weight=1141 6594 2905 330 180 1425 4886 8111
leaf_count=1141 6594 2905 330 180 1425 4886 8111
internal_value=0 -6.90945e-10 -6.43789e-09 -1.24703e-08 -1.40769e-08 6.41939e-09 -1.57596e-08
internal_weight=25572 19545 16640 10046 9866 6027 9536
internal_count=25572 19545 16640 10046 9866 6027 9536
is_linear=0
shrinkage=0.000132856


Tree=322
num_leaves=8
num_cat=0
split_feature=5 5 12 6 6 13 13
split_gain=1.45982e-05 3.85369e-05 4.94355e-05 2.22572e-05 2.34212e-05 1.83629e-05 1.29309e-05
threshold=-0.0025697584393127855 0.0054441873383550563 0.0041131957550689874 0.022911189001646463 -0.015589844614611046 0.0037245704493267385 0.0030640366743222756
decision_type=2 2 2 2 2 2 2
left_child=5 2 -2 4 -4 -1 -6
right_child=1 -3 3 -5 6 -7 -8
leaf_value=0 0 0 0 0 0 1.0822015894321363e-08 -1.7889811761007424e-08
leaf_weight=1141 6594 2905 330 180 1425 4886 8111
leaf_count=1141 6594 2905 330 180 1425 4886 8111
internal_value=0 -6.89959e-10 -6.43673e-09 -1.24683e-08 -1.4075e-08 6.41823e-09 -1.57576e-08
internal_weight=25572 19545 16640 10046 9866 6027 9536
internal_count=25572 19545 16640 10046 9866 6027 9536
is_linear=0
shrinkage=0.000132856


Tree=323
num_leaves=8
num_cat=0
split_feature=5 5 12 6 6 13 13
split_gain=1.45915e-05 3.85243e-05 4.94223e-05 2.22537e-05 2.34175e-05 1.83594e-05 1.29263e-05
threshold=-0.0025697584393127855 0.0054441873383550563 0.0041131957550689874 0.022911189001646463 -0.015589844614611046 0.0037245704493267385 0.0030640366743222756
decision_type=2 2 2 2 2 2 2
left_child=5 2 -2 4 -4 -1 -6
right_child=1 -3 3 -5 6 -7 -8
leaf_value=0 0 0 0 0 0 1.082057940097021e-08 -1.7887435043147352e-08
leaf_weight=1141 6594 2905 330 180 1425 4886 8111
leaf_count=1141 6594 2905 330 180 1425 4886 8111
internal_value=0 -6.88973e-10 -6.43557e-09 -1.24664e-08 -1.4073e-08 6.41706e-09 -1.57556e-08
internal_weight=25572 19545 16640 10046 9866 6027 9536
internal_count=25572 19545 16640 10046 9866 6027 9536
is_linear=0
shrinkage=0.000132856


Tree=324
num_leaves=8
num_cat=0
split_feature=5 5 12 6 6 13 13
split_gain=1.45849e-05 3.85118e-05 4.94091e-05 2.22501e-05 2.34139e-05 1.83559e-05 1.29216e-05
threshold=-0.0025697584393127855 0.0054441873383550563 0.0041131957550689874 0.022911189001646463 -0.015589844614611046 0.0037245704493267385 0.0030640366743222756
decision_type=2 2 2 2 2 2 2
left_child=5 2 -2 4 -4 -1 -6
right_child=1 -3 3 -5 6 -7 -8
leaf_value=0 0 0 0 0 0 1.0819141938768855e-08 -1.7885059546512761e-08
leaf_weight=1141 6594 2905 330 180 1425 4886 8111
leaf_count=1141 6594 2905 330 180 1425 4886 8111
internal_value=0 -6.87987e-10 -6.43441e-09 -1.24645e-08 -1.40711e-08 6.4159e-09 -1.57535e-08
internal_weight=25572 19545 16640 10046 9866 6027 9536
internal_count=25572 19545 16640 10046 9866 6027 9536
is_linear=0
shrinkage=0.000132856


Tree=325
num_leaves=8
num_cat=0
split_feature=5 5 12 6 6 13 13
split_gain=1.45783e-05 3.84992e-05 4.9396e-05 2.22466e-05 2.34102e-05 1.83524e-05 1.29169e-05
threshold=-0.0025697584393127855 0.0054441873383550563 0.0041131957550689874 0.022911189001646463 -0.015589844614611046 0.0037245704493267385 0.0030640366743222756
decision_type=2 2 2 2 2 2 2
left_child=5 2 -2 4 -4 -1 -6
right_child=1 -3 3 -5 6 -7 -8
leaf_value=0 0 0 0 0 0 1.0817705227034607e-08 -1.7882684430853153e-08
leaf_weight=1141 6594 2905 330 180 1425 4886 8111
leaf_count=1141 6594 2905 330 180 1425 4886 8111
internal_value=0 -6.87001e-10 -6.43325e-09 -1.24626e-08 -1.40691e-08 6.41473e-09 -1.57515e-08
internal_weight=25572 19545 16640 10046 9866 6027 9536
internal_count=25572 19545 16640 10046 9866 6027 9536
is_linear=0
shrinkage=0.000132856


Tree=326
num_leaves=8
num_cat=0
split_feature=5 5 12 6 6 13 13
split_gain=1.45717e-05 3.84867e-05 4.93828e-05 2.22431e-05 2.34065e-05 1.83489e-05 1.29123e-05
threshold=-0.0025697584393127855 0.0054441873383550563 0.0041131957550689874 0.022911189001646463 -0.015589844614611046 0.0037245704493267385 0.0030640366743222756
decision_type=2 2 2 2 2 2 2
left_child=5 2 -2 4 -4 -1 -6
right_child=1 -3 3 -5 6 -7 -8
leaf_value=0 0 0 0 0 0 1.0816268631357706e-08 -1.7880308760023798e-08
leaf_weight=1141 6594 2905 330 180 1425 4886 8111
leaf_count=1141 6594 2905 330 180 1425 4886 8111
internal_value=0 -6.86015e-10 -6.4321e-09 -1.24607e-08 -1.40672e-08 6.41357e-09 -1.57495e-08
internal_weight=25572 19545 16640 10046 9866 6027 9536
internal_count=25572 19545 16640 10046 9866 6027 9536
is_linear=0
shrinkage=0.000132856


Tree=327
num_leaves=8
num_cat=0
split_feature=5 5 12 6 6 13 13
split_gain=1.45651e-05 3.84741e-05 4.93696e-05 2.22396e-05 2.34028e-05 1.83454e-05 1.29076e-05
threshold=-0.0025697584393127855 0.0054441873383550563 0.0041131957550689874 0.022911189001646463 -0.015589844614611046 0.0037245704493267385 0.0030640366743222756
decision_type=2 2 2 2 2 2 2
left_child=5 2 -2 4 -4 -1 -6
right_child=1 -3 3 -5 6 -7 -8
leaf_value=0 0 0 0 0 0 1.0814831809004364e-08 -1.7877933873434377e-08
leaf_weight=1141 6594 2905 330 180 1425 4886 8111
leaf_count=1141 6594 2905 330 180 1425 4886 8111
internal_value=0 -6.85029e-10 -6.43094e-09 -1.24587e-08 -1.40652e-08 6.4124e-09 -1.57475e-08
internal_weight=25572 19545 16640 10046 9866 6027 9536
internal_count=25572 19545 16640 10046 9866 6027 9536
is_linear=0
shrinkage=0.000132856


Tree=328
num_leaves=8
num_cat=0
split_feature=5 11 5 13 13 11 13
split_gain=1.41581e-05 5.15112e-05 5.22962e-05 3.6445e-05 2.63799e-05 6.80482e-06 1.00858e-05
threshold=-0.0025697584393127855 64.569397841349286 0.0060817964016657297 0.013934553129739295 0.001690510281554447 22.687883054724981 0.0030396255021121082
decision_type=2 2 2 2 2 2 2
left_child=5 2 3 4 -2 -1 -7
right_child=1 -3 -4 -5 -6 6 -8
leaf_value=0 0 0 0 0 -1.6029602942545138e-08 0 8.1383744889474477e-09
leaf_weight=518 1178 4496 1596 139 12275 531 5050
leaf_count=518 1178 4496 1596 139 12275 531 5050
internal_value=0 -3.29252e-09 -8.59678e-09 -1.22671e-08 -1.41367e-08 2.44551e-09 5.29607e-09
internal_weight=25783 19684 15188 13592 13453 6099 5581
internal_count=25783 19684 15188 13592 13453 6099 5581
is_linear=0
shrinkage=0.000132856


Tree=329
num_leaves=8
num_cat=0
split_feature=5 11 5 13 13 11 13
split_gain=1.41468e-05 5.14955e-05 5.22854e-05 3.64395e-05 2.63743e-05 6.80306e-06 1.0084e-05
threshold=-0.0025697584393127855 64.569397841349286 0.0060817964016657297 0.013934553129739295 0.001690510281554447 22.687883054724981 0.0030396255021121082
decision_type=2 2 2 2 2 2 2
left_child=5 2 3 4 -2 -1 -7
right_child=1 -3 -4 -5 -6 6 -8
leaf_value=0 0 0 0 0 -1.6027473993689119e-08 0 8.1372933105606822e-09
leaf_weight=518 1178 4496 1596 139 12275 531 5050
leaf_count=518 1178 4496 1596 139 12275 531 5050
internal_value=0 -3.2912e-09 -8.59505e-09 -1.22652e-08 -1.41348e-08 2.44461e-09 5.29509e-09
internal_weight=25783 19684 15188 13592 13453 6099 5581
internal_count=25783 19684 15188 13592 13453 6099 5581
is_linear=0
shrinkage=0.000132856


Tree=330
num_leaves=8
num_cat=0
split_feature=5 11 5 13 13 11 13
split_gain=1.41355e-05 5.14798e-05 5.22745e-05 3.64339e-05 2.63687e-05 6.8013e-06 1.00823e-05
threshold=-0.0025697584393127855 64.569397841349286 0.0060817964016657297 0.013934553129739295 0.001690510281554447 22.687883054724981 0.0030396255021121082
decision_type=2 2 2 2 2 2 2
left_child=5 2 3 4 -2 -1 -7
right_child=1 -3 -4 -5 -6 6 -8
leaf_value=0 0 0 0 0 -1.6025345172079988e-08 0 8.1362124015741486e-09
leaf_weight=518 1178 4496 1596 139 12275 531 5050
leaf_count=518 1178 4496 1596 139 12275 531 5050
internal_value=0 -3.28987e-09 -8.59333e-09 -1.22633e-08 -1.41328e-08 2.44372e-09 5.29411e-09
internal_weight=25783 19684 15188 13592 13453 6099 5581
internal_count=25783 19684 15188 13592 13453 6099 5581
is_linear=0
shrinkage=0.000132856


Tree=331
num_leaves=8
num_cat=0
split_feature=5 11 5 13 13 11 13
split_gain=1.41243e-05 5.14641e-05 5.22636e-05 3.64284e-05 2.63631e-05 6.79953e-06 1.00805e-05
threshold=-0.0025697584393127855 64.569397841349286 0.0060817964016657297 0.013934553129739295 0.001690510281554447 22.687883054724981 0.0030396255021121082
decision_type=2 2 2 2 2 2 2
left_child=5 2 3 4 -2 -1 -7
right_child=1 -3 -4 -5 -6 6 -8
leaf_value=0 0 0 0 0 -1.6023215998820751e-08 0 8.1351318879822027e-09
leaf_weight=518 1178 4496 1596 139 12275 531 5050
leaf_count=518 1178 4496 1596 139 12275 531 5050
internal_value=0 -3.28854e-09 -8.59161e-09 -1.22614e-08 -1.41309e-08 2.44282e-09 5.29313e-09
internal_weight=25783 19684 15188 13592 13453 6099 5581
internal_count=25783 19684 15188 13592 13453 6099 5581
is_linear=0
shrinkage=0.000132856


Tree=332
num_leaves=8
num_cat=0
split_feature=5 11 5 13 13 11 13
split_gain=1.4113e-05 5.14484e-05 5.22528e-05 3.64229e-05 2.63575e-05 6.79777e-06 1.00788e-05
threshold=-0.0025697584393127855 64.569397841349286 0.0060817964016657297 0.013934553129739295 0.001690510281554447 22.687883054724981 0.0030396255021121082
decision_type=2 2 2 2 2 2 2
left_child=5 2 3 4 -2 -1 -7
right_child=1 -3 -4 -5 -6 6 -8
leaf_value=0 0 0 0 0 -1.6021087906120129e-08 0 8.1340516925451391e-09
leaf_weight=518 1178 4496 1596 139 12275 531 5050
leaf_count=518 1178 4496 1596 139 12275 531 5050
internal_value=0 -3.28721e-09 -8.58989e-09 -1.22595e-08 -1.41289e-08 2.44193e-09 5.29216e-09
internal_weight=25783 19684 15188 13592 13453 6099 5581
internal_count=25783 19684 15188 13592 13453 6099 5581
is_linear=0
shrinkage=0.000132856


Tree=333
num_leaves=8
num_cat=0
split_feature=5 11 5 13 13 11 13
split_gain=1.41018e-05 5.14327e-05 5.22419e-05 3.64173e-05 2.63519e-05 6.79601e-06 1.0077e-05
threshold=-0.0025697584393127855 64.569397841349286 0.0060817964016657297 0.013934553129739295 0.001690510281554447 22.687883054724981 0.0030396255021121082
decision_type=2 2 2 2 2 2 2
left_child=5 2 3 4 -2 -1 -7
right_child=1 -3 -4 -5 -6 6 -8
leaf_value=0 0 0 0 0 -1.601895983204951e-08 0 8.1329719296815202e-09
leaf_weight=518 1178 4496 1596 139 12275 531 5050
leaf_count=518 1178 4496 1596 139 12275 531 5050
internal_value=0 -3.28589e-09 -8.58817e-09 -1.22575e-08 -1.4127e-08 2.44103e-09 5.29118e-09
internal_weight=25783 19684 15188 13592 13453 6099 5581
internal_count=25783 19684 15188 13592 13453 6099 5581
is_linear=0
shrinkage=0.000132856


Tree=334
num_leaves=8
num_cat=0
split_feature=5 11 5 13 13 11 13
split_gain=1.40906e-05 5.1417e-05 5.22311e-05 3.64118e-05 2.63463e-05 6.79424e-06 1.00753e-05
threshold=-0.0025697584393127855 64.569397841349286 0.0060817964016657297 0.013934553129739295 0.001690510281554447 22.687883054724981 0.0030396255021121082
decision_type=2 2 2 2 2 2 2
left_child=5 2 3 4 -2 -1 -7
right_child=1 -3 -4 -5 -6 6 -8
leaf_value=0 0 0 0 0 -1.6016831901024819e-08 0 8.1318913605425184e-09
leaf_weight=518 1178 4496 1596 139 12275 531 5050
leaf_count=518 1178 4496 1596 139 12275 531 5050
internal_value=0 -3.28456e-09 -8.58645e-09 -1.22556e-08 -1.41251e-08 2.44014e-09 5.2902e-09
internal_weight=25783 19684 15188 13592 13453 6099 5581
internal_count=25783 19684 15188 13592 13453 6099 5581
is_linear=0
shrinkage=0.000132856


Tree=335
num_leaves=8
num_cat=0
split_feature=5 11 5 13 13 11 13
split_gain=1.40793e-05 5.14013e-05 5.22202e-05 3.64063e-05 2.63407e-05 6.79248e-06 1.00735e-05
threshold=-0.0025697584393127855 64.569397841349286 0.0060817964016657297 0.013934553129739295 0.001690510281554447 22.687883054724981 0.0030396255021121082
decision_type=2 2 2 2 2 2 2
left_child=5 2 3 4 -2 -1 -7
right_child=1 -3 -4 -5 -6 6 -8
leaf_value=0 0 0 0 0 -1.6014704438596998e-08 0 8.1308119627109558e-09
leaf_weight=518 1178 4496 1596 139 12275 531 5050
leaf_count=518 1178 4496 1596 139 12275 531 5050
internal_value=0 -3.28323e-09 -8.58473e-09 -1.22537e-08 -1.41231e-08 2.43925e-09 5.28922e-09
internal_weight=25783 19684 15188 13592 13453 6099 5581
internal_count=25783 19684 15188 13592 13453 6099 5581
is_linear=0
shrinkage=0.000132856


Tree=336
num_leaves=10
num_cat=0
split_feature=14 12 15 13 13 15 12 15 13
split_gain=1.2339e-05 3.73984e-05 6.5508e-05 3.45607e-05 2.76176e-05 1.59723e-05 1.81306e-05 1.08904e-05 4.19416e-06
threshold=0.0052552740482136881 0.008998333407175119 978.1838267740751 0.010153819448047286 0.0034078883064691677 -937.3584485839491 0.0022613474616345326 210.06924554541186 0.0020459316848726208
decision_type=2 2 2 2 2 2 2 2 2
left_child=3 -2 4 5 -3 -1 -7 8 -8
right_child=1 2 -4 -5 -6 6 7 -9 -10
leaf_value=0 0 0 0 0 2.8943242396456799e-08 0 0 0 -1.1274437947895593e-08
leaf_weight=259 5338 147 216 1191 3008 1680 1144 965 11627
leaf_count=259 5338 147 216 1191 3008 1680 1144 965 11627
internal_value=0 5.00015e-09 1.61326e-08 0 2.53831e-08 -6.23791e-09 -7.60593e-09 -9.39248e-09 -1.04849e-08
internal_weight=25575 8709 3371 16866 3155 15675 15416 13736 12771
internal_count=25575 8709 3371 16866 3155 15675 15416 13736 12771
is_linear=0
shrinkage=0.000132856


Tree=337
num_leaves=10
num_cat=0
split_feature=14 12 15 13 13 15 12 15 13
split_gain=1.23324e-05 3.73838e-05 6.54958e-05 3.45484e-05 2.7613e-05 1.59696e-05 1.81271e-05 1.08883e-05 4.1926e-06
threshold=0.0052552740482136881 0.008998333407175119 978.1838267740751 0.010153819448047286 0.0034078883064691677 -937.3584485839491 0.0022613474616345326 210.06924554541186 0.0020459316848726208
decision_type=2 2 2 2 2 2 2 2 2
left_child=3 -2 4 5 -3 -1 -7 8 -8
right_child=1 2 -4 -5 -6 6 7 -9 -10
leaf_value=0 0 0 0 0 2.8939399895042272e-08 0 0 0 -1.1272940294780606e-08
leaf_weight=259 5338 147 216 1191 3008 1680 1144 965 11627
leaf_count=259 5338 147 216 1191 3008 1680 1144 965 11627
internal_value=0 4.99882e-09 1.61292e-08 0 2.53795e-08 -6.2368e-09 -7.6048e-09 -9.39121e-09 -1.04835e-08
internal_weight=25575 8709 3371 16866 3155 15675 15416 13736 12771
internal_count=25575 8709 3371 16866 3155 15675 15416 13736 12771
is_linear=0
shrinkage=0.000132856


Tree=338
num_leaves=10
num_cat=0
split_feature=14 12 15 13 13 15 12 15 13
split_gain=1.23259e-05 3.73693e-05 6.54837e-05 3.45361e-05 2.76083e-05 1.59669e-05 1.81236e-05 1.08861e-05 4.19104e-06
threshold=0.0052552740482136881 0.008998333407175119 978.1838267740751 0.010153819448047286 0.0034078883064691677 -937.3584485839491 0.0022613474616345326 210.06924554541186 0.0020459316848726208
decision_type=2 2 2 2 2 2 2 2 2
left_child=3 -2 4 5 -3 -1 -7 8 -8
right_child=1 2 -4 -5 -6 6 7 -9 -10
leaf_value=0 0 0 0 0 2.8935558738950163e-08 0 0 0 -1.1271443114512212e-08
leaf_weight=259 5338 147 216 1191 3008 1680 1144 965 11627
leaf_count=259 5338 147 216 1191 3008 1680 1144 965 11627
internal_value=0 4.9975e-09 1.61258e-08 0 2.53758e-08 -6.23569e-09 -7.60367e-09 -9.38995e-09 -1.04821e-08
internal_weight=25575 8709 3371 16866 3155 15675 15416 13736 12771
internal_count=25575 8709 3371 16866 3155 15675 15416 13736 12771
is_linear=0
shrinkage=0.000132856


Tree=339
num_leaves=10
num_cat=0
split_feature=14 12 15 13 13 15 12 15 13
split_gain=1.23193e-05 3.73547e-05 6.54716e-05 3.45238e-05 2.76036e-05 1.59642e-05 1.81201e-05 1.0884e-05 4.18949e-06
threshold=0.0052552740482136881 0.008998333407175119 978.1838267740751 0.010153819448047286 0.0034078883064691677 -937.3584485839491 0.0022613474616345326 210.06924554541186 0.0020459316848726208
decision_type=2 2 2 2 2 2 2 2 2
left_child=3 -2 4 5 -3 -1 -7 8 -8
right_child=1 2 -4 -5 -6 6 7 -9 -10
leaf_value=0 0 0 0 0 2.8931716266337162e-08 0 0 0 -1.1269945955188324e-08
leaf_weight=259 5338 147 216 1191 3008 1680 1144 965 11627
leaf_count=259 5338 147 216 1191 3008 1680 1144 965 11627
internal_value=0 4.99617e-09 1.61223e-08 0 2.53722e-08 -6.23458e-09 -7.60254e-09 -9.38868e-09 -1.04808e-08
internal_weight=25575 8709 3371 16866 3155 15675 15416 13736 12771
internal_count=25575 8709 3371 16866 3155 15675 15416 13736 12771
is_linear=0
shrinkage=0.000132856


Tree=340
num_leaves=10
num_cat=0
split_feature=14 12 15 13 13 15 12 15 13
split_gain=1.23128e-05 3.73401e-05 6.54595e-05 3.45115e-05 2.7599e-05 1.59615e-05 1.81165e-05 1.08818e-05 4.18793e-06
threshold=0.0052552740482136881 0.008998333407175119 978.1838267740751 0.010153819448047286 0.0034078883064691677 -937.3584485839491 0.0022613474616345326 210.06924554541186 0.0020459316848726208
decision_type=2 2 2 2 2 2 2 2 2
left_child=3 -2 4 5 -3 -1 -7 8 -8
right_child=1 2 -4 -5 -6 6 7 -9 -10
leaf_value=0 0 0 0 0 2.8927874761987407e-08 0 0 0 -1.1268448925467157e-08
leaf_weight=259 5338 147 216 1191 3008 1680 1144 965 11627
leaf_count=259 5338 147 216 1191 3008 1680 1144 965 11627
internal_value=0 4.99484e-09 1.61189e-08 0 2.53685e-08 -6.23347e-09 -7.60142e-09 -9.38741e-09 -1.04794e-08
internal_weight=25575 8709 3371 16866 3155 15675 15416 13736 12771
internal_count=25575 8709 3371 16866 3155 15675 15416 13736 12771
is_linear=0
shrinkage=0.000132856


Tree=341
num_leaves=10
num_cat=0
split_feature=14 12 15 13 13 15 12 15 13
split_gain=1.23062e-05 3.73255e-05 6.54474e-05 3.44992e-05 2.75943e-05 1.59588e-05 1.8113e-05 1.08797e-05 4.18637e-06
threshold=0.0052552740482136881 0.008998333407175119 978.1838267740751 0.010153819448047286 0.0034078883064691677 -937.3584485839491 0.0022613474616345326 210.06924554541186 0.0020459316848726208
decision_type=2 2 2 2 2 2 2 2 2
left_child=3 -2 4 5 -3 -1 -7 8 -8
right_child=1 2 -4 -5 -6 6 7 -9 -10
leaf_value=0 0 0 0 0 2.8924034637220844e-08 0 0 0 -1.1266952325572319e-08
leaf_weight=259 5338 147 216 1191 3008 1680 1144 965 11627
leaf_count=259 5338 147 216 1191 3008 1680 1144 965 11627
internal_value=0 4.99351e-09 1.61155e-08 0 2.53648e-08 -6.23236e-09 -7.60029e-09 -9.38614e-09 -1.04781e-08
internal_weight=25575 8709 3371 16866 3155 15675 15416 13736 12771
internal_count=25575 8709 3371 16866 3155 15675 15416 13736 12771
is_linear=0
shrinkage=0.000132856


Tree=342
num_leaves=10
num_cat=0
split_feature=14 12 15 13 13 15 12 15 13
split_gain=1.22997e-05 3.7311e-05 6.54353e-05 3.44869e-05 2.75897e-05 1.59561e-05 1.81095e-05 1.08775e-05 4.18482e-06
threshold=0.0052552740482136881 0.008998333407175119 978.1838267740751 0.010153819448047286 0.0034078883064691677 -937.3584485839491 0.0022613474616345326 210.06924554541186 0.0020459316848726208
decision_type=2 2 2 2 2 2 2 2 2
left_child=3 -2 4 5 -3 -1 -7 8 -8
right_child=1 2 -4 -5 -6 6 7 -9 -10
leaf_value=0 0 0 0 0 2.892019489771236e-08 0 0 0 -1.1265455666962474e-08
leaf_weight=259 5338 147 216 1191 3008 1680 1144 965 11627
leaf_count=259 5338 147 216 1191 3008 1680 1144 965 11627
internal_value=0 4.99219e-09 1.61121e-08 0 2.53612e-08 -6.23125e-09 -7.59916e-09 -9.38488e-09 -1.04767e-08
internal_weight=25575 8709 3371 16866 3155 15675 15416 13736 12771
internal_count=25575 8709 3371 16866 3155 15675 15416 13736 12771
is_linear=0
shrinkage=0.000132856


Tree=343
num_leaves=10
num_cat=0
split_feature=14 12 15 13 13 15 12 15 13
split_gain=1.22932e-05 3.72964e-05 6.54232e-05 3.44746e-05 2.7585e-05 1.59534e-05 1.8106e-05 1.08753e-05 4.18326e-06
threshold=0.0052552740482136881 0.008998333407175119 978.1838267740751 0.010153819448047286 0.0034078883064691677 -937.3584485839491 0.0022613474616345326 210.06924554541186 0.0020459316848726208
decision_type=2 2 2 2 2 2 2 2 2
left_child=3 -2 4 5 -3 -1 -7 8 -8
right_child=1 2 -4 -5 -6 6 7 -9 -10
leaf_value=0 0 0 0 0 2.8916355876867254e-08 0 0 0 -1.1263959106429497e-08
leaf_weight=259 5338 147 216 1191 3008 1680 1144 965 11627
leaf_count=259 5338 147 216 1191 3008 1680 1144 965 11627
internal_value=0 4.99086e-09 1.61086e-08 0 2.53575e-08 -6.23013e-09 -7.59803e-09 -9.38361e-09 -1.04753e-08
internal_weight=25575 8709 3371 16866 3155 15675 15416 13736 12771
internal_count=25575 8709 3371 16866 3155 15675 15416 13736 12771
is_linear=0
shrinkage=0.000132856


Tree=344
num_leaves=8
num_cat=0
split_feature=5 5 6 1 3 6 0
split_gain=6.66722e-05 3.24416e-05 2.81933e-05 2.5745e-05 2.70201e-05 1.40145e-05 3.98225e-06
threshold=-0.0025697584393127855 0.0060817964016657297 0.00036051747018883701 28587.535000000003 111385.58500000001 0.026314561477596924 117423.94500000002
decision_type=2 2 2 2 2 2 2
left_child=3 2 -2 -1 -5 6 -4
right_child=1 -3 5 4 -6 -7 -8
leaf_value=0 0 0 -1.3098423580176567e-08 2.0846890043945888e-08 0 0 0
leaf_weight=1201 7955 2491 8535 4672 199 120 224
leaf_count=1201 7955 2491 8535 4672 199 120 224
internal_value=0 -1.99346e-09 -6.21072e-09 1.34572e-08 1.786e-08 -1.13647e-08 -1.26158e-08
internal_weight=25397 19325 16834 6072 4871 8879 8759
internal_count=25397 19325 16834 6072 4871 8879 8759
is_linear=0
shrinkage=0.000132856


Tree=345
num_leaves=8
num_cat=0
split_feature=5 5 6 1 3 6 0
split_gain=6.66492e-05 3.24345e-05 2.81846e-05 2.57386e-05 2.70157e-05 1.40124e-05 3.98144e-06
threshold=-0.0025697584393127855 0.0060817964016657297 0.00036051747018883701 28587.535000000003 111385.58500000001 0.026314561477596924 117423.94500000002
decision_type=2 2 2 2 2 2 2
left_child=3 2 -2 -1 -5 6 -4
right_child=1 -3 5 4 -6 -7 -8
leaf_value=0 0 0 -1.3096683760443075e-08 2.0844120675693968e-08 0 0 0
leaf_weight=1201 7955 2491 8535 4672 199 120 224
leaf_count=1201 7955 2491 8535 4672 199 120 224
internal_value=0 -1.99269e-09 -6.20984e-09 1.34551e-08 1.78573e-08 -1.1363e-08 -1.26141e-08
internal_weight=25397 19325 16834 6072 4871 8879 8759
internal_count=25397 19325 16834 6072 4871 8879 8759
is_linear=0
shrinkage=0.000132856


Tree=346
num_leaves=8
num_cat=0
split_feature=5 5 6 1 3 6 0
split_gain=6.66261e-05 3.24274e-05 2.81759e-05 2.57321e-05 2.70113e-05 1.40103e-05 3.98063e-06
threshold=-0.0025697584393127855 0.0060817964016657297 0.00036051747018883701 28587.535000000003 111385.58500000001 0.026314561477596924 117423.94500000002
decision_type=2 2 2 2 2 2 2
left_child=3 2 -2 -1 -5 6 -4
right_child=1 -3 5 4 -6 -7 -8
leaf_value=0 0 0 -1.3094944132273957e-08 2.0841353308252162e-08 0 0 0
leaf_weight=1201 7955 2491 8535 4672 199 120 224
leaf_count=1201 7955 2491 8535 4672 199 120 224
internal_value=0 -1.99192e-09 -6.20895e-09 1.3453e-08 1.78546e-08 -1.13613e-08 -1.26124e-08
internal_weight=25397 19325 16834 6072 4871 8879 8759
internal_count=25397 19325 16834 6072 4871 8879 8759
is_linear=0
shrinkage=0.000132856


Tree=347
num_leaves=8
num_cat=0
split_feature=5 5 6 1 3 6 0
split_gain=6.6603e-05 3.24203e-05 2.81673e-05 2.57257e-05 2.70069e-05 1.40082e-05 3.97982e-06
threshold=-0.0025697584393127855 0.0060817964016657297 0.00036051747018883701 28587.535000000003 111385.58500000001 0.026314561477596924 117423.94500000002
decision_type=2 2 2 2 2 2 2
left_child=3 2 -2 -1 -5 6 -4
right_child=1 -3 5 4 -6 -7 -8
leaf_value=0 0 0 -1.3093204666928455e-08 2.0838586344320087e-08 0 0 0
leaf_weight=1201 7955 2491 8535 4672 199 120 224
leaf_count=1201 7955 2491 8535 4672 199 120 224
internal_value=0 -1.99115e-09 -6.20807e-09 1.34508e-08 1.7852e-08 -1.13597e-08 -1.26107e-08
internal_weight=25397 19325 16834 6072 4871 8879 8759
internal_count=25397 19325 16834 6072 4871 8879 8759
is_linear=0
shrinkage=0.000132856


Tree=348
num_leaves=8
num_cat=0
split_feature=5 5 6 1 3 6 0
split_gain=6.658e-05 3.24132e-05 2.81586e-05 2.57192e-05 2.70026e-05 1.4006e-05 3.97901e-06
threshold=-0.0025697584393127855 0.0060817964016657297 0.00036051747018883701 28587.535000000003 111385.58500000001 0.026314561477596924 117423.94500000002
decision_type=2 2 2 2 2 2 2
left_child=3 2 -2 -1 -5 6 -4
right_child=1 -3 5 4 -6 -7 -8
leaf_value=0 0 0 -1.3091465776994376e-08 2.0835817943105922e-08 0 0 0
leaf_weight=1201 7955 2491 8535 4672 199 120 224
leaf_count=1201 7955 2491 8535 4672 199 120 224
internal_value=0 -1.99038e-09 -6.20719e-09 1.34487e-08 1.78493e-08 -1.1358e-08 -1.26091e-08
internal_weight=25397 19325 16834 6072 4871 8879 8759
internal_count=25397 19325 16834 6072 4871 8879 8759
is_linear=0
shrinkage=0.000132856


Tree=349
num_leaves=8
num_cat=0
split_feature=5 5 6 1 3 6 0
split_gain=6.65569e-05 3.24061e-05 2.81499e-05 2.57128e-05 2.69982e-05 1.40039e-05 3.97819e-06
threshold=-0.0025697584393127855 0.0060817964016657297 0.00036051747018883701 28587.535000000003 111385.58500000001 0.026314561477596924 117423.94500000002
decision_type=2 2 2 2 2 2 2
left_child=3 2 -2 -1 -5 6 -4
right_child=1 -3 5 4 -6 -7 -8
leaf_value=0 0 0 -1.3089726802023387e-08 2.0833051441481905e-08 0 0 0
leaf_weight=1201 7955 2491 8535 4672 199 120 224
leaf_count=1201 7955 2491 8535 4672 199 120 224
internal_value=0 -1.98962e-09 -6.20631e-09 1.34466e-08 1.78467e-08 -1.13563e-08 -1.26074e-08
internal_weight=25397 19325 16834 6072 4871 8879 8759
internal_count=25397 19325 16834 6072 4871 8879 8759
is_linear=0
shrinkage=0.000132856


Tree=350
num_leaves=8
num_cat=0
split_feature=5 5 6 1 3 6 0
split_gain=6.65339e-05 3.2399e-05 2.81413e-05 2.57063e-05 2.69938e-05 1.40018e-05 3.97738e-06
threshold=-0.0025697584393127855 0.0060817964016657297 0.00036051747018883701 28587.535000000003 111385.58500000001 0.026314561477596924 117423.94500000002
decision_type=2 2 2 2 2 2 2
left_child=3 2 -2 -1 -5 6 -4
right_child=1 -3 5 4 -6 -7 -8
leaf_value=0 0 0 -1.3087988538059347e-08 2.0830284370190237e-08 0 0 0
leaf_weight=1201 7955 2491 8535 4672 199 120 224
leaf_count=1201 7955 2491 8535 4672 199 120 224
internal_value=0 -1.98885e-09 -6.20543e-09 1.34444e-08 1.7844e-08 -1.13546e-08 -1.26057e-08
internal_weight=25397 19325 16834 6072 4871 8879 8759
internal_count=25397 19325 16834 6072 4871 8879 8759
is_linear=0
shrinkage=0.000132856


Tree=351
num_leaves=8
num_cat=0
split_feature=5 5 6 1 3 6 0
split_gain=6.65108e-05 3.2392e-05 2.81326e-05 2.56999e-05 2.69894e-05 1.39997e-05 3.97657e-06
threshold=-0.0025697584393127855 0.0060817964016657297 0.00036051747018883701 28587.535000000003 111385.58500000001 0.026314561477596924 117423.94500000002
decision_type=2 2 2 2 2 2 2
left_child=3 2 -2 -1 -5 6 -4
right_child=1 -3 5 4 -6 -7 -8
leaf_value=0 0 0 -1.3086249721950717e-08 2.0827518373890496e-08 0 0 0
leaf_weight=1201 7955 2491 8535 4672 199 120 224
leaf_count=1201 7955 2491 8535 4672 199 120 224
internal_value=0 -1.98808e-09 -6.20455e-09 1.34423e-08 1.78414e-08 -1.1353e-08 -1.2604e-08
internal_weight=25397 19325 16834 6072 4871 8879 8759
internal_count=25397 19325 16834 6072 4871 8879 8759
is_linear=0
shrinkage=0.000132856


Tree=352
num_leaves=6
num_cat=0
split_feature=5 5 6 6 6
split_gain=3.34221e-05 6.82549e-05 4.13849e-05 3.64579e-05 3.03187e-07
threshold=-0.0023375999585267255 0.0060817964016657297 0.028793475204331068 -0.0013109410531580432 0.017240024818897085
decision_type=2 2 2 2 2
left_child=4 2 3 -2 -1
right_child=1 -3 -4 -5 -6
leaf_value=6.3935231371062133e-09 0 0 0 -1.6111257811557408e-08 0
leaf_weight=6187 5291 2497 110 11251 122
leaf_count=6187 5291 2497 110 11251 122
internal_value=0 -4.2276e-09 -9.63802e-09 -1.17329e-08 6.2641e-09
internal_weight=25458 19149 16652 16542 6309
internal_count=25458 19149 16652 16542 6309
is_linear=0
shrinkage=0.000132856


Tree=353
num_leaves=6
num_cat=0
split_feature=5 5 6 6 6
split_gain=3.34069e-05 6.82401e-05 4.13792e-05 3.64459e-05 3.0311e-07
threshold=-0.0023375999585267255 0.0060817964016657297 0.028793475204331068 -0.0013109410531580432 0.017240024818897085
decision_type=2 2 2 2 2
left_child=4 2 3 -2 -1
right_child=1 -3 -4 -5 -6
leaf_value=6.3926733531421356e-09 0 0 0 -1.610911769556006e-08 0
leaf_weight=6187 5291 2497 110 11251 122
leaf_count=6187 5291 2497 110 11251 122
internal_value=0 -4.22634e-09 -9.63658e-09 -1.17315e-08 6.26327e-09
internal_weight=25458 19149 16652 16542 6309
internal_count=25458 19149 16652 16542 6309
is_linear=0
shrinkage=0.000132856


Tree=354
num_leaves=6
num_cat=0
split_feature=5 5 6 6 6
split_gain=3.33916e-05 6.82253e-05 4.13735e-05 3.6434e-05 3.03033e-07
threshold=-0.0023375999585267255 0.0060817964016657297 0.028793475204331068 -0.0013109410531580432 0.017240024818897085
decision_type=2 2 2 2 2
left_child=4 2 3 -2 -1
right_child=1 -3 -4 -5 -6
leaf_value=6.3918243598960138e-09 0 0 0 -1.6106977952085007e-08 0
leaf_weight=6187 5291 2497 110 11251 122
leaf_count=6187 5291 2497 110 11251 122
internal_value=0 -4.22509e-09 -9.63513e-09 -1.173e-08 6.26244e-09
internal_weight=25458 19149 16652 16542 6309
internal_count=25458 19149 16652 16542 6309
is_linear=0
shrinkage=0.000132856


Tree=355
num_leaves=6
num_cat=0
split_feature=5 5 6 6 6
split_gain=3.33763e-05 6.82106e-05 4.13678e-05 3.6422e-05 3.02956e-07
threshold=-0.0023375999585267255 0.0060817964016657297 0.028793475204331068 -0.0013109410531580432 0.017240024818897085
decision_type=2 2 2 2 2
left_child=4 2 3 -2 -1
right_child=1 -3 -4 -5 -6
leaf_value=6.3909753783345147e-09 0 0 0 -1.6104838215895416e-08 0
leaf_weight=6187 5291 2497 110 11251 122
leaf_count=6187 5291 2497 110 11251 122
internal_value=0 -4.22383e-09 -9.63368e-09 -1.17286e-08 6.26161e-09
internal_weight=25458 19149 16652 16542 6309
internal_count=25458 19149 16652 16542 6309
is_linear=0
shrinkage=0.000132856


Tree=356
num_leaves=6
num_cat=0
split_feature=5 5 6 6 6
split_gain=3.33611e-05 6.81958e-05 4.13621e-05 3.64101e-05 3.02879e-07
threshold=-0.0023375999585267255 0.0060817964016657297 0.028793475204331068 -0.0013109410531580432 0.017240024818897085
decision_type=2 2 2 2 2
left_child=4 2 3 -2 -1
right_child=1 -3 -4 -5 -6
leaf_value=6.3901262129623034e-09 0 0 0 -1.6102699366987386e-08 0
leaf_weight=6187 5291 2497 110 11251 122
leaf_count=6187 5291 2497 110 11251 122
internal_value=0 -4.22257e-09 -9.63224e-09 -1.17271e-08 6.26077e-09
internal_weight=25458 19149 16652 16542 6309
internal_count=25458 19149 16652 16542 6309
is_linear=0
shrinkage=0.000132856


Tree=357
num_leaves=6
num_cat=0
split_feature=5 5 6 6 6
split_gain=3.33459e-05 6.81811e-05 4.13564e-05 3.63982e-05 3.02802e-07
threshold=-0.0023375999585267255 0.0060817964016657297 0.028793475204331068 -0.0013109410531580432 0.017240024818897085
decision_type=2 2 2 2 2
left_child=4 2 3 -2 -1
right_child=1 -3 -4 -5 -6
leaf_value=6.3892772189254946e-09 0 0 0 -1.6100559997031876e-08 0
leaf_weight=6187 5291 2497 110 11251 122
leaf_count=6187 5291 2497 110 11251 122
internal_value=0 -4.22132e-09 -9.63079e-09 -1.17257e-08 6.25994e-09
internal_weight=25458 19149 16652 16542 6309
internal_count=25458 19149 16652 16542 6309
is_linear=0
shrinkage=0.000132856


Tree=358
num_leaves=6
num_cat=0
split_feature=5 5 6 6 6
split_gain=3.33306e-05 6.81663e-05 4.13507e-05 3.63862e-05 3.02725e-07
threshold=-0.0023375999585267255 0.0060817964016657297 0.028793475204331068 -0.0013109410531580432 0.017240024818897085
decision_type=2 2 2 2 2
left_child=4 2 3 -2 -1
right_child=1 -3 -4 -5 -6
leaf_value=6.3884292042786267e-09 0 0 0 -1.6098421517759065e-08 0
leaf_weight=6187 5291 2497 110 11251 122
leaf_count=6187 5291 2497 110 11251 122
internal_value=0 -4.22006e-09 -9.62935e-09 -1.17242e-08 6.25911e-09
internal_weight=25458 19149 16652 16542 6309
internal_count=25458 19149 16652 16542 6309
is_linear=0
shrinkage=0.000132856


Tree=359
num_leaves=6
num_cat=0
split_feature=5 5 6 6 6
split_gain=3.33154e-05 6.81516e-05 4.13449e-05 3.63743e-05 3.02648e-07
threshold=-0.0023375999585267255 0.0060817964016657297 0.028793475204331068 -0.0013109410531580432 0.017240024818897085
decision_type=2 2 2 2 2
left_child=4 2 3 -2 -1
right_child=1 -3 -4 -5 -6
leaf_value=6.3875815984275657e-09 0 0 0 -1.6096283386992557e-08 0
leaf_weight=6187 5291 2497 110 11251 122
leaf_count=6187 5291 2497 110 11251 122
internal_value=0 -4.2188e-09 -9.6279e-09 -1.17228e-08 6.25828e-09
internal_weight=25458 19149 16652 16542 6309
internal_count=25458 19149 16652 16542 6309
is_linear=0
shrinkage=0.000132856


Tree=360
num_leaves=4
num_cat=0
split_feature=1 5 5
split_gain=8.18169e-07 1.41093e-05 1.1731e-05
threshold=38736.185000000005 -0.0098144796908928838 0.01611157229307492
decision_type=2 2 2
left_child=-1 -2 -3
right_child=1 2 -4
leaf_value=0 0 -5.6570935418073789e-09 0
leaf_weight=10054 651 14701 223
leaf_count=10054 651 14701 223
internal_value=0 -9.6285e-10 -4.20146e-09
internal_weight=25629 15575 14924
internal_count=25629 15575 14924
is_linear=0
shrinkage=0.000132856


Tree=361
num_leaves=4
num_cat=0
split_feature=1 5 5
split_gain=8.16964e-07 1.41052e-05 1.17292e-05
threshold=38736.185000000005 -0.0098144796908928838 0.01611157229307492
decision_type=2 2 2
left_child=-1 -2 -3
right_child=1 2 -4
leaf_value=0 0 -5.6563421383776006e-09 0
leaf_weight=10054 651 14701 223
leaf_count=10054 651 14701 223
internal_value=0 -9.62141e-10 -4.20072e-09
internal_weight=25629 15575 14924
internal_count=25629 15575 14924
is_linear=0
shrinkage=0.000132856


Tree=362
num_leaves=4
num_cat=0
split_feature=1 5 5
split_gain=8.1576e-07 1.41012e-05 1.17273e-05
threshold=38736.185000000005 -0.0098144796908928838 0.01611157229307492
decision_type=2 2 2
left_child=-1 -2 -3
right_child=1 2 -4
leaf_value=0 0 -5.6555906009346335e-09 0
leaf_weight=10054 651 14701 223
leaf_count=10054 651 14701 223
internal_value=0 -9.61431e-10 -4.19998e-09
internal_weight=25629 15575 14924
internal_count=25629 15575 14924
is_linear=0
shrinkage=0.000132856


Tree=363
num_leaves=4
num_cat=0
split_feature=1 5 5
split_gain=8.14557e-07 1.40971e-05 1.17255e-05
threshold=38736.185000000005 -0.0098144796908928838 0.01611157229307492
decision_type=2 2 2
left_child=-1 -2 -3
right_child=1 2 -4
leaf_value=0 0 -5.6548394449346364e-09 0
leaf_weight=10054 651 14701 223
leaf_count=10054 651 14701 223
internal_value=0 -9.60722e-10 -4.19924e-09
internal_weight=25629 15575 14924
internal_count=25629 15575 14924
is_linear=0
shrinkage=0.000132856


Tree=364
num_leaves=4
num_cat=0
split_feature=1 5 5
split_gain=8.13354e-07 1.40931e-05 1.17237e-05
threshold=38736.185000000005 -0.0098144796908928838 0.01611157229307492
decision_type=2 2 2
left_child=-1 -2 -3
right_child=1 2 -4
leaf_value=0 0 -5.6540879697104563e-09 0
leaf_weight=10054 651 14701 223
leaf_count=10054 651 14701 223
internal_value=0 -9.60013e-10 -4.1985e-09
internal_weight=25629 15575 14924
internal_count=25629 15575 14924
is_linear=0
shrinkage=0.000132856


Tree=365
num_leaves=4
num_cat=0
split_feature=1 5 5
split_gain=8.12154e-07 1.4089e-05 1.17219e-05
threshold=38736.185000000005 -0.0098144796908928838 0.01611157229307492
decision_type=2 2 2
left_child=-1 -2 -3
right_child=1 2 -4
leaf_value=0 0 -5.6533371668679119e-09 0
leaf_weight=10054 651 14701 223
leaf_count=10054 651 14701 223
internal_value=0 -9.59304e-10 -4.19776e-09
internal_weight=25629 15575 14924
internal_count=25629 15575 14924
is_linear=0
shrinkage=0.000132856


Tree=366
num_leaves=4
num_cat=0
split_feature=1 5 5
split_gain=8.10954e-07 1.4085e-05 1.17201e-05
threshold=38736.185000000005 -0.0098144796908928838 0.01611157229307492
decision_type=2 2 2
left_child=-1 -2 -3
right_child=1 2 -4
leaf_value=0 0 -5.6525861517523249e-09 0
leaf_weight=10054 651 14701 223
leaf_count=10054 651 14701 223
internal_value=0 -9.58595e-10 -4.19702e-09
internal_weight=25629 15575 14924
internal_count=25629 15575 14924
is_linear=0
shrinkage=0.000132856


Tree=367
num_leaves=4
num_cat=0
split_feature=1 5 5
split_gain=8.09756e-07 1.40809e-05 1.17182e-05
threshold=38736.185000000005 -0.0098144796908928838 0.01611157229307492
decision_type=2 2 2
left_child=-1 -2 -3
right_child=1 2 -4
leaf_value=0 0 -5.6518354349817051e-09 0
leaf_weight=10054 651 14701 223
leaf_count=10054 651 14701 223
internal_value=0 -9.57887e-10 -4.19628e-09
internal_weight=25629 15575 14924
internal_count=25629 15575 14924
is_linear=0
shrinkage=0.000132856


Tree=368
num_leaves=8
num_cat=0
split_feature=5 5 4 6 4 6 4
split_gain=6.94271e-06 4.84994e-05 7.40958e-05 8.76674e-05 8.13097e-05 5.87085e-06 4.13465e-06
threshold=-0.00088911007378983376 0.0060817964016657297 1865.5553295000002 0.021509742768973997 13281.814485000001 0.00066819076039437164 508.84007000000003
decision_type=2 2 2 2 2 2 2
left_child=5 2 -2 4 -4 6 -1
right_child=1 -3 3 -5 -6 -7 -8
leaf_value=0 0 0 -3.7235925201633436e-08 0 0 0 5.1777691417191711e-09
leaf_weight=664 8777 2521 3798 195 318 2619 6587
leaf_count=664 8777 2521 3798 195 318 2619 6587
internal_value=0 -2.80121e-09 -8.64607e-09 -2.30239e-08 -3.05114e-08 6.84623e-11 3.78064e-09
internal_weight=25479 15609 13088 4311 4116 9870 7251
internal_count=25479 15609 13088 4311 4116 9870 7251
is_linear=0
shrinkage=0.000132856


Tree=369
num_leaves=8
num_cat=0
split_feature=5 5 4 6 4 6 4
split_gain=6.93671e-06 4.8487e-05 7.40652e-05 8.76515e-05 8.12954e-05 5.86895e-06 4.13393e-06
threshold=-0.00088911007378983376 0.0060817964016657297 1865.5553295000002 0.021509742768973997 13281.814485000001 0.00066819076039437164 508.84007000000003
decision_type=2 2 2 2 2 2 2
left_child=5 2 -2 4 -4 6 -1
right_child=1 -3 3 -5 -6 -7 -8
leaf_value=0 0 0 -3.7230981153877757e-08 0 0 0 5.1770821264877389e-09
leaf_weight=664 8777 2521 3798 195 318 2619 6587
leaf_count=664 8777 2521 3798 195 318 2619 6587
internal_value=0 -2.80001e-09 -8.64463e-09 -2.30195e-08 -3.05069e-08 6.80037e-11 3.78002e-09
internal_weight=25479 15609 13088 4311 4116 9870 7251
internal_count=25479 15609 13088 4311 4116 9870 7251
is_linear=0
shrinkage=0.000132856


Tree=370
num_leaves=8
num_cat=0
split_feature=5 5 4 6 4 6 4
split_gain=6.93072e-06 4.84746e-05 7.40346e-05 8.76355e-05 8.12811e-05 5.86704e-06 4.13321e-06
threshold=-0.00088911007378983376 0.0060817964016657297 1865.5553295000002 0.021509742768973997 13281.814485000001 0.00066819076039437164 508.84007000000003
decision_type=2 2 2 2 2 2 2
left_child=5 2 -2 4 -4 6 -1
right_child=1 -3 3 -5 -6 -7 -8
leaf_value=0 0 0 -3.7226037590944977e-08 0 0 0 5.1763944679550697e-09
leaf_weight=664 8777 2521 3798 195 318 2619 6587
leaf_count=664 8777 2521 3798 195 318 2619 6587
internal_value=0 -2.79881e-09 -8.6432e-09 -2.30151e-08 -3.05023e-08 6.75447e-11 3.77939e-09
internal_weight=25479 15609 13088 4311 4116 9870 7251
internal_count=25479 15609 13088 4311 4116 9870 7251
is_linear=0
shrinkage=0.000132856


Tree=371
num_leaves=8
num_cat=0
split_feature=5 5 4 6 4 6 4
split_gain=6.92473e-06 4.84621e-05 7.4004e-05 8.76196e-05 8.12668e-05 5.86513e-06 4.13249e-06
threshold=-0.00088911007378983376 0.0060817964016657297 1865.5553295000002 0.021509742768973997 13281.814485000001 0.00066819076039437164 508.84007000000003
decision_type=2 2 2 2 2 2 2
left_child=5 2 -2 4 -4 6 -1
right_child=1 -3 3 -5 -6 -7 -8
leaf_value=0 0 0 -3.7221094675645707e-08 0 0 0 5.1757061782689488e-09
leaf_weight=664 8777 2521 3798 195 318 2619 6587
leaf_count=664 8777 2521 3798 195 318 2619 6587
internal_value=0 -2.7976e-09 -8.64176e-09 -2.30108e-08 -3.04978e-08 6.70853e-11 3.77877e-09
internal_weight=25479 15609 13088 4311 4116 9870 7251
internal_count=25479 15609 13088 4311 4116 9870 7251
is_linear=0
shrinkage=0.000132856


Tree=372
num_leaves=8
num_cat=0
split_feature=5 5 4 6 4 6 4
split_gain=6.91874e-06 4.84497e-05 7.39735e-05 8.76036e-05 8.12525e-05 5.86323e-06 4.13178e-06
threshold=-0.00088911007378983376 0.0060817964016657297 1865.5553295000002 0.021509742768973997 13281.814485000001 0.00066819076039437164 508.84007000000003
decision_type=2 2 2 2 2 2 2
left_child=5 2 -2 4 -4 6 -1
right_child=1 -3 3 -5 -6 -7 -8
leaf_value=0 0 0 -3.7216152558455449e-08 0 0 0 5.175019930818851e-09
leaf_weight=664 8777 2521 3798 195 318 2619 6587
leaf_count=664 8777 2521 3798 195 318 2619 6587
internal_value=0 -2.7964e-09 -8.64033e-09 -2.30064e-08 -3.04932e-08 6.66273e-11 3.77814e-09
internal_weight=25479 15609 13088 4311 4116 9870 7251
internal_count=25479 15609 13088 4311 4116 9870 7251
is_linear=0
shrinkage=0.000132856


Tree=373
num_leaves=8
num_cat=0
split_feature=5 5 4 6 4 6 4
split_gain=6.91276e-06 4.84372e-05 7.39429e-05 8.75877e-05 8.12382e-05 5.86132e-06 4.13106e-06
threshold=-0.00088911007378983376 0.0060817964016657297 1865.5553295000002 0.021509742768973997 13281.814485000001 0.00066819076039437164 508.84007000000003
decision_type=2 2 2 2 2 2 2
left_child=5 2 -2 4 -4 6 -1
right_child=1 -3 3 -5 -6 -7 -8
leaf_value=0 0 0 -3.7211210843234053e-08 0 0 0 5.174331907236097e-09
leaf_weight=664 8777 2521 3798 195 318 2619 6587
leaf_count=664 8777 2521 3798 195 318 2619 6587
internal_value=0 -2.7952e-09 -8.63889e-09 -2.30021e-08 -3.04886e-08 6.61681e-11 3.77752e-09
internal_weight=25479 15609 13088 4311 4116 9870 7251
internal_count=25479 15609 13088 4311 4116 9870 7251
is_linear=0
shrinkage=0.000132856


Tree=374
num_leaves=8
num_cat=0
split_feature=5 5 4 6 4 6 4
split_gain=6.90678e-06 4.84248e-05 7.39123e-05 8.75718e-05 8.12239e-05 5.85942e-06 4.13034e-06
threshold=-0.00088911007378983376 0.0060817964016657297 1865.5553295000002 0.021509742768973997 13281.814485000001 0.00066819076039437164 508.84007000000003
decision_type=2 2 2 2 2 2 2
left_child=5 2 -2 4 -4 6 -1
right_child=1 -3 3 -5 -6 -7 -8
leaf_value=0 0 0 -3.7206269662051763e-08 0 0 0 5.1736447264084654e-09
leaf_weight=664 8777 2521 3798 195 318 2619 6587
leaf_count=664 8777 2521 3798 195 318 2619 6587
internal_value=0 -2.79399e-09 -8.63746e-09 -2.29977e-08 -3.04841e-08 6.57094e-11 3.77689e-09
internal_weight=25479 15609 13088 4311 4116 9870 7251
internal_count=25479 15609 13088 4311 4116 9870 7251
is_linear=0
shrinkage=0.000132856


Tree=375
num_leaves=8
num_cat=0
split_feature=5 5 4 6 4 6 4
split_gain=6.9008e-06 4.84124e-05 7.38818e-05 8.75559e-05 8.12096e-05 5.85752e-06 4.12963e-06
threshold=-0.00088911007378983376 0.0060817964016657297 1865.5553295000002 0.021509742768973997 13281.814485000001 0.00066819076039437164 508.84007000000003
decision_type=2 2 2 2 2 2 2
left_child=5 2 -2 4 -4 6 -1
right_child=1 -3 3 -5 -6 -7 -8
leaf_value=0 0 0 -3.7201329509400624e-08 0 0 0 5.1729576648930544e-09
leaf_weight=664 8777 2521 3798 195 318 2619 6587
leaf_count=664 8777 2521 3798 195 318 2619 6587
internal_value=0 -2.79279e-09 -8.63602e-09 -2.29934e-08 -3.04795e-08 6.52509e-11 3.77627e-09
internal_weight=25479 15609 13088 4311 4116 9870 7251
internal_count=25479 15609 13088 4311 4116 9870 7251
is_linear=0
shrinkage=0.000132856


Tree=376
num_leaves=7
num_cat=0
split_feature=5 13 2 10 5 14
split_gain=1.42831e-05 2.60856e-05 1.88543e-05 2.54607e-05 8.25283e-06 3.93316e-06
threshold=-0.0025697584393127855 0.0030396255021121082 108914.50000000001 32309.987799848303 0.0032608850669895166 0.029592950512530084
decision_type=2 2 2 2 2 2
left_child=1 -1 3 -3 5 -2
right_child=4 2 -4 -5 -6 -7
leaf_value=0 -3.9436468162577249e-09 0 0 1.9469711904714464e-08 0 0
leaf_weight=577 13828 1321 160 3941 5110 701
leaf_count=577 13828 1321 160 3941 5110 701
internal_value=0 6.4815e-09 1.14614e-08 1.40917e-08 0 -3.16616e-09
internal_weight=25638 5999 5422 5262 19639 14529
internal_count=25638 5999 5422 5262 19639 14529
is_linear=0
shrinkage=0.000132856


Tree=377
num_leaves=7
num_cat=0
split_feature=5 13 2 10 5 14
split_gain=1.42756e-05 2.60798e-05 1.88512e-05 2.54545e-05 8.25023e-06 3.93252e-06
threshold=-0.0025697584393127855 0.0030396255021121082 108914.50000000001 32309.987799848303 0.0032608850669895166 0.029592950512530084
decision_type=2 2 2 2 2 2
left_child=1 -1 3 -3 5 -2
right_child=4 2 -4 -5 -6 -7
leaf_value=0 -3.9431229529221491e-09 0 0 1.9467127688450224e-08 0 0
leaf_weight=577 13828 1321 160 3941 5110 701
leaf_count=577 13828 1321 160 3941 5110 701
internal_value=0 6.4798e-09 1.14595e-08 1.40897e-08 0 -3.16566e-09
internal_weight=25638 5999 5422 5262 19639 14529
internal_count=25638 5999 5422 5262 19639 14529
is_linear=0
shrinkage=0.000132856


Tree=378
num_leaves=7
num_cat=0
split_feature=5 13 2 10 5 14
split_gain=1.42682e-05 2.60741e-05 1.88482e-05 2.54483e-05 8.24763e-06 3.93188e-06
threshold=-0.0025697584393127855 0.0030396255021121082 108914.50000000001 32309.987799848303 0.0032608850669895166 0.029592950512530084
decision_type=2 2 2 2 2 2
left_child=1 -1 3 -3 5 -2
right_child=4 2 -4 -5 -6 -7
leaf_value=0 -3.9425993258354171e-09 0 0 1.9464543092988004e-08 0 0
leaf_weight=577 13828 1321 160 3941 5110 701
leaf_count=577 13828 1321 160 3941 5110 701
internal_value=0 6.47811e-09 1.14576e-08 1.40878e-08 0 -3.16516e-09
internal_weight=25638 5999 5422 5262 19639 14529
internal_count=25638 5999 5422 5262 19639 14529
is_linear=0
shrinkage=0.000132856


Tree=379
num_leaves=7
num_cat=0
split_feature=5 13 2 10 5 14
split_gain=1.42607e-05 2.60683e-05 1.88452e-05 2.54421e-05 8.24503e-06 3.93124e-06
threshold=-0.0025697584393127855 0.0030396255021121082 108914.50000000001 32309.987799848303 0.0032608850669895166 0.029592950512530084
decision_type=2 2 2 2 2 2
left_child=1 -1 3 -3 5 -2
right_child=4 2 -4 -5 -6 -7
leaf_value=0 -3.9420750888147436e-09 0 0 1.9461958126647522e-08 0 0
leaf_weight=577 13828 1321 160 3941 5110 701
leaf_count=577 13828 1321 160 3941 5110 701
internal_value=0 6.47641e-09 1.14558e-08 1.40859e-08 0 -3.16466e-09
internal_weight=25638 5999 5422 5262 19639 14529
internal_count=25638 5999 5422 5262 19639 14529
is_linear=0
shrinkage=0.000132856


Tree=380
num_leaves=7
num_cat=0
split_feature=5 13 2 10 5 14
split_gain=1.42532e-05 2.60626e-05 1.88421e-05 2.54359e-05 8.24244e-06 3.9306e-06
threshold=-0.0025697584393127855 0.0030396255021121082 108914.50000000001 32309.987799848303 0.0032608850669895166 0.029592950512530084
decision_type=2 2 2 2 2 2
left_child=1 -1 3 -3 5 -2
right_child=4 2 -4 -5 -6 -7
leaf_value=0 -3.9415513591599457e-09 0 0 1.945937379441296e-08 0 0
leaf_weight=577 13828 1321 160 3941 5110 701
leaf_count=577 13828 1321 160 3941 5110 701
internal_value=0 6.47471e-09 1.14539e-08 1.40839e-08 0 -3.16416e-09
internal_weight=25638 5999 5422 5262 19639 14529
internal_count=25638 5999 5422 5262 19639 14529
is_linear=0
shrinkage=0.000132856


Tree=381
num_leaves=7
num_cat=0
split_feature=5 13 2 10 5 14
split_gain=1.42457e-05 2.60568e-05 1.88391e-05 2.54297e-05 8.23984e-06 3.92997e-06
threshold=-0.0025697584393127855 0.0030396255021121082 108914.50000000001 32309.987799848303 0.0032608850669895166 0.029592950512530084
decision_type=2 2 2 2 2 2
left_child=1 -1 3 -3 5 -2
right_child=4 2 -4 -5 -6 -7
leaf_value=0 -3.941027896822337e-09 0 0 1.9456790044129086e-08 0 0
leaf_weight=577 13828 1321 160 3941 5110 701
leaf_count=577 13828 1321 160 3941 5110 701
internal_value=0 6.47301e-09 1.1452e-08 1.4082e-08 0 -3.16367e-09
internal_weight=25638 5999 5422 5262 19639 14529
internal_count=25638 5999 5422 5262 19639 14529
is_linear=0
shrinkage=0.000132856


Tree=382
num_leaves=7
num_cat=0
split_feature=5 13 2 10 5 14
split_gain=1.42383e-05 2.60511e-05 1.8836e-05 2.54235e-05 8.23725e-06 3.92933e-06
threshold=-0.0025697584393127855 0.0030396255021121082 108914.50000000001 32309.987799848303 0.0032608850669895166 0.029592950512530084
decision_type=2 2 2 2 2 2
left_child=1 -1 3 -3 5 -2
right_child=4 2 -4 -5 -6 -7
leaf_value=0 -3.9405046578128752e-09 0 0 1.9454206624350662e-08 0 0
leaf_weight=577 13828 1321 160 3941 5110 701
leaf_count=577 13828 1321 160 3941 5110 701
internal_value=0 6.47131e-09 1.14501e-08 1.408e-08 0 -3.16317e-09
internal_weight=25638 5999 5422 5262 19639 14529
internal_count=25638 5999 5422 5262 19639 14529
is_linear=0
shrinkage=0.000132856


Tree=383
num_leaves=7
num_cat=0
split_feature=5 13 2 10 5 14
split_gain=1.42308e-05 2.60453e-05 1.8833e-05 2.54173e-05 8.23465e-06 3.92869e-06
threshold=-0.0025697584393127855 0.0030396255021121082 108914.50000000001 32309.987799848303 0.0032608850669895166 0.029592950512530084
decision_type=2 2 2 2 2 2
left_child=1 -1 3 -3 5 -2
right_child=4 2 -4 -5 -6 -7
leaf_value=0 -3.9399809089412572e-09 0 0 1.9451623544485252e-08 0 0
leaf_weight=577 13828 1321 160 3941 5110 701
leaf_count=577 13828 1321 160 3941 5110 701
internal_value=0 6.46962e-09 1.14483e-08 1.40781e-08 0 -3.16267e-09
internal_weight=25638 5999 5422 5262 19639 14529
internal_count=25638 5999 5422 5262 19639 14529
is_linear=0
shrinkage=0.000132856


Tree=384
num_leaves=6
num_cat=0
split_feature=14 9 12 12 11
split_gain=1.40358e-05 2.22508e-05 1.42213e-05 7.56251e-06 6.46358e-07
threshold=0.0054183543866271897 98002.003354789849 0.0046929146487841187 0.028574662578083786 88.255514171643711
decision_type=2 2 2 2 2
left_child=-1 2 -2 4 -4
right_child=1 -3 3 -5 -6
leaf_value=0 0 0 1.325799708674888e-08 0 0
leaf_weight=17011 1500 941 5894 187 161
leaf_count=17011 1500 941 5894 187 161
internal_value=0 5.34086e-09 9.09426e-09 1.19488e-08 1.30084e-08
internal_weight=25694 8683 7742 6242 6055
internal_count=25694 8683 7742 6242 6055
is_linear=0
shrinkage=0.000132856


Tree=385
num_leaves=6
num_cat=0
split_feature=14 9 12 12 11
split_gain=1.40295e-05 2.22464e-05 1.42179e-05 7.56126e-06 6.46065e-07
threshold=0.0054183543866271897 98002.003354789849 0.0046929146487841187 0.028574662578083786 88.255514171643711
decision_type=2 2 2 2 2
left_child=-1 2 -2 4 -4
right_child=1 -3 3 -5 -6
leaf_value=0 0 0 1.3256236347027232e-08 0 0
leaf_weight=17011 1500 941 5894 187 161
leaf_count=17011 1500 941 5894 187 161
internal_value=0 5.33966e-09 9.09292e-09 1.19471e-08 1.30067e-08
internal_weight=25694 8683 7742 6242 6055
internal_count=25694 8683 7742 6242 6055
is_linear=0
shrinkage=0.000132856


Tree=386
num_leaves=6
num_cat=0
split_feature=14 9 12 12 11
split_gain=1.40232e-05 2.2242e-05 1.42145e-05 7.56001e-06 6.45771e-07
threshold=0.0054183543866271897 98002.003354789849 0.0046929146487841187 0.028574662578083786 88.255514171643711
decision_type=2 2 2 2 2
left_child=-1 2 -2 4 -4
right_child=1 -3 3 -5 -6
leaf_value=0 0 0 1.3254475364566959e-08 0 0
leaf_weight=17011 1500 941 5894 187 161
leaf_count=17011 1500 941 5894 187 161
internal_value=0 5.33846e-09 9.09158e-09 1.19455e-08 1.3005e-08
internal_weight=25694 8683 7742 6242 6055
internal_count=25694 8683 7742 6242 6055
is_linear=0
shrinkage=0.000132856


Tree=387
num_leaves=6
num_cat=0
split_feature=14 9 12 12 11
split_gain=1.40169e-05 2.22376e-05 1.42112e-05 7.55877e-06 6.45478e-07
threshold=0.0054183543866271897 98002.003354789849 0.0046929146487841187 0.028574662578083786 88.255514171643711
decision_type=2 2 2 2 2
left_child=-1 2 -2 4 -4
right_child=1 -3 3 -5 -6
leaf_value=0 0 0 1.3252714957990362e-08 0 0
leaf_weight=17011 1500 941 5894 187 161
leaf_count=17011 1500 941 5894 187 161
internal_value=0 5.33727e-09 9.09024e-09 1.19438e-08 1.30033e-08
internal_weight=25694 8683 7742 6242 6055
internal_count=25694 8683 7742 6242 6055
is_linear=0
shrinkage=0.000132856


Tree=388
num_leaves=6
num_cat=0
split_feature=14 9 12 12 11
split_gain=1.40107e-05 2.22332e-05 1.42078e-05 7.55752e-06 6.45184e-07
threshold=0.0054183543866271897 98002.003354789849 0.0046929146487841187 0.028574662578083786 88.255514171643711
decision_type=2 2 2 2 2
left_child=-1 2 -2 4 -4
right_child=1 -3 3 -5 -6
leaf_value=0 0 0 1.3250955706552268e-08 0 0
leaf_weight=17011 1500 941 5894 187 161
leaf_count=17011 1500 941 5894 187 161
internal_value=0 5.33608e-09 9.0889e-09 1.19421e-08 1.30016e-08
internal_weight=25694 8683 7742 6242 6055
internal_count=25694 8683 7742 6242 6055
is_linear=0
shrinkage=0.000132856


Tree=389
num_leaves=6
num_cat=0
split_feature=14 9 12 12 11
split_gain=1.40044e-05 2.22288e-05 1.42045e-05 7.55628e-06 6.44891e-07
threshold=0.0054183543866271897 98002.003354789849 0.0046929146487841187 0.028574662578083786 88.255514171643711
decision_type=2 2 2 2 2
left_child=-1 2 -2 4 -4
right_child=1 -3 3 -5 -6
leaf_value=0 0 0 1.3249195798809463e-08 0 0
leaf_weight=17011 1500 941 5894 187 161
leaf_count=17011 1500 941 5894 187 161
internal_value=0 5.33488e-09 9.08756e-09 1.19405e-08 1.29998e-08
internal_weight=25694 8683 7742 6242 6055
internal_count=25694 8683 7742 6242 6055
is_linear=0
shrinkage=0.000132856


Tree=390
num_leaves=6
num_cat=0
split_feature=14 9 12 12 11
split_gain=1.39981e-05 2.22244e-05 1.42011e-05 7.55503e-06 6.44598e-07
threshold=0.0054183543866271897 98002.003354789849 0.0046929146487841187 0.028574662578083786 88.255514171643711
decision_type=2 2 2 2 2
left_child=-1 2 -2 4 -4
right_child=1 -3 3 -5 -6
leaf_value=0 0 0 1.3247435429505148e-08 0 0
leaf_weight=17011 1500 941 5894 187 161
leaf_count=17011 1500 941 5894 187 161
internal_value=0 5.33369e-09 9.08622e-09 1.19388e-08 1.29981e-08
internal_weight=25694 8683 7742 6242 6055
internal_count=25694 8683 7742 6242 6055
is_linear=0
shrinkage=0.000132856


Tree=391
num_leaves=6
num_cat=0
split_feature=14 9 12 12 11
split_gain=1.39919e-05 2.22199e-05 1.41978e-05 7.55378e-06 6.44305e-07
threshold=0.0054183543866271897 98002.003354789849 0.0046929146487841187 0.028574662578083786 88.255514171643711
decision_type=2 2 2 2 2
left_child=-1 2 -2 4 -4
right_child=1 -3 3 -5 -6
leaf_value=0 0 0 1.324567588894685e-08 0 0
leaf_weight=17011 1500 941 5894 187 161
leaf_count=17011 1500 941 5894 187 161
internal_value=0 5.33249e-09 9.08488e-09 1.19372e-08 1.29964e-08
internal_weight=25694 8683 7742 6242 6055
internal_count=25694 8683 7742 6242 6055
is_linear=0
shrinkage=0.000132856


Tree=392
num_leaves=14
num_cat=0
split_feature=5 7 12 1 13 12 1 12 6 6 13 5 5
split_gain=0.00013043 6.42977e-05 6.34494e-05 3.5998e-05 6.15966e-05 2.3869e-05 3.17844e-05 2.57437e-05 2.24399e-05 1.62907e-05 2.47657e-05 1.63399e-05 6.18854e-06
threshold=-0.0022223398294529124 0.003103723312667173 0.010494839769375737 25811.390000000003 0.0045720297444194419 0.015572312882213923 19836.325000000001 0.0030515095931171634 0.0059220157265121873 -0.0048614122397679918 0.0030640366743222756 0.010429165205148362 -0.001986072614632239
decision_type=2 2 2 2 2 2 2 2 2 2 2 2 2
left_child=2 -2 -1 -4 -5 6 -3 -8 -6 -9 -11 12 -12
right_child=1 5 3 4 8 -7 7 9 -10 10 11 -13 -14
leaf_value=0 0 0 0 0 5.4171988872069553e-08 0 0 0 0 0 0 0 -2.8763174334331435e-08
leaf_weight=3664 10206 413 421 336 1867 852 1245 653 261 937 119 111 4530
leaf_count=3664 10206 413 421 336 1867 852 1245 653 261 937 119 111 4530
internal_value=0 -1.70765e-09 1.85184e-08 3.41472e-08 4.02832e-08 -1.15903e-08 -1.41852e-08 -1.69117e-08 4.88784e-08 -2.0337e-08 -2.2615e-08 -2.65304e-08 -2.79762e-08
internal_weight=25615 19066 6549 2885 2464 8860 8008 7595 2128 6350 5697 4760 4649
internal_count=25615 19066 6549 2885 2464 8860 8008 7595 2128 6350 5697 4760 4649
is_linear=0
shrinkage=0.000132856


Tree=393
num_leaves=14
num_cat=0
split_feature=5 7 12 1 13 12 1 12 6 6 13 5 5
split_gain=0.000130399 6.42783e-05 6.34256e-05 3.59887e-05 6.15836e-05 2.38639e-05 3.1779e-05 2.57369e-05 2.24318e-05 1.62862e-05 2.47581e-05 1.6337e-05 6.18699e-06
threshold=-0.0022223398294529124 0.003103723312667173 0.010494839769375737 25811.390000000003 0.0045720297444194419 0.015572312882213923 19836.325000000001 0.0030515095931171634 0.0059220157265121873 -0.0048614122397679918 0.0030640366743222756 0.010429165205148362 -0.001986072614632239
decision_type=2 2 2 2 2 2 2 2 2 2 2 2 2
left_child=2 -2 -1 -4 -5 6 -3 -8 -6 -9 -11 12 -12
right_child=1 5 3 4 8 -7 7 9 -10 10 11 -13 -14
leaf_value=0 0 0 0 0 5.4164802739552227e-08 0 0 0 0 0 0 0 -2.875935409873876e-08
leaf_weight=3664 10206 413 421 336 1867 852 1245 653 261 937 119 111 4530
leaf_count=3664 10206 413 421 336 1867 852 1245 653 261 937 119 111 4530
internal_value=0 -1.70674e-09 1.85163e-08 3.41426e-08 4.02777e-08 -1.15884e-08 -1.41831e-08 -1.69094e-08 4.88721e-08 -2.03343e-08 -2.2612e-08 -2.65268e-08 -2.79725e-08
internal_weight=25615 19066 6549 2885 2464 8860 8008 7595 2128 6350 5697 4760 4649
internal_count=25615 19066 6549 2885 2464 8860 8008 7595 2128 6350 5697 4760 4649
is_linear=0
shrinkage=0.000132856


Tree=394
num_leaves=14
num_cat=0
split_feature=5 7 12 1 13 12 1 12 6 6 13 5 5
split_gain=0.000130367 6.42589e-05 6.34018e-05 3.59794e-05 6.15705e-05 2.38589e-05 3.17737e-05 2.57302e-05 2.24238e-05 1.62818e-05 2.47504e-05 1.63342e-05 6.18545e-06
threshold=-0.0022223398294529124 0.003103723312667173 0.010494839769375737 25811.390000000003 0.0045720297444194419 0.015572312882213923 19836.325000000001 0.0030515095931171634 0.0059220157265121873 -0.0048614122397679918 0.0030640366743222756 0.010429165205148362 -0.001986072614632239
decision_type=2 2 2 2 2 2 2 2 2 2 2 2 2
left_child=2 -2 -1 -4 -5 6 -3 -8 -6 -9 -11 12 -12
right_child=1 5 3 4 8 -7 7 9 -10 10 11 -13 -14
leaf_value=0 0 0 0 0 5.4157613297705194e-08 0 0 0 0 0 0 0 -2.8755535254306568e-08
leaf_weight=3664 10206 413 421 336 1867 852 1245 653 261 937 119 111 4530
leaf_count=3664 10206 413 421 336 1867 852 1245 653 261 937 119 111 4530
internal_value=0 -1.70584e-09 1.85143e-08 3.41379e-08 4.02723e-08 -1.15864e-08 -1.41809e-08 -1.69071e-08 4.88658e-08 -2.03316e-08 -2.26089e-08 -2.65231e-08 -2.79688e-08
internal_weight=25615 19066 6549 2885 2464 8860 8008 7595 2128 6350 5697 4760 4649
internal_count=25615 19066 6549 2885 2464 8860 8008 7595 2128 6350 5697 4760 4649
is_linear=0
shrinkage=0.000132856


Tree=395
num_leaves=14
num_cat=0
split_feature=5 7 12 1 13 12 1 12 6 6 13 5 5
split_gain=0.000130336 6.42395e-05 6.3378e-05 3.597e-05 6.15574e-05 2.38538e-05 3.17683e-05 2.57235e-05 2.24157e-05 1.62773e-05 2.47427e-05 1.63314e-05 6.18391e-06
threshold=-0.0022223398294529124 0.003103723312667173 0.010494839769375737 25811.390000000003 0.0045720297444194419 0.015572312882213923 19836.325000000001 0.0030515095931171634 0.0059220157265121873 -0.0048614122397679918 0.0030640366743222756 0.010429165205148362 -0.001986072614632239
decision_type=2 2 2 2 2 2 2 2 2 2 2 2 2
left_child=2 -2 -1 -4 -5 6 -3 -8 -6 -9 -11 12 -12
right_child=1 5 3 4 8 -7 7 9 -10 10 11 -13 -14
leaf_value=0 0 0 0 0 5.4150426482014794e-08 0 0 0 0 0 0 0 -2.8751716996337596e-08
leaf_weight=3664 10206 413 421 336 1867 852 1245 653 261 937 119 111 4530
leaf_count=3664 10206 413 421 336 1867 852 1245 653 261 937 119 111 4530
internal_value=0 -1.70493e-09 1.85122e-08 3.41333e-08 4.02668e-08 -1.15845e-08 -1.41788e-08 -1.69049e-08 4.88595e-08 -2.03289e-08 -2.26059e-08 -2.65195e-08 -2.7965e-08
internal_weight=25615 19066 6549 2885 2464 8860 8008 7595 2128 6350 5697 4760 4649
internal_count=25615 19066 6549 2885 2464 8860 8008 7595 2128 6350 5697 4760 4649
is_linear=0
shrinkage=0.000132856


Tree=396
num_leaves=14
num_cat=0
split_feature=5 7 12 1 13 12 1 12 6 6 13 5 5
split_gain=0.000130304 6.42202e-05 6.33543e-05 3.59607e-05 6.15443e-05 2.38487e-05 3.1763e-05 2.57168e-05 2.24077e-05 1.62728e-05 2.4735e-05 1.63285e-05 6.18236e-06
threshold=-0.0022223398294529124 0.003103723312667173 0.010494839769375737 25811.390000000003 0.0045720297444194419 0.015572312882213923 19836.325000000001 0.0030515095931171634 0.0059220157265121873 -0.0048614122397679918 0.0030640366743222756 0.010429165205148362 -0.001986072614632239
decision_type=2 2 2 2 2 2 2 2 2 2 2 2 2
left_child=2 -2 -1 -4 -5 6 -3 -8 -6 -9 -11 12 -12
right_child=1 5 3 4 8 -7 7 9 -10 10 11 -13 -14
leaf_value=0 0 0 0 0 5.4143240123755564e-08 0 0 0 0 0 0 0 -2.8747898397653677e-08
leaf_weight=3664 10206 413 421 336 1867 852 1245 653 261 937 119 111 4530
leaf_count=3664 10206 413 421 336 1867 852 1245 653 261 937 119 111 4530
internal_value=0 -1.70402e-09 1.85102e-08 3.41286e-08 4.02614e-08 -1.15825e-08 -1.41766e-08 -1.69026e-08 4.88532e-08 -2.03261e-08 -2.26029e-08 -2.65159e-08 -2.79613e-08
internal_weight=25615 19066 6549 2885 2464 8860 8008 7595 2128 6350 5697 4760 4649
internal_count=25615 19066 6549 2885 2464 8860 8008 7595 2128 6350 5697 4760 4649
is_linear=0
shrinkage=0.000132856


Tree=397
num_leaves=14
num_cat=0
split_feature=5 7 12 1 13 12 1 12 6 6 13 5 5
split_gain=0.000130273 6.42008e-05 6.33305e-05 3.59514e-05 6.15313e-05 2.38436e-05 3.17576e-05 2.57101e-05 2.23996e-05 1.62684e-05 2.47274e-05 1.63257e-05 6.18082e-06
threshold=-0.0022223398294529124 0.003103723312667173 0.010494839769375737 25811.390000000003 0.0045720297444194419 0.015572312882213923 19836.325000000001 0.0030515095931171634 0.0059220157265121873 -0.0048614122397679918 0.0030640366743222756 0.010429165205148362 -0.001986072614632239
decision_type=2 2 2 2 2 2 2 2 2 2 2 2 2
left_child=2 -2 -1 -4 -5 6 -3 -8 -6 -9 -11 12 -12
right_child=1 5 3 4 8 -7 7 9 -10 10 11 -13 -14
leaf_value=0 0 0 0 0 5.4136054936096092e-08 0 0 0 0 0 0 0 -2.8744080350133736e-08
leaf_weight=3664 10206 413 421 336 1867 852 1245 653 261 937 119 111 4530
leaf_count=3664 10206 413 421 336 1867 852 1245 653 261 937 119 111 4530
internal_value=0 -1.70311e-09 1.85081e-08 3.4124e-08 4.02559e-08 -1.15806e-08 -1.41744e-08 -1.69003e-08 4.88469e-08 -2.03234e-08 -2.25998e-08 -2.65122e-08 -2.79576e-08
internal_weight=25615 19066 6549 2885 2464 8860 8008 7595 2128 6350 5697 4760 4649
internal_count=25615 19066 6549 2885 2464 8860 8008 7595 2128 6350 5697 4760 4649
is_linear=0
shrinkage=0.000132856


Tree=398
num_leaves=14
num_cat=0
split_feature=5 7 12 1 13 12 1 12 6 6 13 5 5
split_gain=0.000130241 6.41814e-05 6.33067e-05 3.5942e-05 6.15182e-05 2.38385e-05 3.17523e-05 2.57034e-05 2.23916e-05 1.62639e-05 2.47197e-05 1.63229e-05 6.17928e-06
threshold=-0.0022223398294529124 0.003103723312667173 0.010494839769375737 25811.390000000003 0.0045720297444194419 0.015572312882213923 19836.325000000001 0.0030515095931171634 0.0059220157265121873 -0.0048614122397679918 0.0030640366743222756 0.010429165205148362 -0.001986072614632239
decision_type=2 2 2 2 2 2 2 2 2 2 2 2 2
left_child=2 -2 -1 -4 -5 6 -3 -8 -6 -9 -11 12 -12
right_child=1 5 3 4 8 -7 7 9 -10 10 11 -13 -14
leaf_value=0 0 0 0 0 5.4128869487398291e-08 0 0 0 0 0 0 0 -2.8740264182098153e-08
leaf_weight=3664 10206 413 421 336 1867 852 1245 653 261 937 119 111 4530
leaf_count=3664 10206 413 421 336 1867 852 1245 653 261 937 119 111 4530
internal_value=0 -1.70221e-09 1.85061e-08 3.41193e-08 4.02505e-08 -1.15786e-08 -1.41723e-08 -1.6898e-08 4.88405e-08 -2.03207e-08 -2.25968e-08 -2.65086e-08 -2.79539e-08
internal_weight=25615 19066 6549 2885 2464 8860 8008 7595 2128 6350 5697 4760 4649
internal_count=25615 19066 6549 2885 2464 8860 8008 7595 2128 6350 5697 4760 4649
is_linear=0
shrinkage=0.000132856


Tree=399
num_leaves=14
num_cat=0
split_feature=5 7 12 1 13 12 1 12 6 6 13 5 5
split_gain=0.00013021 6.41621e-05 6.3283e-05 3.59327e-05 6.15051e-05 2.38334e-05 3.17469e-05 2.56967e-05 2.23835e-05 1.62594e-05 2.4712e-05 1.632e-05 6.17774e-06
threshold=-0.0022223398294529124 0.003103723312667173 0.010494839769375737 25811.390000000003 0.0045720297444194419 0.015572312882213923 19836.325000000001 0.0030515095931171634 0.0059220157265121873 -0.0048614122397679918 0.0030640366743222756 0.010429165205148362 -0.001986072614632239
decision_type=2 2 2 2 2 2 2 2 2 2 2 2 2
left_child=2 -2 -1 -4 -5 6 -3 -8 -6 -9 -11 12 -12
right_child=1 5 3 4 8 -7 7 9 -10 10 11 -13 -14
leaf_value=0 0 0 0 0 5.4121687000690222e-08 0 0 0 0 0 0 0 -2.87364480809285e-08
leaf_weight=3664 10206 413 421 336 1867 852 1245 653 261 937 119 111 4530
leaf_count=3664 10206 413 421 336 1867 852 1245 653 261 937 119 111 4530
internal_value=0 -1.7013e-09 1.8504e-08 3.41147e-08 4.02451e-08 -1.15767e-08 -1.41701e-08 -1.68958e-08 4.88342e-08 -2.0318e-08 -2.25937e-08 -2.6505e-08 -2.79502e-08
internal_weight=25615 19066 6549 2885 2464 8860 8008 7595 2128 6350 5697 4760 4649
internal_count=25615 19066 6549 2885 2464 8860 8008 7595 2128 6350 5697 4760 4649
is_linear=0
shrinkage=0.000132856


Tree=400
num_leaves=8
num_cat=0
split_feature=6 12 5 13 4 4 12
split_gain=1.19219e-05 2.92203e-05 3.61865e-05 2.88584e-05 2.37478e-05 9.8403e-06 7.52075e-07
threshold=0.0011727788417853493 0.020315958402072384 -0.0025697584393127855 0.0028139697852878386 13281.814485000001 417.65197000000006 0.0023560606558025291
decision_type=2 2 2 2 2 2 2
left_child=-1 2 -2 -4 5 -5 -7
right_child=1 -3 3 4 -6 6 -8
leaf_value=0 0 0 0 0 0 0 -1.9147974484943702e-08
leaf_weight=14856 1004 671 1599 334 289 120 6763
leaf_count=14856 1004 671 1599 334 289 120 6763
internal_value=0 -4.41774e-09 -8.47471e-09 -1.22422e-08 -1.57998e-08 -1.78238e-08 -1.89295e-08
internal_weight=25636 10780 10109 9105 7506 7217 6883
internal_count=25636 10780 10109 9105 7506 7217 6883
is_linear=0
shrinkage=0.000132856


Tree=401
num_leaves=8
num_cat=0
split_feature=6 12 5 13 4 4 12
split_gain=1.19133e-05 2.92124e-05 3.61792e-05 2.88514e-05 2.37439e-05 9.83815e-06 7.5165e-07
threshold=0.0011727788417853493 0.020315958402072384 -0.0025697584393127855 0.0028139697852878386 13281.814485000001 417.65197000000006 0.0023560606558025291
decision_type=2 2 2 2 2 2 2
left_child=-1 2 -2 -4 5 -5 -7
right_child=1 -3 3 4 -6 6 -8
leaf_value=0 0 0 0 0 0 0 -1.9145430825752308e-08
leaf_weight=14856 1004 671 1599 334 289 120 6763
leaf_count=14856 1004 671 1599 334 289 120 6763
internal_value=0 -4.41615e-09 -8.473e-09 -1.22403e-08 -1.57975e-08 -1.78214e-08 -1.8927e-08
internal_weight=25636 10780 10109 9105 7506 7217 6883
internal_count=25636 10780 10109 9105 7506 7217 6883
is_linear=0
shrinkage=0.000132856


Tree=402
num_leaves=8
num_cat=0
split_feature=6 12 5 13 4 4 12
split_gain=1.19046e-05 2.92045e-05 3.61718e-05 2.88445e-05 2.37399e-05 9.83599e-06 7.51224e-07
threshold=0.0011727788417853493 0.020315958402072384 -0.0025697584393127855 0.0028139697852878386 13281.814485000001 417.65197000000006 0.0023560606558025291
decision_type=2 2 2 2 2 2 2
left_child=-1 2 -2 -4 5 -5 -7
right_child=1 -3 3 4 -6 6 -8
leaf_value=0 0 0 0 0 0 0 -1.9142888443519126e-08
leaf_weight=14856 1004 671 1599 334 289 120 6763
leaf_count=14856 1004 671 1599 334 289 120 6763
internal_value=0 -4.41455e-09 -8.4713e-09 -1.22384e-08 -1.57952e-08 -1.78191e-08 -1.89245e-08
internal_weight=25636 10780 10109 9105 7506 7217 6883
internal_count=25636 10780 10109 9105 7506 7217 6883
is_linear=0
shrinkage=0.000132856


Tree=403
num_leaves=8
num_cat=0
split_feature=6 12 5 13 4 4 12
split_gain=1.1896e-05 2.91966e-05 3.61645e-05 2.88376e-05 2.3736e-05 9.83384e-06 7.50798e-07
threshold=0.0011727788417853493 0.020315958402072384 -0.0025697584393127855 0.0028139697852878386 13281.814485000001 417.65197000000006 0.0023560606558025291
decision_type=2 2 2 2 2 2 2
left_child=-1 2 -2 -4 5 -5 -7
right_child=1 -3 3 4 -6 6 -8
leaf_value=0 0 0 0 0 0 0 -1.9140345912562449e-08
leaf_weight=14856 1004 671 1599 334 289 120 6763
leaf_count=14856 1004 671 1599 334 289 120 6763
internal_value=0 -4.41296e-09 -8.4696e-09 -1.22366e-08 -1.57929e-08 -1.78167e-08 -1.8922e-08
internal_weight=25636 10780 10109 9105 7506 7217 6883
internal_count=25636 10780 10109 9105 7506 7217 6883
is_linear=0
shrinkage=0.000132856


Tree=404
num_leaves=8
num_cat=0
split_feature=6 12 5 13 4 4 12
split_gain=1.18874e-05 2.91887e-05 3.61572e-05 2.88307e-05 2.3732e-05 9.83169e-06 7.50373e-07
threshold=0.0011727788417853493 0.020315958402072384 -0.0025697584393127855 0.0028139697852878386 13281.814485000001 417.65197000000006 0.0023560606558025291
decision_type=2 2 2 2 2 2 2
left_child=-1 2 -2 -4 5 -5 -7
right_child=1 -3 3 4 -6 6 -8
leaf_value=0 0 0 0 0 0 0 -1.9137804562967818e-08
leaf_weight=14856 1004 671 1599 334 289 120 6763
leaf_count=14856 1004 671 1599 334 289 120 6763
internal_value=0 -4.41136e-09 -8.4679e-09 -1.22347e-08 -1.57906e-08 -1.78143e-08 -1.89195e-08
internal_weight=25636 10780 10109 9105 7506 7217 6883
internal_count=25636 10780 10109 9105 7506 7217 6883
is_linear=0
shrinkage=0.000132856


Tree=405
num_leaves=8
num_cat=0
split_feature=6 12 5 13 4 4 12
split_gain=1.18789e-05 2.91808e-05 3.61498e-05 2.88237e-05 2.37281e-05 9.82953e-06 7.49948e-07
threshold=0.0011727788417853493 0.020315958402072384 -0.0025697584393127855 0.0028139697852878386 13281.814485000001 417.65197000000006 0.0023560606558025291
decision_type=2 2 2 2 2 2 2
left_child=-1 2 -2 -4 5 -5 -7
right_child=1 -3 3 4 -6 6 -8
leaf_value=0 0 0 0 0 0 0 -1.913526233812068e-08
leaf_weight=14856 1004 671 1599 334 289 120 6763
leaf_count=14856 1004 671 1599 334 289 120 6763
internal_value=0 -4.40977e-09 -8.4662e-09 -1.22328e-08 -1.57883e-08 -1.78119e-08 -1.8917e-08
internal_weight=25636 10780 10109 9105 7506 7217 6883
internal_count=25636 10780 10109 9105 7506 7217 6883
is_linear=0
shrinkage=0.000132856


Tree=406
num_leaves=8
num_cat=0
split_feature=6 12 5 13 4 4 12
split_gain=1.18703e-05 2.91729e-05 3.61425e-05 2.88168e-05 2.37241e-05 9.82738e-06 7.49523e-07
threshold=0.0011727788417853493 0.020315958402072384 -0.0025697584393127855 0.0028139697852878386 13281.814485000001 417.65197000000006 0.0023560606558025291
decision_type=2 2 2 2 2 2 2
left_child=-1 2 -2 -4 5 -5 -7
right_child=1 -3 3 4 -6 6 -8
leaf_value=0 0 0 0 0 0 0 -1.913272038696102e-08
leaf_weight=14856 1004 671 1599 334 289 120 6763
leaf_count=14856 1004 671 1599 334 289 120 6763
internal_value=0 -4.40817e-09 -8.4645e-09 -1.22309e-08 -1.5786e-08 -1.78095e-08 -1.89145e-08
internal_weight=25636 10780 10109 9105 7506 7217 6883
internal_count=25636 10780 10109 9105 7506 7217 6883
is_linear=0
shrinkage=0.000132856


Tree=407
num_leaves=8
num_cat=0
split_feature=6 12 5 13 4 4 12
split_gain=1.18617e-05 2.9165e-05 3.61351e-05 2.88099e-05 2.37202e-05 9.82523e-06 7.49098e-07
threshold=0.0011727788417853493 0.020315958402072384 -0.0025697584393127855 0.0028139697852878386 13281.814485000001 417.65197000000006 0.0023560606558025291
decision_type=2 2 2 2 2 2 2
left_child=-1 2 -2 -4 5 -5 -7
right_child=1 -3 3 4 -6 6 -8
leaf_value=0 0 0 0 0 0 0 -1.9130179548756056e-08
leaf_weight=14856 1004 671 1599 334 289 120 6763
leaf_count=14856 1004 671 1599 334 289 120 6763
internal_value=0 -4.40658e-09 -8.4628e-09 -1.2229e-08 -1.57837e-08 -1.78072e-08 -1.8912e-08
internal_weight=25636 10780 10109 9105 7506 7217 6883
internal_count=25636 10780 10109 9105 7506 7217 6883
is_linear=0
shrinkage=0.000132856


Tree=408
num_leaves=5
num_cat=0
split_feature=6 5 6 5
split_gain=5.26393e-06 5.58616e-05 4.55188e-05 2.7284e-07
threshold=0.00061528038305491705 0.0060817964016657297 0.028793475204331068 -0.00088911007378983376
decision_type=2 2 2 2
left_child=3 2 -2 -1
right_child=1 -3 -4 -5
leaf_value=8.08894543843213e-10 -1.3993930555903975e-08 0 0 0
leaf_weight=7358 9610 2057 142 6506
leaf_count=7358 9610 2057 142 6506
internal_value=0 -2.80472e-09 -1.05171e-08 0
internal_weight=25673 11809 9752 13864
internal_count=25673 11809 9752 13864
is_linear=0
shrinkage=0.000132856


Tree=409
num_leaves=5
num_cat=0
split_feature=6 5 6 5
split_gain=5.25825e-06 5.5846e-05 4.55117e-05 2.72768e-07
threshold=0.00061528038305491705 0.0060817964016657297 0.028793475204331068 -0.00088911007378983376
decision_type=2 2 2 2
left_child=3 2 -2 -1
right_child=1 -3 -4 -5
leaf_value=8.0878730584623414e-10 -1.3992072012515837e-08 0 0 0
leaf_weight=7358 9610 2057 142 6506
leaf_count=7358 9610 2057 142 6506
internal_value=0 -2.80321e-09 -1.05153e-08 0
internal_weight=25673 11809 9752 13864
internal_count=25673 11809 9752 13864
is_linear=0
shrinkage=0.000132856


Tree=410
num_leaves=5
num_cat=0
split_feature=6 5 6 5
split_gain=5.25258e-06 5.58304e-05 4.55047e-05 2.72695e-07
threshold=0.00061528038305491705 0.0060817964016657297 0.028793475204331068 -0.00088911007378983376
decision_type=2 2 2 2
left_child=3 2 -2 -1
right_child=1 -3 -4 -5
leaf_value=8.0867989773796213e-10 -1.3990213671268356e-08 0 0 0
leaf_weight=7358 9610 2057 142 6506
leaf_count=7358 9610 2057 142 6506
internal_value=0 -2.8017e-09 -1.05135e-08 0
internal_weight=25673 11809 9752 13864
internal_count=25673 11809 9752 13864
is_linear=0
shrinkage=0.000132856


Tree=411
num_leaves=5
num_cat=0
split_feature=6 5 6 5
split_gain=5.24691e-06 5.58148e-05 4.54977e-05 2.72623e-07
threshold=0.00061528038305491705 0.0060817964016657297 0.028793475204331068 -0.00088911007378983376
decision_type=2 2 2 2
left_child=3 2 -2 -1
right_child=1 -3 -4 -5
leaf_value=8.0857276453298731e-10 -1.3988355699731077e-08 0 0 0
leaf_weight=7358 9610 2057 142 6506
leaf_count=7358 9610 2057 142 6506
internal_value=0 -2.80019e-09 -1.05116e-08 0
internal_weight=25673 11809 9752 13864
internal_count=25673 11809 9752 13864
is_linear=0
shrinkage=0.000132856


Tree=412
num_leaves=5
num_cat=0
split_feature=6 5 6 5
split_gain=5.24125e-06 5.57992e-05 4.54906e-05 2.7255e-07
threshold=0.00061528038305491705 0.0060817964016657297 0.028793475204331068 -0.00088911007378983376
decision_type=2 2 2 2
left_child=3 2 -2 -1
right_child=1 -3 -4 -5
leaf_value=8.08465174647065e-10 -1.3986497470292477e-08 0 0 0
leaf_weight=7358 9610 2057 142 6506
leaf_count=7358 9610 2057 142 6506
internal_value=0 -2.79867e-09 -1.05098e-08 0
internal_weight=25673 11809 9752 13864
internal_count=25673 11809 9752 13864
is_linear=0
shrinkage=0.000132856


Tree=413
num_leaves=5
num_cat=0
split_feature=6 5 6 5
split_gain=5.23559e-06 5.57836e-05 4.54836e-05 2.72478e-07
threshold=0.00061528038305491705 0.0060817964016657297 0.028793475204331068 -0.00088911007378983376
decision_type=2 2 2 2
left_child=3 2 -2 -1
right_child=1 -3 -4 -5
leaf_value=8.0835778959857469e-10 -1.3984639679860288e-08 0 0 0
leaf_weight=7358 9610 2057 142 6506
leaf_count=7358 9610 2057 142 6506
internal_value=0 -2.79716e-09 -1.0508e-08 0
internal_weight=25673 11809 9752 13864
internal_count=25673 11809 9752 13864
is_linear=0
shrinkage=0.000132856


Tree=414
num_leaves=5
num_cat=0
split_feature=6 5 6 5
split_gain=5.22993e-06 5.5768e-05 4.54766e-05 2.72406e-07
threshold=0.00061528038305491705 0.0060817964016657297 0.028793475204331068 -0.00088911007378983376
decision_type=2 2 2 2
left_child=3 2 -2 -1
right_child=1 -3 -4 -5
leaf_value=8.0825046198919521e-10 -1.3982782375043673e-08 0 0 0
leaf_weight=7358 9610 2057 142 6506
leaf_count=7358 9610 2057 142 6506
internal_value=0 -2.79565e-09 -1.05062e-08 0
internal_weight=25673 11809 9752 13864
internal_count=25673 11809 9752 13864
is_linear=0
shrinkage=0.000132856


Tree=415
num_leaves=5
num_cat=0
split_feature=6 5 6 5
split_gain=5.22428e-06 5.57524e-05 4.54695e-05 2.72334e-07
threshold=0.00061528038305491705 0.0060817964016657297 0.028793475204331068 -0.00088911007378983376
decision_type=2 2 2 2
left_child=3 2 -2 -1
right_child=1 -3 -4 -5
leaf_value=8.0814338235506667e-10 -1.3980924986765197e-08 0 0 0
leaf_weight=7358 9610 2057 142 6506
leaf_count=7358 9610 2057 142 6506
internal_value=0 -2.79414e-09 -1.05043e-08 0
internal_weight=25673 11809 9752 13864
internal_count=25673 11809 9752 13864
is_linear=0
shrinkage=0.000132856


Tree=416
num_leaves=5
num_cat=0
split_feature=13 5 5 13
split_gain=4.62551e-06 4.39915e-05 1.68413e-06 1.19612e-06
threshold=0.004620885413703966 -0.0023375999585267255 0.0080814946701707208 0.0012811390425579287
decision_type=2 2 2 2
left_child=2 -2 3 -1
right_child=1 -3 -4 -5
leaf_value=0 1.4183084729514449e-08 0 0 -2.3020527736994876e-09
leaf_weight=586 4215 9162 204 11441
leaf_count=586 4215 9162 204 11441
internal_value=0 2.31722e-09 -8.95221e-10 -1.81278e-09
internal_weight=25608 13377 12231 12027
internal_count=25608 13377 12231 12027
is_linear=0
shrinkage=0.000132856


Tree=417
num_leaves=5
num_cat=0
split_feature=13 5 5 13
split_gain=4.62307e-06 4.39808e-05 1.68377e-06 1.19593e-06
threshold=0.004620885413703966 -0.0023375999585267255 0.0080814946701707208 0.0012811390425579287
decision_type=2 2 2 2
left_child=2 -2 3 -1
right_child=1 -3 -4 -5
leaf_value=0 1.4181202215223541e-08 0 0 -2.3017472155782095e-09
leaf_weight=586 4215 9162 204 11441
leaf_count=586 4215 9162 204 11441
internal_value=0 2.31663e-09 -8.94935e-10 -1.81249e-09
internal_weight=25608 13377 12231 12027
internal_count=25608 13377 12231 12027
is_linear=0
shrinkage=0.000132856


Tree=418
num_leaves=5
num_cat=0
split_feature=13 5 5 13
split_gain=4.62063e-06 4.39702e-05 1.6834e-06 1.19573e-06
threshold=0.004620885413703966 -0.0023375999585267255 0.0080814946701707208 0.0012811390425579287
decision_type=2 2 2 2
left_child=2 -2 3 -1
right_child=1 -3 -4 -5
leaf_value=0 1.4179318888462246e-08 0 0 -2.3014413027361735e-09
leaf_weight=586 4215 9162 204 11441
leaf_count=586 4215 9162 204 11441
internal_value=0 2.31603e-09 -8.94649e-10 -1.8122e-09
internal_weight=25608 13377 12231 12027
internal_count=25608 13377 12231 12027
is_linear=0
shrinkage=0.000132856


Tree=419
num_leaves=5
num_cat=0
split_feature=13 5 5 13
split_gain=4.61819e-06 4.39595e-05 1.68304e-06 1.19554e-06
threshold=0.004620885413703966 -0.0023375999585267255 0.0080814946701707208 0.0012811390425579287
decision_type=2 2 2 2
left_child=2 -2 3 -1
right_child=1 -3 -4 -5
leaf_value=0 1.417743643299493e-08 0 0 -2.3011354809847386e-09
leaf_weight=586 4215 9162 204 11441
leaf_count=586 4215 9162 204 11441
internal_value=0 2.31544e-09 -8.94363e-10 -1.81191e-09
internal_weight=25608 13377 12231 12027
internal_count=25608 13377 12231 12027
is_linear=0
shrinkage=0.000132856


Tree=420
num_leaves=5
num_cat=0
split_feature=13 5 5 13
split_gain=4.61575e-06 4.39488e-05 1.68267e-06 1.19535e-06
threshold=0.004620885413703966 -0.0023375999585267255 0.0080814946701707208 0.0012811390425579287
decision_type=2 2 2 2
left_child=2 -2 3 -1
right_child=1 -3 -4 -5
leaf_value=0 1.4175554029102119e-08 0 0 -2.3008298267552046e-09
leaf_weight=586 4215 9162 204 11441
leaf_count=586 4215 9162 204 11441
internal_value=0 2.31485e-09 -8.94077e-10 -1.81162e-09
internal_weight=25608 13377 12231 12027
internal_count=25608 13377 12231 12027
is_linear=0
shrinkage=0.000132856


Tree=421
num_leaves=5
num_cat=0
split_feature=13 5 5 13
split_gain=4.61332e-06 4.39381e-05 1.68231e-06 1.19515e-06
threshold=0.004620885413703966 -0.0023375999585267255 0.0080814946701707208 0.0012811390425579287
decision_type=2 2 2 2
left_child=2 -2 3 -1
right_child=1 -3 -4 -5
leaf_value=0 1.4173671202527576e-08 0 0 -2.3005244844515001e-09
leaf_weight=586 4215 9162 204 11441
leaf_count=586 4215 9162 204 11441
internal_value=0 2.31425e-09 -8.93791e-10 -1.81133e-09
internal_weight=25608 13377 12231 12027
internal_count=25608 13377 12231 12027
is_linear=0
shrinkage=0.000132856


Tree=422
num_leaves=5
num_cat=0
split_feature=13 5 5 13
split_gain=4.61088e-06 4.39275e-05 1.68195e-06 1.19496e-06
threshold=0.004620885413703966 -0.0023375999585267255 0.0080814946701707208 0.0012811390425579287
decision_type=2 2 2 2
left_child=2 -2 3 -1
right_child=1 -3 -4 -5
leaf_value=0 1.417178930214521e-08 0 0 -2.3002188016052298e-09
leaf_weight=586 4215 9162 204 11441
leaf_count=586 4215 9162 204 11441
internal_value=0 2.31366e-09 -8.93505e-10 -1.81104e-09
internal_weight=25608 13377 12231 12027
internal_count=25608 13377 12231 12027
is_linear=0
shrinkage=0.000132856


Tree=423
num_leaves=5
num_cat=0
split_feature=13 5 5 13
split_gain=4.60845e-06 4.39168e-05 1.68158e-06 1.19476e-06
threshold=0.004620885413703966 -0.0023375999585267255 0.0080814946701707208 0.0012811390425579287
decision_type=2 2 2 2
left_child=2 -2 3 -1
right_child=1 -3 -4 -5
leaf_value=0 1.416990712692803e-08 0 0 -2.2999130367272612e-09
leaf_weight=586 4215 9162 204 11441
leaf_count=586 4215 9162 204 11441
internal_value=0 2.31307e-09 -8.93219e-10 -1.81075e-09
internal_weight=25608 13377 12231 12027
internal_count=25608 13377 12231 12027
is_linear=0
shrinkage=0.000132856


Tree=424
num_leaves=8
num_cat=0
split_feature=14 7 15 15 15 15 7
split_gain=4.07514e-05 3.31898e-05 1.94888e-05 2.63353e-05 1.50191e-05 8.03375e-06 3.08627e-06
threshold=-0.0034661152304984451 -0.094333815002633867 978.1838267740751 -406.84898437629812 179.24474728290627 -1111.6397146958386 -0.023303692322029942
decision_type=2 2 2 2 2 2 2
left_child=1 -1 3 -2 5 -3 -5
right_child=2 4 -4 6 -6 -7 -8
leaf_value=0 0 0 0 0 0 -1.2745424081464292e-08 8.8242316010606403e-09
leaf_weight=198 207 198 401 596 404 8662 14996
leaf_count=198 207 198 401 596 404 8662 14996
internal_value=0 -6.61977e-09 4.3356e-09 6.4066e-09 -1.03913e-08 -1.19505e-08 8.44972e-09
internal_weight=25662 9462 16200 15799 9264 8860 15592
internal_count=25662 9462 16200 15799 9264 8860 15592
is_linear=0
shrinkage=0.000132856


Tree=425
num_leaves=8
num_cat=0
split_feature=14 7 15 15 15 15 7
split_gain=4.07317e-05 3.31836e-05 1.94847e-05 2.63312e-05 1.50165e-05 8.03243e-06 3.08552e-06
threshold=-0.0034661152304984451 -0.094333815002633867 978.1838267740751 -406.84898437629812 179.24474728290627 -1111.6397146958386 -0.023303692322029942
decision_type=2 2 2 2 2 2 2
left_child=1 -1 3 -2 5 -3 -5
right_child=2 4 -4 6 -6 -7 -8
leaf_value=0 0 0 0 0 0 -1.2743730822515919e-08 8.8230594973203548e-09
leaf_weight=198 207 198 401 596 404 8662 14996
leaf_count=198 207 198 401 596 404 8662 14996
internal_value=0 -6.61822e-09 4.33452e-09 6.40549e-09 -1.03897e-08 -1.19489e-08 8.44859e-09
internal_weight=25662 9462 16200 15799 9264 8860 15592
internal_count=25662 9462 16200 15799 9264 8860 15592
is_linear=0
shrinkage=0.000132856


Tree=426
num_leaves=8
num_cat=0
split_feature=14 7 15 15 15 15 7
split_gain=4.07121e-05 3.31773e-05 1.94806e-05 2.63272e-05 1.50139e-05 8.03111e-06 3.08477e-06
threshold=-0.0034661152304984451 -0.094333815002633867 978.1838267740751 -406.84898437629812 179.24474728290627 -1111.6397146958386 -0.023303692322029942
decision_type=2 2 2 2 2 2 2
left_child=1 -1 3 -2 5 -3 -5
right_child=2 4 -4 6 -6 -7 -8
leaf_value=0 0 0 0 0 0 -1.2742038334622344e-08 8.8218873641604346e-09
leaf_weight=198 207 198 401 596 404 8662 14996
leaf_count=198 207 198 401 596 404 8662 14996
internal_value=0 -6.61667e-09 4.33343e-09 6.40437e-09 -1.03882e-08 -1.19472e-08 8.44746e-09
internal_weight=25662 9462 16200 15799 9264 8860 15592
internal_count=25662 9462 16200 15799 9264 8860 15592
is_linear=0
shrinkage=0.000132856


Tree=427
num_leaves=8
num_cat=0
split_feature=14 7 15 15 15 15 7
split_gain=4.06925e-05 3.3171e-05 1.94764e-05 2.63231e-05 1.50113e-05 8.02979e-06 3.08403e-06
threshold=-0.0034661152304984451 -0.094333815002633867 978.1838267740751 -406.84898437629812 179.24474728290627 -1111.6397146958386 -0.023303692322029942
decision_type=2 2 2 2 2 2 2
left_child=1 -1 3 -2 5 -3 -5
right_child=2 4 -4 6 -6 -7 -8
leaf_value=0 0 0 0 0 0 -1.2740345738594616e-08 8.8207155419794446e-09
leaf_weight=198 207 198 401 596 404 8662 14996
leaf_count=198 207 198 401 596 404 8662 14996
internal_value=0 -6.61512e-09 4.33235e-09 6.40326e-09 -1.03866e-08 -1.19456e-08 8.44634e-09
internal_weight=25662 9462 16200 15799 9264 8860 15592
internal_count=25662 9462 16200 15799 9264 8860 15592
is_linear=0
shrinkage=0.000132856


Tree=428
num_leaves=8
num_cat=0
split_feature=14 7 15 15 15 15 7
split_gain=4.06729e-05 3.31647e-05 1.94723e-05 2.6319e-05 1.50088e-05 8.02846e-06 3.08328e-06
threshold=-0.0034661152304984451 -0.094333815002633867 978.1838267740751 -406.84898437629812 179.24474728290627 -1111.6397146958386 -0.023303692322029942
decision_type=2 2 2 2 2 2 2
left_child=1 -1 3 -2 5 -3 -5
right_child=2 4 -4 6 -6 -7 -8
leaf_value=0 0 0 0 0 0 -1.2738653604183479e-08 8.8195436229121046e-09
leaf_weight=198 207 198 401 596 404 8662 14996
leaf_count=198 207 198 401 596 404 8662 14996
internal_value=0 -6.61357e-09 4.33126e-09 6.40215e-09 -1.0385e-08 -1.19439e-08 8.44521e-09
internal_weight=25662 9462 16200 15799 9264 8860 15592
internal_count=25662 9462 16200 15799 9264 8860 15592
is_linear=0
shrinkage=0.000132856


Tree=429
num_leaves=8
num_cat=0
split_feature=14 7 15 15 15 15 7
split_gain=4.06532e-05 3.31585e-05 1.94682e-05 2.63149e-05 1.50062e-05 8.02714e-06 3.08254e-06
threshold=-0.0034661152304984451 -0.094333815002633867 978.1838267740751 -406.84898437629812 179.24474728290627 -1111.6397146958386 -0.023303692322029942
decision_type=2 2 2 2 2 2 2
left_child=1 -1 3 -2 5 -3 -5
right_child=2 4 -4 6 -6 -7 -8
leaf_value=0 0 0 0 0 0 -1.2736961439025795e-08 8.8183722423340329e-09
leaf_weight=198 207 198 401 596 404 8662 14996
leaf_count=198 207 198 401 596 404 8662 14996
internal_value=0 -6.61202e-09 4.33018e-09 6.40104e-09 -1.03834e-08 -1.19423e-08 8.44408e-09
internal_weight=25662 9462 16200 15799 9264 8860 15592
internal_count=25662 9462 16200 15799 9264 8860 15592
is_linear=0
shrinkage=0.000132856


Tree=430
num_leaves=8
num_cat=0
split_feature=14 7 15 15 15 15 7
split_gain=4.06336e-05 3.31522e-05 1.94641e-05 2.63109e-05 1.50036e-05 8.02583e-06 3.08179e-06
threshold=-0.0034661152304984451 -0.094333815002633867 978.1838267740751 -406.84898437629812 179.24474728290627 -1111.6397146958386 -0.023303692322029942
decision_type=2 2 2 2 2 2 2
left_child=1 -1 3 -2 5 -3 -5
right_child=2 4 -4 6 -6 -7 -8
leaf_value=0 0 0 0 0 0 -1.2735269976685957e-08 8.8172007124530965e-09
leaf_weight=198 207 198 401 596 404 8662 14996
leaf_count=198 207 198 401 596 404 8662 14996
internal_value=0 -6.61047e-09 4.32909e-09 6.39993e-09 -1.03818e-08 -1.19406e-08 8.44296e-09
internal_weight=25662 9462 16200 15799 9264 8860 15592
internal_count=25662 9462 16200 15799 9264 8860 15592
is_linear=0
shrinkage=0.000132856


Tree=431
num_leaves=8
num_cat=0
split_feature=14 7 15 15 15 15 7
split_gain=4.06141e-05 3.3146e-05 1.94599e-05 2.63068e-05 1.5001e-05 8.02451e-06 3.08105e-06
threshold=-0.0034661152304984451 -0.094333815002633867 978.1838267740751 -406.84898437629812 179.24474728290627 -1111.6397146958386 -0.023303692322029942
decision_type=2 2 2 2 2 2 2
left_child=1 -1 3 -2 5 -3 -5
right_child=2 4 -4 6 -6 -7 -8
leaf_value=0 0 0 0 0 0 -1.2733578532736131e-08 8.8160295680644298e-09
leaf_weight=198 207 198 401 596 404 8662 14996
leaf_count=198 207 198 401 596 404 8662 14996
internal_value=0 -6.60892e-09 4.32801e-09 6.39881e-09 -1.03802e-08 -1.1939e-08 8.44183e-09
internal_weight=25662 9462 16200 15799 9264 8860 15592
internal_count=25662 9462 16200 15799 9264 8860 15592
is_linear=0
shrinkage=0.000132856


Tree=432
num_leaves=4
num_cat=0
split_feature=14 5 5
split_gain=3.27278e-07 1.77285e-05 1.80532e-05
threshold=0.0046431645099150884 -0.0021725220760916981 0.01611157229307492
decision_type=2 2 2
left_child=1 -1 -3
right_child=-2 2 -4
leaf_value=0 0 -7.4526275559757266e-09 0
leaf_weight=4796 9050 11473 113
leaf_count=4796 9050 11473 113
internal_value=0 -5.93783e-10 -5.24424e-09
internal_weight=25432 16382 11586
internal_count=25432 16382 11586
is_linear=0
shrinkage=0.000132856


Tree=433
num_leaves=4
num_cat=0
split_feature=14 5 5
split_gain=3.26514e-07 1.77225e-05 1.80503e-05
threshold=0.0046431645099150884 -0.0021725220760916981 0.01611157229307492
decision_type=2 2 2
left_child=1 -1 -3
right_child=-2 2 -4
leaf_value=0 0 -7.4516375445570264e-09 0
leaf_weight=4796 9050 11473 113
leaf_count=4796 9050 11473 113
internal_value=0 -5.93089e-10 -5.24326e-09
internal_weight=25432 16382 11586
internal_count=25432 16382 11586
is_linear=0
shrinkage=0.000132856


Tree=434
num_leaves=4
num_cat=0
split_feature=14 5 5
split_gain=3.25751e-07 1.77165e-05 1.80475e-05
threshold=0.0046431645099150884 -0.0021725220760916981 0.01611157229307492
decision_type=2 2 2
left_child=1 -1 -3
right_child=-2 2 -4
leaf_value=0 0 -7.4506477468198274e-09 0
leaf_weight=4796 9050 11473 113
leaf_count=4796 9050 11473 113
internal_value=0 -5.92396e-10 -5.24228e-09
internal_weight=25432 16382 11586
internal_count=25432 16382 11586
is_linear=0
shrinkage=0.000132856


Tree=435
num_leaves=4
num_cat=0
split_feature=14 5 5
split_gain=3.24989e-07 1.77106e-05 1.80446e-05
threshold=0.0046431645099150884 -0.0021725220760916981 0.01611157229307492
decision_type=2 2 2
left_child=1 -1 -3
right_child=-2 2 -4
leaf_value=0 0 -7.4496580757521135e-09 0
leaf_weight=4796 9050 11473 113
leaf_count=4796 9050 11473 113
internal_value=0 -5.91703e-10 -5.2413e-09
internal_weight=25432 16382 11586
internal_count=25432 16382 11586
is_linear=0
shrinkage=0.000132856


Tree=436
num_leaves=4
num_cat=0
split_feature=14 5 5
split_gain=3.24229e-07 1.77046e-05 1.80418e-05
threshold=0.0046431645099150884 -0.0021725220760916981 0.01611157229307492
decision_type=2 2 2
left_child=1 -1 -3
right_child=-2 2 -4
leaf_value=0 0 -7.4486684902513568e-09 0
leaf_weight=4796 9050 11473 113
leaf_count=4796 9050 11473 113
internal_value=0 -5.9101e-10 -5.24032e-09
internal_weight=25432 16382 11586
internal_count=25432 16382 11586
is_linear=0
shrinkage=0.000132856


Tree=437
num_leaves=4
num_cat=0
split_feature=14 5 5
split_gain=3.23469e-07 1.76986e-05 1.8039e-05
threshold=0.0046431645099150884 -0.0021725220760916981 0.01611157229307492
decision_type=2 2 2
left_child=1 -1 -3
right_child=-2 2 -4
leaf_value=0 0 -7.4476791594225014e-09 0
leaf_weight=4796 9050 11473 113
leaf_count=4796 9050 11473 113
internal_value=0 -5.90317e-10 -5.23934e-09
internal_weight=25432 16382 11586
internal_count=25432 16382 11586
is_linear=0
shrinkage=0.000132856


Tree=438
num_leaves=4
num_cat=0
split_feature=14 5 5
split_gain=3.2271e-07 1.76926e-05 1.80361e-05
threshold=0.0046431645099150884 -0.0021725220760916981 0.01611157229307492
decision_type=2 2 2
left_child=1 -1 -3
right_child=-2 2 -4
leaf_value=0 0 -7.4466899083482807e-09 0
leaf_weight=4796 9050 11473 113
leaf_count=4796 9050 11473 113
internal_value=0 -5.89624e-10 -5.23836e-09
internal_weight=25432 16382 11586
internal_count=25432 16382 11586
is_linear=0
shrinkage=0.000132856


Tree=439
num_leaves=4
num_cat=0
split_feature=14 5 5
split_gain=3.21952e-07 1.76866e-05 1.80333e-05
threshold=0.0046431645099150884 -0.0021725220760916981 0.01611157229307492
decision_type=2 2 2
left_child=1 -1 -3
right_child=-2 2 -4
leaf_value=0 0 -7.4457007850504143e-09 0
leaf_weight=4796 9050 11473 113
leaf_count=4796 9050 11473 113
internal_value=0 -5.88931e-10 -5.23738e-09
internal_weight=25432 16382 11586
internal_count=25432 16382 11586
is_linear=0
shrinkage=0.000132856


Tree=440
num_leaves=7
num_cat=0
split_feature=5 5 4 4 6 12
split_gain=7.65938e-05 9.4789e-05 9.82042e-05 9.97157e-05 5.52299e-05 2.56843e-05
threshold=0.0060817964016657297 -0.0025697584393127855 692.74441500000012 8399.9853000000021 0.026314561477596924 0.002562832507364369
decision_type=2 2 2 2 2 2
left_child=1 -1 -3 4 5 -4
right_child=-2 2 3 -5 -6 -7
leaf_value=0 0 0 0 0 0 -2.8399510748510041e-08
leaf_weight=5949 2507 4880 801 1226 107 10100
leaf_count=5949 2507 4880 801 1226 107 10100
internal_value=-2.804e-09 -8.20553e-09 -1.37289e-08 -2.01324e-08 -2.47043e-08 -2.6565e-08
internal_weight=25570 23063 17114 12234 11008 10901
internal_count=25570 23063 17114 12234 11008 10901
is_linear=0
shrinkage=0.000132856


Tree=441
num_leaves=7
num_cat=0
split_feature=5 5 4 4 6 12
split_gain=7.65704e-05 9.47651e-05 9.81766e-05 9.96959e-05 5.52219e-05 2.56764e-05
threshold=0.0060817964016657297 -0.0025697584393127855 692.74441500000012 8399.9853000000021 0.026314561477596924 0.002562832507364369
decision_type=2 2 2 2 2 2
left_child=1 -1 -3 4 5 -4
right_child=-2 2 3 -5 -6 -7
leaf_value=0 0 0 0 0 0 -2.8395737993423558e-08
leaf_weight=5949 2507 4880 801 1226 107 10100
leaf_count=5949 2507 4880 801 1226 107 10100
internal_value=-2.80251e-09 -8.20388e-09 -1.37266e-08 -2.01293e-08 -2.47008e-08 -2.65615e-08
internal_weight=25570 23063 17114 12234 11008 10901
internal_count=25570 23063 17114 12234 11008 10901
is_linear=0
shrinkage=0.000132856


Tree=442
num_leaves=7
num_cat=0
split_feature=5 5 4 4 6 12
split_gain=7.65471e-05 9.47413e-05 9.81489e-05 9.96762e-05 5.52139e-05 2.56685e-05
threshold=0.0060817964016657297 -0.0025697584393127855 692.74441500000012 8399.9853000000021 0.026314561477596924 0.002562832507364369
decision_type=2 2 2 2 2 2
left_child=1 -1 -3 4 5 -4
right_child=-2 2 3 -5 -6 -7
leaf_value=0 0 0 0 0 0 -2.8391966631512822e-08
leaf_weight=5949 2507 4880 801 1226 107 10100
leaf_count=5949 2507 4880 801 1226 107 10100
internal_value=-2.80102e-09 -8.20223e-09 -1.37244e-08 -2.01261e-08 -2.46974e-08 -2.6558e-08
internal_weight=25570 23063 17114 12234 11008 10901
internal_count=25570 23063 17114 12234 11008 10901
is_linear=0
shrinkage=0.000132856


Tree=443
num_leaves=7
num_cat=0
split_feature=5 5 4 4 6 12
split_gain=7.65238e-05 9.47174e-05 9.81213e-05 9.96565e-05 5.52058e-05 2.56606e-05
threshold=0.0060817964016657297 -0.0025697584393127855 692.74441500000012 8399.9853000000021 0.026314561477596924 0.002562832507364369
decision_type=2 2 2 2 2 2
left_child=1 -1 -3 4 5 -4
right_child=-2 2 3 -5 -6 -7
leaf_value=0 0 0 0 0 0 -2.8388194988342089e-08
leaf_weight=5949 2507 4880 801 1226 107 10100
leaf_count=5949 2507 4880 801 1226 107 10100
internal_value=-2.79953e-09 -8.20057e-09 -1.37222e-08 -2.0123e-08 -2.46939e-08 -2.65545e-08
internal_weight=25570 23063 17114 12234 11008 10901
internal_count=25570 23063 17114 12234 11008 10901
is_linear=0
shrinkage=0.000132856


Tree=444
num_leaves=7
num_cat=0
split_feature=5 5 4 4 6 12
split_gain=7.65005e-05 9.46936e-05 9.80937e-05 9.96367e-05 5.51978e-05 2.56527e-05
threshold=0.0060817964016657297 -0.0025697584393127855 692.74441500000012 8399.9853000000021 0.026314561477596924 0.002562832507364369
decision_type=2 2 2 2 2 2
left_child=1 -1 -3 4 5 -4
right_child=-2 2 3 -5 -6 -7
leaf_value=0 0 0 0 0 0 -2.8384424711820582e-08
leaf_weight=5949 2507 4880 801 1226 107 10100
leaf_count=5949 2507 4880 801 1226 107 10100
internal_value=-2.79804e-09 -8.19892e-09 -1.372e-08 -2.01199e-08 -2.46904e-08 -2.65511e-08
internal_weight=25570 23063 17114 12234 11008 10901
internal_count=25570 23063 17114 12234 11008 10901
is_linear=0
shrinkage=0.000132856


Tree=445
num_leaves=7
num_cat=0
split_feature=5 5 4 4 6 12
split_gain=7.64772e-05 9.46698e-05 9.8066e-05 9.9617e-05 5.51898e-05 2.56448e-05
threshold=0.0060817964016657297 -0.0025697584393127855 692.74441500000012 8399.9853000000021 0.026314561477596924 0.002562832507364369
decision_type=2 2 2 2 2 2
left_child=1 -1 -3 4 5 -4
right_child=-2 2 3 -5 -6 -7
leaf_value=0 0 0 0 0 0 -2.8380654428675672e-08
leaf_weight=5949 2507 4880 801 1226 107 10100
leaf_count=5949 2507 4880 801 1226 107 10100
internal_value=-2.79655e-09 -8.19727e-09 -1.37177e-08 -2.01168e-08 -2.4687e-08 -2.65476e-08
internal_weight=25570 23063 17114 12234 11008 10901
internal_count=25570 23063 17114 12234 11008 10901
is_linear=0
shrinkage=0.000132856


Tree=446
num_leaves=7
num_cat=0
split_feature=5 5 4 4 6 12
split_gain=7.64539e-05 9.4646e-05 9.80384e-05 9.95973e-05 5.51817e-05 2.56368e-05
threshold=0.0060817964016657297 -0.0025697584393127855 692.74441500000012 8399.9853000000021 0.026314561477596924 0.002562832507364369
decision_type=2 2 2 2 2 2
left_child=1 -1 -3 4 5 -4
right_child=-2 2 3 -5 -6 -7
leaf_value=0 0 0 0 0 0 -2.8376884688141652e-08
leaf_weight=5949 2507 4880 801 1226 107 10100
leaf_count=5949 2507 4880 801 1226 107 10100
internal_value=-2.79506e-09 -8.19562e-09 -1.37155e-08 -2.01137e-08 -2.46835e-08 -2.65441e-08
internal_weight=25570 23063 17114 12234 11008 10901
internal_count=25570 23063 17114 12234 11008 10901
is_linear=0
shrinkage=0.000132856


Tree=447
num_leaves=7
num_cat=0
split_feature=5 5 4 4 6 12
split_gain=7.64306e-05 9.46222e-05 9.80108e-05 9.95776e-05 5.51737e-05 2.56289e-05
threshold=0.0060817964016657297 -0.0025697584393127855 692.74441500000012 8399.9853000000021 0.026314561477596924 0.002562832507364369
decision_type=2 2 2 2 2 2
left_child=1 -1 -3 4 5 -4
right_child=-2 2 3 -5 -6 -7
leaf_value=0 0 0 0 0 0 -2.8373115246930233e-08
leaf_weight=5949 2507 4880 801 1226 107 10100
leaf_count=5949 2507 4880 801 1226 107 10100
internal_value=-2.79357e-09 -8.19397e-09 -1.37133e-08 -2.01106e-08 -2.46801e-08 -2.65406e-08
internal_weight=25570 23063 17114 12234 11008 10901
internal_count=25570 23063 17114 12234 11008 10901
is_linear=0
shrinkage=0.000132856


Tree=448
num_leaves=5
num_cat=0
split_feature=1 13 6 5
split_gain=1.30666e-05 5.3339e-05 7.72548e-05 7.69266e-07
threshold=58045.715000000004 0.0053034289861993546 0.022911189001646463 -0.00062080298109529186
decision_type=2 2 2 2
left_child=1 -1 -3 -2
right_child=3 2 -4 -5
leaf_value=0 0 1.8739004306359827e-08 0 -1.5702042771001693e-09
leaf_weight=8428 3977 7219 520 5505
leaf_count=8428 3977 7219 520 5505
internal_value=0 3.77675e-09 1.2305e-08 0
internal_weight=25649 16167 7739 9482
internal_count=25649 16167 7739 9482
is_linear=0
shrinkage=0.000132856


Tree=449
num_leaves=5
num_cat=0
split_feature=1 13 6 5
split_gain=1.30589e-05 5.33216e-05 7.72417e-05 7.69063e-07
threshold=58045.715000000004 0.0053034289861993546 0.022911189001646463 -0.00062080298109529186
decision_type=2 2 2 2
left_child=1 -1 -3 -2
right_child=3 2 -4 -5
leaf_value=0 0 1.8736516032488424e-08 0 -1.5699962011538166e-09
leaf_weight=8428 3977 7219 520 5505
leaf_count=8428 3977 7219 520 5505
internal_value=0 3.77564e-09 1.23027e-08 0
internal_weight=25649 16167 7739 9482
internal_count=25649 16167 7739 9482
is_linear=0
shrinkage=0.000132856


Tree=450
num_leaves=5
num_cat=0
split_feature=1 13 6 5
split_gain=1.30512e-05 5.33043e-05 7.72286e-05 7.68858e-07
threshold=58045.715000000004 0.0053034289861993546 0.022911189001646463 -0.00062080298109529186
decision_type=2 2 2 2
left_child=1 -1 -3 -2
right_child=3 2 -4 -5
leaf_value=0 0 1.8734027775797681e-08 0 -1.569787478311969e-09
leaf_weight=8428 3977 7219 520 5505
leaf_count=8428 3977 7219 520 5505
internal_value=0 3.77453e-09 1.23003e-08 0
internal_weight=25649 16167 7739 9482
internal_count=25649 16167 7739 9482
is_linear=0
shrinkage=0.000132856


Tree=451
num_leaves=5
num_cat=0
split_feature=1 13 6 5
split_gain=1.30435e-05 5.32869e-05 7.72155e-05 7.68654e-07
threshold=58045.715000000004 0.0053034289861993546 0.022911189001646463 -0.00062080298109529186
decision_type=2 2 2 2
left_child=1 -1 -3 -2
right_child=3 2 -4 -5
leaf_value=0 0 1.8731539439562203e-08 0 -1.5695791179118362e-09
leaf_weight=8428 3977 7219 520 5505
leaf_count=8428 3977 7219 520 5505
internal_value=0 3.77342e-09 1.2298e-08 0
internal_weight=25649 16167 7739 9482
internal_count=25649 16167 7739 9482
is_linear=0
shrinkage=0.000132856


Tree=452
num_leaves=5
num_cat=0
split_feature=1 13 6 5
split_gain=1.30358e-05 5.32696e-05 7.72024e-05 7.6845e-07
threshold=58045.715000000004 0.0053034289861993546 0.022911189001646463 -0.00062080298109529186
decision_type=2 2 2 2
left_child=1 -1 -3 -2
right_child=3 2 -4 -5
leaf_value=0 0 1.8729050928068945e-08 0 -1.5693712720472898e-09
leaf_weight=8428 3977 7219 520 5505
leaf_count=8428 3977 7219 520 5505
internal_value=0 3.7723e-09 1.22957e-08 0
internal_weight=25649 16167 7739 9482
internal_count=25649 16167 7739 9482
is_linear=0
shrinkage=0.000132856


Tree=453
num_leaves=5
num_cat=0
split_feature=1 13 6 5
split_gain=1.30281e-05 5.32522e-05 7.71893e-05 7.68246e-07
threshold=58045.715000000004 0.0053034289861993546 0.022911189001646463 -0.00062080298109529186
decision_type=2 2 2 2
left_child=1 -1 -3 -2
right_child=3 2 -4 -5
leaf_value=0 0 1.8726563593068041e-08 0 -1.5691623346769981e-09
leaf_weight=8428 3977 7219 520 5505
leaf_count=8428 3977 7219 520 5505
internal_value=0 3.77119e-09 1.22934e-08 0
internal_weight=25649 16167 7739 9482
internal_count=25649 16167 7739 9482
is_linear=0
shrinkage=0.000132856


Tree=454
num_leaves=5
num_cat=0
split_feature=1 13 6 5
split_gain=1.30205e-05 5.32349e-05 7.71762e-05 7.68042e-07
threshold=58045.715000000004 0.0053034289861993546 0.022911189001646463 -0.00062080298109529186
decision_type=2 2 2 2
left_child=1 -1 -3 -2
right_child=3 2 -4 -5
leaf_value=0 0 1.8724077038592791e-08 0 -1.5689538526458898e-09
leaf_weight=8428 3977 7219 520 5505
leaf_count=8428 3977 7219 520 5505
internal_value=0 3.77008e-09 1.2291e-08 0
internal_weight=25649 16167 7739 9482
internal_count=25649 16167 7739 9482
is_linear=0
shrinkage=0.000132856


Tree=455
num_leaves=5
num_cat=0
split_feature=1 13 6 5
split_gain=1.30128e-05 5.32175e-05 7.71632e-05 7.67838e-07
threshold=58045.715000000004 0.0053034289861993546 0.022911189001646463 -0.00062080298109529186
decision_type=2 2 2 2
left_child=1 -1 -3 -2
right_child=3 2 -4 -5
leaf_value=0 0 1.8721589697844083e-08 0 -1.5687457137810648e-09
leaf_weight=8428 3977 7219 520 5505
leaf_count=8428 3977 7219 520 5505
internal_value=0 3.76897e-09 1.22887e-08 0
internal_weight=25649 16167 7739 9482
internal_count=25649 16167 7739 9482
is_linear=0
shrinkage=0.000132856


Tree=456
num_leaves=3
num_cat=0
split_feature=5 5
split_gain=4.76971e-06 1.39532e-05
threshold=-0.0025697584393127855 0.0060817964016657297
decision_type=2 2
left_child=-1 -2
right_child=1 -3
leaf_value=3.7267834930596549e-09 -3.8049598839433817e-09 0
leaf_weight=6021 17046 2492
leaf_count=6021 17046 2492
internal_value=0 -1.65295e-10
internal_weight=25559 19538
internal_count=25559 19538
is_linear=0
shrinkage=0.000132856


Tree=457
num_leaves=3
num_cat=0
split_feature=5 5
split_gain=4.76829e-06 1.39497e-05
threshold=-0.0025697584393127855 0.0060817964016657297
decision_type=2 2
left_child=-1 -2
right_child=1 -3
leaf_value=3.7262882710034614e-09 -3.8044545017464891e-09 0
leaf_weight=6021 17046 2492
leaf_count=6021 17046 2492
internal_value=0 -1.64854e-10
internal_weight=25559 19538
internal_count=25559 19538
is_linear=0
shrinkage=0.000132856


Tree=458
num_leaves=3
num_cat=0
split_feature=5 5
split_gain=4.76688e-06 1.39461e-05
threshold=-0.0025697584393127855 0.0060817964016657297
decision_type=2 2
left_child=-1 -2
right_child=1 -3
leaf_value=3.7257936463459976e-09 -3.803949112367423e-09 0
leaf_weight=6021 17046 2492
leaf_count=6021 17046 2492
internal_value=0 -1.64413e-10
internal_weight=25559 19538
internal_count=25559 19538
is_linear=0
shrinkage=0.000132856


Tree=459
num_leaves=3
num_cat=0
split_feature=5 5
split_gain=4.76546e-06 1.39426e-05
threshold=-0.0025697584393127855 0.0060817964016657297
decision_type=2 2
left_child=-1 -2
right_child=1 -3
leaf_value=3.725298593125222e-09 -3.8034438049549097e-09 0
leaf_weight=6021 17046 2492
leaf_count=6021 17046 2492
internal_value=0 -1.63972e-10
internal_weight=25559 19538
internal_count=25559 19538
is_linear=0
shrinkage=0.000132856


Tree=460
num_leaves=3
num_cat=0
split_feature=5 5
split_gain=4.76404e-06 1.3939e-05
threshold=-0.0025697584393127855 0.0060817964016657297
decision_type=2 2
left_child=-1 -2
right_child=1 -3
leaf_value=3.7248040889505663e-09 -3.8029385481241194e-09 0
leaf_weight=6021 17046 2492
leaf_count=6021 17046 2492
internal_value=0 -1.63531e-10
internal_weight=25559 19538
internal_count=25559 19538
is_linear=0
shrinkage=0.000132856


Tree=461
num_leaves=3
num_cat=0
split_feature=5 5
split_gain=4.76262e-06 1.39355e-05
threshold=-0.0025697584393127855 0.0060817964016657297
decision_type=2 2
left_child=-1 -2
right_child=1 -3
leaf_value=3.7243091412318661e-09 -3.8024333726104443e-09 0
leaf_weight=6021 17046 2492
leaf_count=6021 17046 2492
internal_value=0 -1.6309e-10
internal_weight=25559 19538
internal_count=25559 19538
is_linear=0
shrinkage=0.000132856


Tree=462
num_leaves=3
num_cat=0
split_feature=5 5
split_gain=4.76121e-06 1.39319e-05
threshold=-0.0025697584393127855 0.0060817964016657297
decision_type=2 2
left_child=-1 -2
right_child=1 -3
leaf_value=3.7238147607999704e-09 -3.8019281154699005e-09 0
leaf_weight=6021 17046 2492
leaf_count=6021 17046 2492
internal_value=0 -1.62649e-10
internal_weight=25559 19538
internal_count=25559 19538
is_linear=0
shrinkage=0.000132856


Tree=463
num_leaves=3
num_cat=0
split_feature=5 5
split_gain=4.75979e-06 1.39284e-05
threshold=-0.0025697584393127855 0.0060817964016657297
decision_type=2 2
left_child=-1 -2
right_child=1 -3
leaf_value=3.7233199894496855e-09 -3.8014230372592146e-09 0
leaf_weight=6021 17046 2492
leaf_count=6021 17046 2492
internal_value=0 -1.62209e-10
internal_weight=25559 19538
internal_count=25559 19538
is_linear=0
shrinkage=0.000132856


Tree=464
num_leaves=3
num_cat=0
split_feature=4 4
split_gain=2.19538e-06 1.03484e-05
threshold=5278.2349875000009 1420.8761545000004
decision_type=2 2
left_child=1 -1
right_child=-2 -3
leaf_value=0 3.0338018778031519e-09 -4.3989709311273235e-09
leaf_weight=12078 4208 9437
leaf_count=12078 4208 9437
internal_value=0 0
internal_weight=25723 21515
internal_count=25723 21515
is_linear=0
shrinkage=0.000132856


Tree=465
num_leaves=3
num_cat=0
split_feature=4 4
split_gain=2.1948e-06 1.03456e-05
threshold=5278.2349875000009 1420.8761545000004
decision_type=2 2
left_child=1 -1
right_child=-2 -3
leaf_value=0 3.0333984659086571e-09 -4.3983868256110635e-09
leaf_weight=12078 4208 9437
leaf_count=12078 4208 9437
internal_value=0 0
internal_weight=25723 21515
internal_count=25723 21515
is_linear=0
shrinkage=0.000132856


Tree=466
num_leaves=3
num_cat=0
split_feature=4 4
split_gain=2.19421e-06 1.03429e-05
threshold=5278.2349875000009 1420.8761545000004
decision_type=2 2
left_child=1 -1
right_child=-2 -3
leaf_value=0 3.0329966885446813e-09 -4.3978025348743604e-09
leaf_weight=12078 4208 9437
leaf_count=12078 4208 9437
internal_value=0 0
internal_weight=25723 21515
internal_count=25723 21515
is_linear=0
shrinkage=0.000132856


Tree=467
num_leaves=3
num_cat=0
split_feature=4 4
split_gain=2.19363e-06 1.03401e-05
threshold=5278.2349875000009 1420.8761545000004
decision_type=2 2
left_child=1 -1
right_child=-2 -3
leaf_value=0 3.0325938343370069e-09 -4.3972185368116397e-09
leaf_weight=12078 4208 9437
leaf_count=12078 4208 9437
internal_value=0 0
internal_weight=25723 21515
internal_count=25723 21515
is_linear=0
shrinkage=0.000132856


Tree=468
num_leaves=3
num_cat=0
split_feature=4 4
split_gain=2.19305e-06 1.03374e-05
threshold=5278.2349875000009 1420.8761545000004
decision_type=2 2
left_child=1 -1
right_child=-2 -3
leaf_value=0 3.0321907046294886e-09 -4.3966346271231652e-09
leaf_weight=12078 4208 9437
leaf_count=12078 4208 9437
internal_value=0 0
internal_weight=25723 21515
internal_count=25723 21515
is_linear=0
shrinkage=0.000132856


Tree=469
num_leaves=3
num_cat=0
split_feature=4 4
split_gain=2.19247e-06 1.03347e-05
threshold=5278.2349875000009 1420.8761545000004
decision_type=2 2
left_child=1 -1
right_child=-2 -3
leaf_value=0 3.0317890156834772e-09 -4.3960504869798319e-09
leaf_weight=12078 4208 9437
leaf_count=12078 4208 9437
internal_value=0 0
internal_weight=25723 21515
internal_count=25723 21515
is_linear=0
shrinkage=0.000132856


Tree=470
num_leaves=3
num_cat=0
split_feature=4 4
split_gain=2.19188e-06 1.03319e-05
threshold=5278.2349875000009 1420.8761545000004
decision_type=2 2
left_child=1 -1
right_child=-2 -3
leaf_value=0 3.0313849508320389e-09 -4.3954671836211851e-09
leaf_weight=12078 4208 9437
leaf_count=12078 4208 9437
internal_value=0 0
internal_weight=25723 21515
internal_count=25723 21515
is_linear=0
shrinkage=0.000132856


Tree=471
num_leaves=3
num_cat=0
split_feature=4 4
split_gain=2.1913e-06 1.03292e-05
threshold=5278.2349875000009 1420.8761545000004
decision_type=2 2
left_child=1 -1
right_child=-2 -3
leaf_value=0 3.0309831412521531e-09 -4.3948827730762452e-09
leaf_weight=12078 4208 9437
leaf_count=12078 4208 9437
internal_value=0 0
internal_weight=25723 21515
internal_count=25723 21515
is_linear=0
shrinkage=0.000132856


Tree=472
num_leaves=7
num_cat=0
split_feature=5 13 5 13 13 5
split_gain=2.0834e-05 7.11708e-05 4.83422e-05 1.65572e-05 1.62555e-05 6.37388e-07
threshold=-0.0022223398294529124 0.0044633520127512838 0.0054441873383550563 0.013934553129739295 0.0012219171068473557 -0.0021725220760916981
decision_type=2 2 2 2 2 2
left_child=1 -1 3 4 -2 -6
right_child=2 -3 -4 -5 5 -7
leaf_value=0 0 1.8686766922624161e-08 0 0 0 -9.8099131895634923e-09
leaf_weight=2106 498 4548 2937 156 114 15364
leaf_count=2106 498 4548 2937 156 114 15364
internal_value=0 7.06965e-09 -1.35589e-09 -7.42019e-09 -8.59577e-09 -9.73647e-09
internal_weight=25723 6654 19069 16132 15976 15478
internal_count=25723 6654 19069 16132 15976 15478
is_linear=0
shrinkage=0.000132856


Tree=473
num_leaves=7
num_cat=0
split_feature=5 13 5 13 13 5
split_gain=2.08219e-05 7.1156e-05 4.83284e-05 1.65545e-05 1.62529e-05 6.37221e-07
threshold=-0.0022223398294529124 0.0044633520127512838 0.0054441873383550563 0.013934553129739295 0.0012219171068473557 -0.0021725220760916981
decision_type=2 2 2 2 2 2
left_child=1 -1 3 4 -2 -6
right_child=2 -3 -4 -5 5 -7
leaf_value=0 0 1.8684285485210686e-08 0 0 0 -9.8086102172056415e-09
leaf_weight=2106 498 4548 2937 156 114 15364
leaf_count=2106 498 4548 2937 156 114 15364
internal_value=0 7.06795e-09 -1.35484e-09 -7.41895e-09 -8.59452e-09 -9.73518e-09
internal_weight=25723 6654 19069 16132 15976 15478
internal_count=25723 6654 19069 16132 15976 15478
is_linear=0
shrinkage=0.000132856


Tree=474
num_leaves=7
num_cat=0
split_feature=5 13 5 13 13 5
split_gain=2.08098e-05 7.11411e-05 4.83146e-05 1.65519e-05 1.62503e-05 6.37055e-07
threshold=-0.0022223398294529124 0.0044633520127512838 0.0054441873383550563 0.013934553129739295 0.0012219171068473557 -0.0021725220760916981
decision_type=2 2 2 2 2 2
left_child=1 -1 3 4 -2 -6
right_child=2 -3 -4 -5 5 -7
leaf_value=0 0 1.8681804241865426e-08 0 0 0 -9.8073069518643137e-09
leaf_weight=2106 498 4548 2937 156 114 15364
leaf_count=2106 498 4548 2937 156 114 15364
internal_value=0 7.06625e-09 -1.35379e-09 -7.41771e-09 -8.59326e-09 -9.73389e-09
internal_weight=25723 6654 19069 16132 15976 15478
internal_count=25723 6654 19069 16132 15976 15478
is_linear=0
shrinkage=0.000132856


Tree=475
num_leaves=7
num_cat=0
split_feature=5 13 5 13 13 5
split_gain=2.07977e-05 7.11263e-05 4.83009e-05 1.65492e-05 1.62477e-05 6.36888e-07
threshold=-0.0022223398294529124 0.0044633520127512838 0.0054441873383550563 0.013934553129739295 0.0012219171068473557 -0.0021725220760916981
decision_type=2 2 2 2 2 2
left_child=1 -1 3 4 -2 -6
right_child=2 -3 -4 -5 5 -7
leaf_value=0 0 1.8679323868109369e-08 0 0 0 -9.8060042596910172e-09
leaf_weight=2106 498 4548 2937 156 114 15364
leaf_count=2106 498 4548 2937 156 114 15364
internal_value=0 7.06456e-09 -1.35274e-09 -7.41647e-09 -8.59201e-09 -9.73259e-09
internal_weight=25723 6654 19069 16132 15976 15478
internal_count=25723 6654 19069 16132 15976 15478
is_linear=0
shrinkage=0.000132856


Tree=476
num_leaves=7
num_cat=0
split_feature=5 13 5 13 13 5
split_gain=2.07856e-05 7.11114e-05 4.82871e-05 1.65465e-05 1.62451e-05 6.36722e-07
threshold=-0.0022223398294529124 0.0044633520127512838 0.0054441873383550563 0.013934553129739295 0.0012219171068473557 -0.0021725220760916981
decision_type=2 2 2 2 2 2
left_child=1 -1 3 4 -2 -6
right_child=2 -3 -4 -5 5 -7
leaf_value=0 0 1.867684325399871e-08 0 0 0 -9.8047018121563026e-09
leaf_weight=2106 498 4548 2937 156 114 15364
leaf_count=2106 498 4548 2937 156 114 15364
internal_value=0 7.06286e-09 -1.35169e-09 -7.41523e-09 -8.59076e-09 -9.7313e-09
internal_weight=25723 6654 19069 16132 15976 15478
internal_count=25723 6654 19069 16132 15976 15478
is_linear=0
shrinkage=0.000132856


Tree=477
num_leaves=7
num_cat=0
split_feature=5 13 5 13 13 5
split_gain=2.07735e-05 7.10966e-05 4.82734e-05 1.65439e-05 1.62425e-05 6.36555e-07
threshold=-0.0022223398294529124 0.0044633520127512838 0.0054441873383550563 0.013934553129739295 0.0012219171068473557 -0.0021725220760916981
decision_type=2 2 2 2 2 2
left_child=1 -1 3 4 -2 -6
right_child=2 -3 -4 -5 5 -7
leaf_value=0 0 1.8674363141894839e-08 0 0 0 -9.8033995586771719e-09
leaf_weight=2106 498 4548 2937 156 114 15364
leaf_count=2106 498 4548 2937 156 114 15364
internal_value=0 7.06117e-09 -1.35065e-09 -7.41399e-09 -8.5895e-09 -9.73001e-09
internal_weight=25723 6654 19069 16132 15976 15478
internal_count=25723 6654 19069 16132 15976 15478
is_linear=0
shrinkage=0.000132856


Tree=478
num_leaves=7
num_cat=0
split_feature=5 13 5 13 13 5
split_gain=2.07614e-05 7.10817e-05 4.82596e-05 1.65412e-05 1.62399e-05 6.36389e-07
threshold=-0.0022223398294529124 0.0044633520127512838 0.0054441873383550563 0.013934553129739295 0.0012219171068473557 -0.0021725220760916981
decision_type=2 2 2 2 2 2
left_child=1 -1 3 4 -2 -6
right_child=2 -3 -4 -5 5 -7
leaf_value=0 0 1.8671882434945849e-08 0 0 0 -9.8020972003283e-09
leaf_weight=2106 498 4548 2937 156 114 15364
leaf_count=2106 498 4548 2937 156 114 15364
internal_value=0 7.05947e-09 -1.3496e-09 -7.41275e-09 -8.58825e-09 -9.72872e-09
internal_weight=25723 6654 19069 16132 15976 15478
internal_count=25723 6654 19069 16132 15976 15478
is_linear=0
shrinkage=0.000132856


Tree=479
num_leaves=7
num_cat=0
split_feature=5 13 5 13 13 5
split_gain=2.07493e-05 7.10669e-05 4.82459e-05 1.65386e-05 1.62373e-05 6.36223e-07
threshold=-0.0022223398294529124 0.0044633520127512838 0.0054441873383550563 0.013934553129739295 0.0012219171068473557 -0.0021725220760916981
decision_type=2 2 2 2 2 2
left_child=1 -1 3 4 -2 -6
right_child=2 -3 -4 -5 5 -7
leaf_value=0 0 1.8669403423517886e-08 0 0 0 -9.800795156265092e-09
leaf_weight=2106 498 4548 2937 156 114 15364
leaf_count=2106 498 4548 2937 156 114 15364
internal_value=0 7.05778e-09 -1.34855e-09 -7.41151e-09 -8.587e-09 -9.72742e-09
internal_weight=25723 6654 19069 16132 15976 15478
internal_count=25723 6654 19069 16132 15976 15478
is_linear=0
shrinkage=0.000132856


Tree=480
num_leaves=4
num_cat=0
split_feature=5 5 5
split_gain=1.67286e-05 4.23464e-05 9.51526e-06
threshold=-0.0025697584393127855 0.011679406640418223 -0.00065673378864677934
decision_type=2 2 2
left_child=-1 2 -2
right_child=1 -3 -4
leaf_value=5.470512039503527e-09 0 0 -8.5603669693989691e-09
leaf_weight=5926 4578 770 14098
leaf_count=5926 4578 770 14098
internal_value=0 -2.46178e-09 -6.80641e-09
internal_weight=25372 19446 18676
internal_count=25372 19446 18676
is_linear=0
shrinkage=0.000132856


Tree=481
num_leaves=4
num_cat=0
split_feature=5 5 5
split_gain=1.67214e-05 4.23385e-05 9.51207e-06
threshold=-0.0025697584393127855 0.011679406640418223 -0.00065673378864677934
decision_type=2 2 2
left_child=-1 2 -2
right_child=1 -3 -4
leaf_value=5.4697853945833076e-09 0 0 -8.5592295874265911e-09
leaf_weight=5926 4578 770 14098
leaf_count=5926 4578 770 14098
internal_value=0 -2.46095e-09 -6.80555e-09
internal_weight=25372 19446 18676
internal_count=25372 19446 18676
is_linear=0
shrinkage=0.000132856


Tree=482
num_leaves=4
num_cat=0
split_feature=5 5 5
split_gain=1.67143e-05 4.23306e-05 9.50889e-06
threshold=-0.0025697584393127855 0.011679406640418223 -0.00065673378864677934
decision_type=2 2 2
left_child=-1 2 -2
right_child=1 -3 -4
leaf_value=5.4690591997952752e-09 0 0 -8.5580929410551868e-09
leaf_weight=5926 4578 770 14098
leaf_count=5926 4578 770 14098
internal_value=0 -2.46013e-09 -6.80469e-09
internal_weight=25372 19446 18676
internal_count=25372 19446 18676
is_linear=0
shrinkage=0.000132856


Tree=483
num_leaves=4
num_cat=0
split_feature=5 5 5
split_gain=1.67072e-05 4.23227e-05 9.5057e-06
threshold=-0.0025697584393127855 0.011679406640418223 -0.00065673378864677934
decision_type=2 2 2
left_child=-1 2 -2
right_child=1 -3 -4
leaf_value=5.4683324027842269e-09 0 0 -8.5569558245800831e-09
leaf_weight=5926 4578 770 14098
leaf_count=5926 4578 770 14098
internal_value=0 -2.45931e-09 -6.80383e-09
internal_weight=25372 19446 18676
internal_count=25372 19446 18676
is_linear=0
shrinkage=0.000132856


Tree=484
num_leaves=4
num_cat=0
split_feature=5 5 5
split_gain=1.67e-05 4.23148e-05 9.50252e-06
threshold=-0.0025697584393127855 0.011679406640418223 -0.00065673378864677934
decision_type=2 2 2
left_child=-1 2 -2
right_child=1 -3 -4
leaf_value=5.4676063050179828e-09 0 0 -8.55581912221097e-09
leaf_weight=5926 4578 770 14098
leaf_count=5926 4578 770 14098
internal_value=0 -2.45848e-09 -6.80297e-09
internal_weight=25372 19446 18676
internal_count=25372 19446 18676
is_linear=0
shrinkage=0.000132856


Tree=485
num_leaves=4
num_cat=0
split_feature=5 5 5
split_gain=1.66929e-05 4.23069e-05 9.49934e-06
threshold=-0.0025697584393127855 0.011679406640418223 -0.00065673378864677934
decision_type=2 2 2
left_child=-1 2 -2
right_child=1 -3 -4
leaf_value=5.4668806893593333e-09 0 0 -8.5546829157291183e-09
leaf_weight=5926 4578 770 14098
leaf_count=5926 4578 770 14098
internal_value=0 -2.45766e-09 -6.80212e-09
internal_weight=25372 19446 18676
internal_count=25372 19446 18676
is_linear=0
shrinkage=0.000132856


Tree=486
num_leaves=4
num_cat=0
split_feature=5 5 5
split_gain=1.66858e-05 4.2299e-05 9.49616e-06
threshold=-0.0025697584393127855 0.011679406640418223 -0.00065673378864677934
decision_type=2 2 2
left_child=-1 2 -2
right_child=1 -3 -4
leaf_value=5.4661541316670028e-09 0 0 -8.5535463121304078e-09
leaf_weight=5926 4578 770 14098
leaf_count=5926 4578 770 14098
internal_value=0 -2.45683e-09 -6.80126e-09
internal_weight=25372 19446 18676
internal_count=25372 19446 18676
is_linear=0
shrinkage=0.000132856


Tree=487
num_leaves=4
num_cat=0
split_feature=5 5 5
split_gain=1.66787e-05 4.22911e-05 9.49298e-06
threshold=-0.0025697584393127855 0.011679406640418223 -0.00065673378864677934
decision_type=2 2 2
left_child=-1 2 -2
right_child=1 -3 -4
leaf_value=5.4654282172739801e-09 0 0 -8.5524102478311923e-09
leaf_weight=5926 4578 770 14098
leaf_count=5926 4578 770 14098
internal_value=0 -2.45601e-09 -6.8004e-09
internal_weight=25372 19446 18676
internal_count=25372 19446 18676
is_linear=0
shrinkage=0.000132856


Tree=488
num_leaves=9
num_cat=0
split_feature=15 5 5 7 13 11 6 6
split_gain=6.32538e-06 5.08428e-05 4.82757e-05 1.92396e-05 2.17801e-05 7.0102e-06 2.96251e-06 3.6666e-06
threshold=179.24474728290627 0.0060817964016657297 -0.021098226676371564 0.032857569465956867 0.0026455970176038198 15.13883709560721 -0.0023727891596347912 0.021509742768973997
decision_type=2 2 2 2 2 2 2 2
left_child=1 2 -1 4 -4 -6 -7 -8
right_child=-2 -3 3 -5 5 6 7 -9
leaf_value=0 0 0 0 0 0 0 -1.8935900091468321e-08 0
leaf_weight=162 6106 1662 3949 160 251 5275 7879 111
leaf_count=162 6106 1662 3949 160 251 5275 7879 111
internal_value=0 -2.39581e-09 -7.53149e-09 -1.02754e-08 -1.12247e-08 -1.38289e-08 -1.42892e-08 -1.85874e-08
internal_weight=25555 19449 17787 17625 17465 13516 13265 7990
internal_count=25555 19449 17787 17625 17465 13516 13265 7990
is_linear=0
shrinkage=0.000132856


Tree=489
num_leaves=9
num_cat=0
split_feature=15 5 5 7 13 11 6 6
split_gain=6.32e-06 5.08313e-05 4.82695e-05 1.92375e-05 2.17742e-05 7.00916e-06 2.95285e-06 3.66582e-06
threshold=179.24474728290627 0.0060817964016657297 -0.021098226676371564 0.032857569465956867 0.0026455970176038198 15.13883709560721 -0.0023727891596347912 0.021509742768973997
decision_type=2 2 2 2 2 2 2 2
left_child=1 2 -1 4 -4 -6 -7 -8
right_child=-2 -3 3 -5 5 6 7 -9
leaf_value=0 0 0 0 0 0 0 -1.8933385331874823e-08 0
leaf_weight=162 6106 1662 3949 160 251 5275 7879 111
leaf_count=162 6106 1662 3949 160 251 5275 7879 111
internal_value=0 -2.39479e-09 -7.53037e-09 -1.02743e-08 -1.12236e-08 -1.38274e-08 -1.42878e-08 -1.85849e-08
internal_weight=25555 19449 17787 17625 17465 13516 13265 7990
internal_count=25555 19449 17787 17625 17465 13516 13265 7990
is_linear=0
shrinkage=0.000132856


Tree=490
num_leaves=9
num_cat=0
split_feature=15 5 5 7 13 11 6 6
split_gain=6.31463e-06 5.08197e-05 4.82634e-05 1.92354e-05 2.17684e-05 7.00813e-06 2.9432e-06 3.66504e-06
threshold=179.24474728290627 0.0060817964016657297 -0.021098226676371564 0.032857569465956867 0.0026455970176038198 15.13883709560721 -0.0023727891596347912 0.021509742768973997
decision_type=2 2 2 2 2 2 2 2
left_child=1 2 -1 4 -4 -6 -7 -8
right_child=-2 -3 3 -5 5 6 7 -9
leaf_value=0 0 0 0 0 0 0 -1.8930870389783622e-08 0
leaf_weight=162 6106 1662 3949 160 251 5275 7879 111
leaf_count=162 6106 1662 3949 160 251 5275 7879 111
internal_value=0 -2.39377e-09 -7.52926e-09 -1.02732e-08 -1.12224e-08 -1.3826e-08 -1.42863e-08 -1.85824e-08
internal_weight=25555 19449 17787 17625 17465 13516 13265 7990
internal_count=25555 19449 17787 17625 17465 13516 13265 7990
is_linear=0
shrinkage=0.000132856


Tree=491
num_leaves=9
num_cat=0
split_feature=15 5 5 7 13 11 6 6
split_gain=6.30925e-06 5.08082e-05 4.82572e-05 1.92332e-05 2.17625e-05 7.0071e-06 2.93356e-06 3.66425e-06
threshold=179.24474728290627 0.0060817964016657297 -0.021098226676371564 0.032857569465956867 0.0026455970176038198 15.13883709560721 -0.0023727891596347912 0.021509742768973997
decision_type=2 2 2 2 2 2 2 2
left_child=1 2 -1 4 -4 -6 -7 -8
right_child=-2 -3 3 -5 5 6 7 -9
leaf_value=0 0 0 0 0 0 0 -1.8928356216545406e-08 0
leaf_weight=162 6106 1662 3949 160 251 5275 7879 111
leaf_count=162 6106 1662 3949 160 251 5275 7879 111
internal_value=0 -2.39275e-09 -7.52814e-09 -1.02721e-08 -1.12213e-08 -1.38245e-08 -1.42848e-08 -1.85799e-08
internal_weight=25555 19449 17787 17625 17465 13516 13265 7990
internal_count=25555 19449 17787 17625 17465 13516 13265 7990
is_linear=0
shrinkage=0.000132856


Tree=492
num_leaves=9
num_cat=0
split_feature=15 5 5 7 13 11 6 6
split_gain=6.30388e-06 5.07967e-05 4.82511e-05 1.92311e-05 2.17567e-05 7.00606e-06 2.92392e-06 3.66347e-06
threshold=179.24474728290627 0.0060817964016657297 -0.021098226676371564 0.032857569465956867 0.0026455970176038198 15.13883709560721 -0.0023727891596347912 0.021509742768973997
decision_type=2 2 2 2 2 2 2 2
left_child=1 2 -1 4 -4 -6 -7 -8
right_child=-2 -3 3 -5 5 6 7 -9
leaf_value=0 0 0 0 0 0 0 -1.8925841811397159e-08 0
leaf_weight=162 6106 1662 3949 160 251 5275 7879 111
leaf_count=162 6106 1662 3949 160 251 5275 7879 111
internal_value=0 -2.39173e-09 -7.52703e-09 -1.0271e-08 -1.12202e-08 -1.3823e-08 -1.42833e-08 -1.85775e-08
internal_weight=25555 19449 17787 17625 17465 13516 13265 7990
internal_count=25555 19449 17787 17625 17465 13516 13265 7990
is_linear=0
shrinkage=0.000132856


Tree=493
num_leaves=9
num_cat=0
split_feature=15 5 5 7 13 11 6 6
split_gain=6.29851e-06 5.07851e-05 4.82449e-05 1.9229e-05 2.17508e-05 7.00503e-06 2.91428e-06 3.66269e-06
threshold=179.24474728290627 0.0060817964016657297 -0.021098226676371564 0.032857569465956867 0.0026455970176038198 15.13883709560721 -0.0023727891596347912 0.021509742768973997
decision_type=2 2 2 2 2 2 2 2
left_child=1 2 -1 4 -4 -6 -7 -8
right_child=-2 -3 3 -5 5 6 7 -9
leaf_value=0 0 0 0 0 0 0 -1.892332805464222e-08 0
leaf_weight=162 6106 1662 3949 160 251 5275 7879 111
leaf_count=162 6106 1662 3949 160 251 5275 7879 111
internal_value=0 -2.39071e-09 -7.52592e-09 -1.02698e-08 -1.1219e-08 -1.38216e-08 -1.42818e-08 -1.8575e-08
internal_weight=25555 19449 17787 17625 17465 13516 13265 7990
internal_count=25555 19449 17787 17625 17465 13516 13265 7990
is_linear=0
shrinkage=0.000132856


Tree=494
num_leaves=9
num_cat=0
split_feature=15 5 5 7 13 11 6 6
split_gain=6.29315e-06 5.07736e-05 4.82387e-05 1.92269e-05 2.1745e-05 7.004e-06 2.90464e-06 3.66191e-06
threshold=179.24474728290627 0.0060817964016657297 -0.021098226676371564 0.032857569465956867 0.0026455970176038198 15.13883709560721 -0.0023727891596347912 0.021509742768973997
decision_type=2 2 2 2 2 2 2 2
left_child=1 2 -1 4 -4 -6 -7 -8
right_child=-2 -3 3 -5 5 6 7 -9
leaf_value=0 0 0 0 0 0 0 -1.8920814702885153e-08 0
leaf_weight=162 6106 1662 3949 160 251 5275 7879 111
leaf_count=162 6106 1662 3949 160 251 5275 7879 111
internal_value=0 -2.38969e-09 -7.5248e-09 -1.02687e-08 -1.12179e-08 -1.38201e-08 -1.42803e-08 -1.85725e-08
internal_weight=25555 19449 17787 17625 17465 13516 13265 7990
internal_count=25555 19449 17787 17625 17465 13516 13265 7990
is_linear=0
shrinkage=0.000132856


Tree=495
num_leaves=9
num_cat=0
split_feature=15 5 5 7 13 11 6 6
split_gain=6.28779e-06 5.07621e-05 4.82326e-05 1.92247e-05 2.17391e-05 7.00296e-06 2.89501e-06 3.66113e-06
threshold=179.24474728290627 0.0060817964016657297 -0.021098226676371564 0.032857569465956867 0.0026455970176038198 15.13883709560721 -0.0023727891596347912 0.021509742768973997
decision_type=2 2 2 2 2 2 2 2
left_child=1 2 -1 4 -4 -6 -7 -8
right_child=-2 -3 3 -5 5 6 7 -9
leaf_value=0 0 0 0 0 0 0 -1.891830176611652e-08 0
leaf_weight=162 6106 1662 3949 160 251 5275 7879 111
leaf_count=162 6106 1662 3949 160 251 5275 7879 111
internal_value=0 -2.38868e-09 -7.52369e-09 -1.02676e-08 -1.12168e-08 -1.38186e-08 -1.42788e-08 -1.857e-08
internal_weight=25555 19449 17787 17625 17465 13516 13265 7990
internal_count=25555 19449 17787 17625 17465 13516 13265 7990
is_linear=0
shrinkage=0.000132856


Tree=496
num_leaves=3
num_cat=0
split_feature=5 5
split_gain=4.3766e-06 7.12686e-05
threshold=-0.0025697584393127855 0.0054441873383550563
decision_type=2 2
left_child=-1 -2
right_child=1 -3
leaf_value=4.7939778329844386e-10 -8.9468285294722919e-09 0
leaf_weight=5990 16661 2917
leaf_count=5990 16661 2917
internal_value=0 -1.9685e-09
internal_weight=25568 19578
internal_count=25568 19578
is_linear=0
shrinkage=0.000132856


Tree=497
num_leaves=3
num_cat=0
split_feature=5 5
split_gain=4.37217e-06 7.12529e-05
threshold=-0.0025697584393127855 0.0054441873383550563
decision_type=2 2
left_child=-1 -2
right_child=1 -3
leaf_value=4.7933444904324424e-10 -8.9456402505232246e-09 0
leaf_weight=5990 16661 2917
leaf_count=5990 16661 2917
internal_value=0 -1.96749e-09
internal_weight=25568 19578
internal_count=25568 19578
is_linear=0
shrinkage=0.000132856


Tree=498
num_leaves=3
num_cat=0
split_feature=5 5
split_gain=4.36773e-06 7.12373e-05
threshold=-0.0025697584393127855 0.0054441873383550563
decision_type=2 2
left_child=-1 -2
right_child=1 -3
leaf_value=4.792708685881735e-10 -8.9444517994689077e-09 0
leaf_weight=5990 16661 2917
leaf_count=5990 16661 2917
internal_value=0 -1.96648e-09
internal_weight=25568 19578
internal_count=25568 19578
is_linear=0
shrinkage=0.000132856


Tree=499
num_leaves=3
num_cat=0
split_feature=5 5
split_gain=4.3633e-06 7.12216e-05
threshold=-0.0025697584393127855 0.0054441873383550563
decision_type=2 2
left_child=-1 -2
right_child=1 -3
leaf_value=4.7920747413532325e-10 -8.9432637080773384e-09 0
leaf_weight=5990 16661 2917
leaf_count=5990 16661 2917
internal_value=0 -1.96547e-09
internal_weight=25568 19578
internal_count=25568 19578
is_linear=0
shrinkage=0.000132856


Tree=500
num_leaves=3
num_cat=0
split_feature=5 5
split_gain=4.35888e-06 7.1206e-05
threshold=-0.0025697584393127855 0.0054441873383550563
decision_type=2 2
left_child=-1 -2
right_child=1 -3
leaf_value=4.7914354077713434e-10 -8.9420757711019615e-09 0
leaf_weight=5990 16661 2917
leaf_count=5990 16661 2917
internal_value=0 -1.96446e-09
internal_weight=25568 19578
internal_count=25568 19578
is_linear=0
shrinkage=0.000132856


Tree=501
num_leaves=3
num_cat=0
split_feature=5 5
split_gain=4.35445e-06 7.11903e-05
threshold=-0.0025697584393127855 0.0054441873383550563
decision_type=2 2
left_child=-1 -2
right_child=1 -3
leaf_value=4.790803379827951e-10 -8.940887631324181e-09 0
leaf_weight=5990 16661 2917
leaf_count=5990 16661 2917
internal_value=0 -1.96345e-09
internal_weight=25568 19578
internal_count=25568 19578
is_linear=0
shrinkage=0.000132856


Tree=502
num_leaves=3
num_cat=0
split_feature=5 5
split_gain=4.35003e-06 7.11747e-05
threshold=-0.0025697584393127855 0.0054441873383550563
decision_type=2 2
left_child=-1 -2
right_child=1 -3
leaf_value=4.7901644705182549e-10 -8.9397002109004634e-09 0
leaf_weight=5990 16661 2917
leaf_count=5990 16661 2917
internal_value=0 -1.96244e-09
internal_weight=25568 19578
internal_count=25568 19578
is_linear=0
shrinkage=0.000132856


Tree=503
num_leaves=3
num_cat=0
split_feature=5 5
split_gain=4.34561e-06 7.1159e-05
threshold=-0.0025697584393127855 0.0054441873383550563
decision_type=2 2
left_child=-1 -2
right_child=1 -3
leaf_value=4.7895267462568579e-10 -8.9385124423899375e-09 0
leaf_weight=5990 16661 2917
leaf_count=5990 16661 2917
internal_value=0 -1.96142e-09
internal_weight=25568 19578
internal_count=25568 19578
is_linear=0
shrinkage=0.000132856


Tree=504
num_leaves=5
num_cat=0
split_feature=5 5 6 6
split_gain=1.8164e-06 3.65465e-05 1.28287e-05 2.42551e-06
threshold=-0.00058861599654153041 0.011679406640418223 -0.022470630775526797 0.032122975207200428
decision_type=2 2 2 2
left_child=-1 2 -2 -4
right_child=1 -3 3 -5
leaf_value=0 0 0 -8.3043609581170567e-09 0
leaf_weight=10829 121 784 13721 114
leaf_count=10829 121 784 13721 114
internal_value=0 -1.47471e-09 -6.96503e-09 -8.08086e-09
internal_weight=25569 14740 13956 13835
internal_count=25569 14740 13956 13835
is_linear=0
shrinkage=0.000132856


Tree=505
num_leaves=5
num_cat=0
split_feature=5 5 6 6
split_gain=1.81387e-06 3.65371e-05 1.28268e-05 2.42513e-06
threshold=-0.00058861599654153041 0.011679406640418223 -0.022470630775526797 0.032122975207200428
decision_type=2 2 2 2
left_child=-1 2 -2 -4
right_child=1 -3 3 -5
leaf_value=0 0 0 -8.303257938711392e-09 0
leaf_weight=10829 121 784 13721 114
leaf_count=10829 121 784 13721 114
internal_value=0 -1.47368e-09 -6.96395e-09 -8.07976e-09
internal_weight=25569 14740 13956 13835
internal_count=25569 14740 13956 13835
is_linear=0
shrinkage=0.000132856


Tree=506
num_leaves=5
num_cat=0
split_feature=5 5 6 6
split_gain=1.81134e-06 3.65277e-05 1.28249e-05 2.42475e-06
threshold=-0.00058861599654153041 0.011679406640418223 -0.022470630775526797 0.032122975207200428
decision_type=2 2 2 2
left_child=-1 2 -2 -4
right_child=1 -3 3 -5
leaf_value=0 0 0 -8.3021554572570685e-09 0
leaf_weight=10829 121 784 13721 114
leaf_count=10829 121 784 13721 114
internal_value=0 -1.47266e-09 -6.96286e-09 -8.07867e-09
internal_weight=25569 14740 13956 13835
internal_count=25569 14740 13956 13835
is_linear=0
shrinkage=0.000132856


Tree=507
num_leaves=5
num_cat=0
split_feature=5 5 6 6
split_gain=1.80882e-06 3.65183e-05 1.2823e-05 2.42436e-06
threshold=-0.00058861599654153041 0.011679406640418223 -0.022470630775526797 0.032122975207200428
decision_type=2 2 2 2
left_child=-1 2 -2 -4
right_child=1 -3 3 -5
leaf_value=0 0 0 -8.3010522676934912e-09 0
leaf_weight=10829 121 784 13721 114
leaf_count=10829 121 784 13721 114
internal_value=0 -1.47163e-09 -6.96178e-09 -8.07758e-09
internal_weight=25569 14740 13956 13835
internal_count=25569 14740 13956 13835
is_linear=0
shrinkage=0.000132856


Tree=508
num_leaves=5
num_cat=0
split_feature=5 5 6 6
split_gain=1.8063e-06 3.65089e-05 1.28211e-05 2.42398e-06
threshold=-0.00058861599654153041 0.011679406640418223 -0.022470630775526797 0.032122975207200428
decision_type=2 2 2 2
left_child=-1 2 -2 -4
right_child=1 -3 3 -5
leaf_value=0 0 0 -8.2999497252531032e-09 0
leaf_weight=10829 121 784 13721 114
leaf_count=10829 121 784 13721 114
internal_value=0 -1.4706e-09 -6.96069e-09 -8.07648e-09
internal_weight=25569 14740 13956 13835
internal_count=25569 14740 13956 13835
is_linear=0
shrinkage=0.000132856


Tree=509
num_leaves=5
num_cat=0
split_feature=5 5 6 6
split_gain=1.80377e-06 3.64995e-05 1.28192e-05 2.4236e-06
threshold=-0.00058861599654153041 0.011679406640418223 -0.022470630775526797 0.032122975207200428
decision_type=2 2 2 2
left_child=-1 2 -2 -4
right_child=1 -3 3 -5
leaf_value=0 0 0 -8.2988467467149865e-09 0
leaf_weight=10829 121 784 13721 114
leaf_count=10829 121 784 13721 114
internal_value=0 -1.46958e-09 -6.95961e-09 -8.07539e-09
internal_weight=25569 14740 13956 13835
internal_count=25569 14740 13956 13835
is_linear=0
shrinkage=0.000132856


Tree=510
num_leaves=5
num_cat=0
split_feature=5 5 6 6
split_gain=1.80126e-06 3.649e-05 1.28173e-05 2.42322e-06
threshold=-0.00058861599654153041 0.011679406640418223 -0.022470630775526797 0.032122975207200428
decision_type=2 2 2 2
left_child=-1 2 -2 -4
right_child=1 -3 3 -5
leaf_value=0 0 0 -8.2977446786563751e-09 0
leaf_weight=10829 121 784 13721 114
leaf_count=10829 121 784 13721 114
internal_value=0 -1.46855e-09 -6.95853e-09 -8.0743e-09
internal_weight=25569 14740 13956 13835
internal_count=25569 14740 13956 13835
is_linear=0
shrinkage=0.000132856


Tree=511
num_leaves=5
num_cat=0
split_feature=5 5 6 6
split_gain=1.79874e-06 3.64806e-05 1.28153e-05 2.42283e-06
threshold=-0.00058861599654153041 0.011679406640418223 -0.022470630775526797 0.032122975207200428
decision_type=2 2 2 2
left_child=-1 2 -2 -4
right_child=1 -3 3 -5
leaf_value=0 0 0 -8.2966422690457367e-09 0
leaf_weight=10829 121 784 13721 114
leaf_count=10829 121 784 13721 114
internal_value=0 -1.46752e-09 -6.95744e-09 -8.0732e-09
internal_weight=25569 14740 13956 13835
internal_count=25569 14740 13956 13835
is_linear=0
shrinkage=0.000132856


Tree=512
num_leaves=3
num_cat=0
split_feature=5 5
split_gain=7.55501e-07 3.43392e-05
threshold=-0.0022223398294529124 0.0060817964016657297
decision_type=2 2
left_child=-1 -2
right_child=1 -3
leaf_value=0 -6.1506727971799435e-09 0
leaf_weight=6647 16372 2547
leaf_count=6647 16372 2547
internal_value=0 -8.39508e-10
internal_weight=25566 18919
internal_count=25566 18919
is_linear=0
shrinkage=0.000132856


Tree=513
num_leaves=3
num_cat=0
split_feature=5 5
split_gain=7.5423e-07 3.43312e-05
threshold=-0.0022223398294529124 0.0060817964016657297
decision_type=2 2
left_child=-1 -2
right_child=1 -3
leaf_value=0 -6.1498562439675473e-09 0
leaf_weight=6647 16372 2547
leaf_count=6647 16372 2547
internal_value=0 -8.38802e-10
internal_weight=25566 18919
internal_count=25566 18919
is_linear=0
shrinkage=0.000132856


Tree=514
num_leaves=3
num_cat=0
split_feature=5 5
split_gain=7.52959e-07 3.43231e-05
threshold=-0.0022223398294529124 0.0060817964016657297
decision_type=2 2
left_child=-1 -2
right_child=1 -3
leaf_value=0 -6.1490392046949078e-09 0
leaf_weight=6647 16372 2547
leaf_count=6647 16372 2547
internal_value=0 -8.38095e-10
internal_weight=25566 18919
internal_count=25566 18919
is_linear=0
shrinkage=0.000132856


Tree=515
num_leaves=3
num_cat=0
split_feature=5 5
split_gain=7.51689e-07 3.43151e-05
threshold=-0.0022223398294529124 0.0060817964016657297
decision_type=2 2
left_child=-1 -2
right_child=1 -3
leaf_value=0 -6.1482223257985229e-09 0
leaf_weight=6647 16372 2547
leaf_count=6647 16372 2547
internal_value=0 -8.37388e-10
internal_weight=25566 18919
internal_count=25566 18919
is_linear=0
shrinkage=0.000132856


Tree=516
num_leaves=3
num_cat=0
split_feature=5 5
split_gain=7.50421e-07 3.4307e-05
threshold=-0.0022223398294529124 0.0060817964016657297
decision_type=2 2
left_child=-1 -2
right_child=1 -3
leaf_value=0 -6.1474057244761327e-09 0
leaf_weight=6647 16372 2547
leaf_count=6647 16372 2547
internal_value=0 -8.36681e-10
internal_weight=25566 18919
internal_count=25566 18919
is_linear=0
shrinkage=0.000132856


Tree=517
num_leaves=3
num_cat=0
split_feature=5 5
split_gain=7.49154e-07 3.4299e-05
threshold=-0.0022223398294529124 0.0060817964016657297
decision_type=2 2
left_child=-1 -2
right_child=1 -3
leaf_value=0 -6.1465887352046662e-09 0
leaf_weight=6647 16372 2547
leaf_count=6647 16372 2547
internal_value=0 -8.35974e-10
internal_weight=25566 18919
internal_count=25566 18919
is_linear=0
shrinkage=0.000132856


Tree=518
num_leaves=3
num_cat=0
split_feature=5 5
split_gain=7.47888e-07 3.42909e-05
threshold=-0.0022223398294529124 0.0060817964016657297
decision_type=2 2
left_child=-1 -2
right_child=1 -3
leaf_value=0 -6.1457723024492068e-09 0
leaf_weight=6647 16372 2547
leaf_count=6647 16372 2547
internal_value=0 -8.35267e-10
internal_weight=25566 18919
internal_count=25566 18919
is_linear=0
shrinkage=0.000132856


Tree=519
num_leaves=3
num_cat=0
split_feature=5 5
split_gain=7.46623e-07 3.42829e-05
threshold=-0.0022223398294529124 0.0060817964016657297
decision_type=2 2
left_child=-1 -2
right_child=1 -3
leaf_value=0 -6.1449560961539723e-09 0
leaf_weight=6647 16372 2547
leaf_count=6647 16372 2547
internal_value=0 -8.34561e-10
internal_weight=25566 18919
internal_count=25566 18919
is_linear=0
shrinkage=0.000132856


Tree=520
num_leaves=7
num_cat=0
split_feature=13 5 5 12 12 13
split_gain=5.1261e-05 5.61879e-05 2.25112e-05 1.72623e-05 1.21149e-05 7.98872e-06
threshold=0.0069782183673389236 -0.0025697584393127855 0.0012132461754087445 0.002894268178755995 0.0079009999864991156 0.0018817191118075717
decision_type=2 2 2 2 2 2
left_child=2 4 3 -1 -2 -5
right_child=1 -3 -4 5 -6 -7
leaf_value=0 0 0 0 0 3.3687240843372448e-08 -9.8800649702680027e-09
leaf_weight=2951 226 3888 6699 418 1785 9477
leaf_count=2951 226 3888 6699 418 1785 9477
internal_value=0 1.1806e-08 -2.05162e-09 -6.10979e-09 3.00202e-08 -8.90201e-09
internal_weight=25444 5899 19545 12846 2011 9895
internal_count=25444 5899 19545 12846 2011 9895
is_linear=0
shrinkage=0.000132856


Tree=521
num_leaves=7
num_cat=0
split_feature=13 5 5 12 12 13
split_gain=5.12474e-05 5.61714e-05 2.25055e-05 1.72583e-05 1.21115e-05 7.98734e-06
threshold=0.0069782183673389236 -0.0025697584393127855 0.0012132461754087445 0.002894268178755995 0.0079009999864991156 0.0018817191118075717
decision_type=2 2 2 2 2 2
left_child=2 4 3 -1 -2 -5
right_child=1 -3 -4 5 -6 -7
leaf_value=0 0 0 0 0 3.3682771503767003e-08 -9.8787523029665798e-09
leaf_weight=2951 226 3888 6699 418 1785 9477
leaf_count=2951 226 3888 6699 418 1785 9477
internal_value=0 1.18047e-08 -2.05098e-09 -6.10882e-09 3.00162e-08 -8.90075e-09
internal_weight=25444 5899 19545 12846 2011 9895
internal_count=25444 5899 19545 12846 2011 9895
is_linear=0
shrinkage=0.000132856


Tree=522
num_leaves=7
num_cat=0
split_feature=13 5 5 12 12 13
split_gain=5.12338e-05 5.61549e-05 2.24998e-05 1.72544e-05 1.21082e-05 7.98596e-06
threshold=0.0069782183673389236 -0.0025697584393127855 0.0012132461754087445 0.002894268178755995 0.0079009999864991156 0.0018817191118075717
decision_type=2 2 2 2 2 2
left_child=2 4 3 -1 -2 -5
right_child=1 -3 -4 5 -6 -7
leaf_value=0 0 0 0 0 3.3678302853664523e-08 -9.8774401076361751e-09
leaf_weight=2951 226 3888 6699 418 1785 9477
leaf_count=2951 226 3888 6699 418 1785 9477
internal_value=0 1.18033e-08 -2.05035e-09 -6.10785e-09 3.00123e-08 -8.89949e-09
internal_weight=25444 5899 19545 12846 2011 9895
internal_count=25444 5899 19545 12846 2011 9895
is_linear=0
shrinkage=0.000132856


Tree=523
num_leaves=7
num_cat=0
split_feature=13 5 5 12 12 13
split_gain=5.12203e-05 5.61384e-05 2.2494e-05 1.72505e-05 1.21049e-05 7.98458e-06
threshold=0.0069782183673389236 -0.0025697584393127855 0.0012132461754087445 0.002894268178755995 0.0079009999864991156 0.0018817191118075717
decision_type=2 2 2 2 2 2
left_child=2 4 3 -1 -2 -5
right_child=1 -3 -4 5 -6 -7
leaf_value=0 0 0 0 0 3.367383324766944e-08 -9.876128306963724e-09
leaf_weight=2951 226 3888 6699 418 1785 9477
leaf_count=2951 226 3888 6699 418 1785 9477
internal_value=0 1.1802e-08 -2.04971e-09 -6.10689e-09 3.00083e-08 -8.89824e-09
internal_weight=25444 5899 19545 12846 2011 9895
internal_count=25444 5899 19545 12846 2011 9895
is_linear=0
shrinkage=0.000132856


Tree=524
num_leaves=7
num_cat=0
split_feature=13 5 5 12 12 13
split_gain=5.12067e-05 5.6122e-05 2.24883e-05 1.72465e-05 1.21016e-05 7.98321e-06
threshold=0.0069782183673389236 -0.0025697584393127855 0.0012132461754087445 0.002894268178755995 0.0079009999864991156 0.0018817191118075717
decision_type=2 2 2 2 2 2
left_child=2 4 3 -1 -2 -5
right_child=1 -3 -4 5 -6 -7
leaf_value=0 0 0 0 0 3.3669366408137637e-08 -9.8748163585226959e-09
leaf_weight=2951 226 3888 6699 418 1785 9477
leaf_count=2951 226 3888 6699 418 1785 9477
internal_value=0 1.18006e-08 -2.04907e-09 -6.10592e-09 3.00043e-08 -8.89698e-09
internal_weight=25444 5899 19545 12846 2011 9895
internal_count=25444 5899 19545 12846 2011 9895
is_linear=0
shrinkage=0.000132856


Tree=525
num_leaves=7
num_cat=0
split_feature=13 5 5 12 12 13
split_gain=5.11931e-05 5.61055e-05 2.24826e-05 1.72426e-05 1.20983e-05 7.98183e-06
threshold=0.0069782183673389236 -0.0025697584393127855 0.0012132461754087445 0.002894268178755995 0.0079009999864991156 0.0018817191118075717
decision_type=2 2 2 2 2 2
left_child=2 4 3 -1 -2 -5
right_child=1 -3 -4 5 -6 -7
leaf_value=0 0 0 0 0 3.3664896780033558e-08 -9.8735047801472424e-09
leaf_weight=2951 226 3888 6699 418 1785 9477
leaf_count=2951 226 3888 6699 418 1785 9477
internal_value=0 1.17993e-08 -2.04844e-09 -6.10495e-09 3.00004e-08 -8.89573e-09
internal_weight=25444 5899 19545 12846 2011 9895
internal_count=25444 5899 19545 12846 2011 9895
is_linear=0
shrinkage=0.000132856


Tree=526
num_leaves=7
num_cat=0
split_feature=13 5 5 12 12 13
split_gain=5.11796e-05 5.6089e-05 2.24769e-05 1.72387e-05 1.2095e-05 7.98045e-06
threshold=0.0069782183673389236 -0.0025697584393127855 0.0012132461754087445 0.002894268178755995 0.0079009999864991156 0.0018817191118075717
decision_type=2 2 2 2 2 2
left_child=2 4 3 -1 -2 -5
right_child=1 -3 -4 5 -6 -7
leaf_value=0 0 0 0 0 3.3660430657252194e-08 -9.8721934683518773e-09
leaf_weight=2951 226 3888 6699 418 1785 9477
leaf_count=2951 226 3888 6699 418 1785 9477
internal_value=0 1.17979e-08 -2.0478e-09 -6.10398e-09 2.99964e-08 -8.89447e-09
internal_weight=25444 5899 19545 12846 2011 9895
internal_count=25444 5899 19545 12846 2011 9895
is_linear=0
shrinkage=0.000132856


Tree=527
num_leaves=7
num_cat=0
split_feature=13 5 5 12 12 13
split_gain=5.1166e-05 5.60726e-05 2.24712e-05 1.72347e-05 1.20916e-05 7.97907e-06
threshold=0.0069782183673389236 -0.0025697584393127855 0.0012132461754087445 0.002894268178755995 0.0079009999864991156 0.0018817191118075717
decision_type=2 2 2 2 2 2
left_child=2 4 3 -1 -2 -5
right_child=1 -3 -4 5 -6 -7
leaf_value=0 0 0 0 0 3.3655962945801371e-08 -9.8708820129512611e-09
leaf_weight=2951 226 3888 6699 418 1785 9477
leaf_count=2951 226 3888 6699 418 1785 9477
internal_value=0 1.17966e-08 -2.04716e-09 -6.10302e-09 2.99924e-08 -8.89321e-09
internal_weight=25444 5899 19545 12846 2011 9895
internal_count=25444 5899 19545 12846 2011 9895
is_linear=0
shrinkage=0.000132856


Tree=528
num_leaves=9
num_cat=0
split_feature=14 13 5 13 11 5 13 11
split_gain=4.76076e-06 8.15071e-05 1.93239e-05 8.26996e-06 7.02173e-06 5.09792e-06 2.43539e-06 6.38982e-06
threshold=-0.0034661152304984451 0.013478181938226497 0.0072503157717671582 0.001690510281554447 57.397754119092546 -0.021098226676371564 0.0059521495707073992 44.95003226267773
decision_type=2 2 2 2 2 2 2 2
left_child=1 2 3 -1 5 -5 -2 -8
right_child=6 -3 -4 4 -6 -7 7 -9
leaf_value=0 0 0 0 0 0 -1.6371046610320114e-08 0 5.9179439632601196e-09
leaf_weight=158 11177 355 406 122 148 8290 333 4482
leaf_count=158 11177 355 406 122 148 8290 333 4482
internal_value=0 -2.95443e-09 -1.29116e-08 -1.46146e-08 -1.53158e-08 -1.59195e-08 2.82103e-10 3.03114e-09
internal_weight=25471 9479 9124 8718 8560 8412 15992 4815
internal_count=25471 9479 9124 8718 8560 8412 15992 4815
is_linear=0
shrinkage=0.000132856


Tree=529
num_leaves=9
num_cat=0
split_feature=14 13 5 13 11 5 13 11
split_gain=4.75461e-06 8.14868e-05 1.93204e-05 8.26853e-06 7.02049e-06 5.09699e-06 2.43429e-06 6.38867e-06
threshold=-0.0034661152304984451 0.013478181938226497 0.0072503157717671582 0.001690510281554447 57.397754119092546 -0.021098226676371564 0.0059521495707073992 44.95003226267773
decision_type=2 2 2 2 2 2 2 2
left_child=1 2 3 -1 5 -5 -2 -8
right_child=6 -3 -4 4 -6 -7 7 -9
leaf_value=0 0 0 0 0 0 -1.6368871769126038e-08 0 5.9171574615958288e-09
leaf_weight=158 11177 355 406 122 148 8290 333 4482
leaf_count=158 11177 355 406 122 148 8290 333 4482
internal_value=0 -2.95253e-09 -1.29096e-08 -1.46125e-08 -1.53137e-08 -1.59174e-08 2.81883e-10 3.03041e-09
internal_weight=25471 9479 9124 8718 8560 8412 15992 4815
internal_count=25471 9479 9124 8718 8560 8412 15992 4815
is_linear=0
shrinkage=0.000132856


Tree=530
num_leaves=9
num_cat=0
split_feature=14 13 5 13 11 5 13 11
split_gain=4.74847e-06 8.14664e-05 1.9317e-05 8.2671e-06 7.01926e-06 5.09607e-06 2.43319e-06 6.38752e-06
threshold=-0.0034661152304984451 0.013478181938226497 0.0072503157717671582 0.001690510281554447 57.397754119092546 -0.021098226676371564 0.0059521495707073992 44.95003226267773
decision_type=2 2 2 2 2 2 2 2
left_child=1 2 3 -1 5 -5 -2 -8
right_child=6 -3 -4 4 -6 -7 7 -9
leaf_value=0 0 0 0 0 0 -1.6366697901646663e-08 0 5.9163722621993046e-09
leaf_weight=158 11177 355 406 122 148 8290 333 4482
leaf_count=158 11177 355 406 122 148 8290 333 4482
internal_value=0 -2.95063e-09 -1.29077e-08 -1.46104e-08 -1.53116e-08 -1.59152e-08 2.81663e-10 3.02968e-09
internal_weight=25471 9479 9124 8718 8560 8412 15992 4815
internal_count=25471 9479 9124 8718 8560 8412 15992 4815
is_linear=0
shrinkage=0.000132856


Tree=531
num_leaves=9
num_cat=0
split_feature=14 13 5 13 11 5 13 11
split_gain=4.74233e-06 8.14461e-05 1.93135e-05 8.26566e-06 7.01803e-06 5.09515e-06 2.4321e-06 6.38636e-06
threshold=-0.0034661152304984451 0.013478181938226497 0.0072503157717671582 0.001690510281554447 57.397754119092546 -0.021098226676371564 0.0059521495707073992 44.95003226267773
decision_type=2 2 2 2 2 2 2 2
left_child=1 2 3 -1 5 -5 -2 -8
right_child=6 -3 -4 4 -6 -7 7 -9
leaf_value=0 0 0 0 0 0 -1.6364523826431188e-08 0 5.9155866852292008e-09
leaf_weight=158 11177 355 406 122 148 8290 333 4482
leaf_count=158 11177 355 406 122 148 8290 333 4482
internal_value=0 -2.94873e-09 -1.29057e-08 -1.46084e-08 -1.53095e-08 -1.59131e-08 2.81443e-10 3.02895e-09
internal_weight=25471 9479 9124 8718 8560 8412 15992 4815
internal_count=25471 9479 9124 8718 8560 8412 15992 4815
is_linear=0
shrinkage=0.000132856


Tree=532
num_leaves=9
num_cat=0
split_feature=14 13 5 13 11 5 13 11
split_gain=4.7362e-06 8.14257e-05 1.931e-05 8.26423e-06 7.01679e-06 5.09423e-06 2.431e-06 6.38521e-06
threshold=-0.0034661152304984451 0.013478181938226497 0.0072503157717671582 0.001690510281554447 57.397754119092546 -0.021098226676371564 0.0059521495707073992 44.95003226267773
decision_type=2 2 2 2 2 2 2 2
left_child=1 2 3 -1 5 -5 -2 -8
right_child=6 -3 -4 4 -6 -7 7 -9
leaf_value=0 0 0 0 0 0 -1.6362350554808778e-08 0 5.9148011914427709e-09
leaf_weight=158 11177 355 406 122 148 8290 333 4482
leaf_count=158 11177 355 406 122 148 8290 333 4482
internal_value=0 -2.94683e-09 -1.29037e-08 -1.46063e-08 -1.53074e-08 -1.59109e-08 2.81222e-10 3.02822e-09
internal_weight=25471 9479 9124 8718 8560 8412 15992 4815
internal_count=25471 9479 9124 8718 8560 8412 15992 4815
is_linear=0
shrinkage=0.000132856


Tree=533
num_leaves=9
num_cat=0
split_feature=14 13 5 13 11 5 13 11
split_gain=4.73007e-06 8.14054e-05 1.93065e-05 8.2628e-06 7.01556e-06 5.09331e-06 2.4299e-06 6.38406e-06
threshold=-0.0034661152304984451 0.013478181938226497 0.0072503157717671582 0.001690510281554447 57.397754119092546 -0.021098226676371564 0.0059521495707073992 44.95003226267773
decision_type=2 2 2 2 2 2 2 2
left_child=1 2 3 -1 5 -5 -2 -8
right_child=6 -3 -4 4 -6 -7 7 -9
leaf_value=0 0 0 0 0 0 -1.6360177506994293e-08 0 5.9140155412995977e-09
leaf_weight=158 11177 355 406 122 148 8290 333 4482
leaf_count=158 11177 355 406 122 148 8290 333 4482
internal_value=0 -2.94493e-09 -1.29017e-08 -1.46042e-08 -1.53053e-08 -1.59088e-08 2.81002e-10 3.02749e-09
internal_weight=25471 9479 9124 8718 8560 8412 15992 4815
internal_count=25471 9479 9124 8718 8560 8412 15992 4815
is_linear=0
shrinkage=0.000132856


Tree=534
num_leaves=9
num_cat=0
split_feature=14 13 5 13 11 5 13 11
split_gain=4.72395e-06 8.13851e-05 1.93031e-05 8.26137e-06 7.01433e-06 5.09238e-06 2.42881e-06 6.38291e-06
threshold=-0.0034661152304984451 0.013478181938226497 0.0072503157717671582 0.001690510281554447 57.397754119092546 -0.021098226676371564 0.0059521495707073992 44.95003226267773
decision_type=2 2 2 2 2 2 2 2
left_child=1 2 3 -1 5 -5 -2 -8
right_child=6 -3 -4 4 -6 -7 7 -9
leaf_value=0 0 0 0 0 0 -1.6358004125230656e-08 0 5.9132300979703845e-09
leaf_weight=158 11177 355 406 122 148 8290 333 4482
leaf_count=158 11177 355 406 122 148 8290 333 4482
internal_value=0 -2.94303e-09 -1.28998e-08 -1.46022e-08 -1.53032e-08 -1.59067e-08 2.80782e-10 3.02676e-09
internal_weight=25471 9479 9124 8718 8560 8412 15992 4815
internal_count=25471 9479 9124 8718 8560 8412 15992 4815
is_linear=0
shrinkage=0.000132856


Tree=535
num_leaves=9
num_cat=0
split_feature=14 13 5 13 11 5 13 11
split_gain=4.71783e-06 8.13648e-05 1.92996e-05 8.25994e-06 7.0131e-06 5.09146e-06 2.42771e-06 6.38176e-06
threshold=-0.0034661152304984451 0.013478181938226497 0.0072503157717671582 0.001690510281554447 57.397754119092546 -0.021098226676371564 0.0059521495707073992 44.95003226267773
decision_type=2 2 2 2 2 2 2 2
left_child=1 2 3 -1 5 -5 -2 -8
right_child=6 -3 -4 4 -6 -7 7 -9
leaf_value=0 0 0 0 0 0 -1.635583139355945e-08 0 5.9124447785611343e-09
leaf_weight=158 11177 355 406 122 148 8290 333 4482
leaf_count=158 11177 355 406 122 148 8290 333 4482
internal_value=0 -2.94113e-09 -1.28978e-08 -1.46001e-08 -1.53011e-08 -1.59045e-08 2.80562e-10 3.02603e-09
internal_weight=25471 9479 9124 8718 8560 8412 15992 4815
internal_count=25471 9479 9124 8718 8560 8412 15992 4815
is_linear=0
shrinkage=0.000132856


Tree=536
num_leaves=7
num_cat=0
split_feature=5 5 13 12 13 13
split_gain=1.73167e-05 5.92108e-05 3.7812e-05 1.64074e-05 8.4115e-06 8.70584e-06
threshold=-0.0025697584393127855 0.0054441873383550563 0.0030640366743222756 0.002015372322089965 0.0015265360864822836 0.012828005701873769
decision_type=2 2 2 2 2 2
left_child=2 3 -1 -2 -5 -6
right_child=1 -3 -4 4 5 -7
leaf_value=0 0 0 1.3505066072437656e-08 0 -1.0585021903906321e-08 0
leaf_weight=613 1394 2883 5333 410 14607 264
leaf_count=613 1394 2883 5333 410 14607 264
internal_value=0 0 7.16841e-09 -7.91627e-09 -9.34518e-09 -9.9861e-09
internal_weight=25504 19558 5946 16675 15281 14871
internal_count=25504 19558 5946 16675 15281 14871
is_linear=0
shrinkage=0.000132856


Tree=537
num_leaves=7
num_cat=0
split_feature=5 5 13 12 13 13
split_gain=1.73089e-05 5.91924e-05 3.78051e-05 1.6404e-05 8.41001e-06 8.70445e-06
threshold=-0.0025697584393127855 0.0054441873383550563 0.0030640366743222756 0.002015372322089965 0.0015265360864822836 0.012828005701873769
decision_type=2 2 2 2 2 2
left_child=2 3 -1 -2 -5 -6
right_child=1 -3 -4 4 5 -7
leaf_value=0 0 0 1.3503271591401447e-08 0 -1.0583615710242181e-08 0
leaf_weight=613 1394 2883 5333 410 14607 264
leaf_count=613 1394 2883 5333 410 14607 264
internal_value=0 0 7.1668e-09 -7.91504e-09 -9.34384e-09 -9.98472e-09
internal_weight=25504 19558 5946 16675 15281 14871
internal_count=25504 19558 5946 16675 15281 14871
is_linear=0
shrinkage=0.000132856


Tree=538
num_leaves=7
num_cat=0
split_feature=5 5 13 12 13 13
split_gain=1.73011e-05 5.9174e-05 3.77983e-05 1.64007e-05 8.40851e-06 8.70306e-06
threshold=-0.0025697584393127855 0.0054441873383550563 0.0030640366743222756 0.002015372322089965 0.0015265360864822836 0.012828005701873769
decision_type=2 2 2 2 2 2
left_child=2 3 -1 -2 -5 -6
right_child=1 -3 -4 4 5 -7
leaf_value=0 0 0 1.3501479318050019e-08 0 -1.0582210168058771e-08 0
leaf_weight=613 1394 2883 5333 410 14607 264
leaf_count=613 1394 2883 5333 410 14607 264
internal_value=0 0 7.16519e-09 -7.91381e-09 -9.3425e-09 -9.98334e-09
internal_weight=25504 19558 5946 16675 15281 14871
internal_count=25504 19558 5946 16675 15281 14871
is_linear=0
shrinkage=0.000132856


Tree=539
num_leaves=7
num_cat=0
split_feature=5 5 13 12 13 13
split_gain=1.72934e-05 5.91556e-05 3.77914e-05 1.63974e-05 8.40702e-06 8.70166e-06
threshold=-0.0025697584393127855 0.0054441873383550563 0.0030640366743222756 0.002015372322089965 0.0015265360864822836 0.012828005701873769
decision_type=2 2 2 2 2 2
left_child=2 3 -1 -2 -5 -6
right_child=1 -3 -4 4 5 -7
leaf_value=0 0 0 1.3499686563032309e-08 0 -1.058080413608019e-08 0
leaf_weight=613 1394 2883 5333 410 14607 264
leaf_count=613 1394 2883 5333 410 14607 264
internal_value=0 0 7.16358e-09 -7.91258e-09 -9.34115e-09 -9.98196e-09
internal_weight=25504 19558 5946 16675 15281 14871
internal_count=25504 19558 5946 16675 15281 14871
is_linear=0
shrinkage=0.000132856


Tree=540
num_leaves=7
num_cat=0
split_feature=5 5 13 12 13 13
split_gain=1.72856e-05 5.91372e-05 3.77845e-05 1.63941e-05 8.40553e-06 8.70027e-06
threshold=-0.0025697584393127855 0.0054441873383550563 0.0030640366743222756 0.002015372322089965 0.0015265360864822836 0.012828005701873769
decision_type=2 2 2 2 2 2
left_child=2 3 -1 -2 -5 -6
right_child=1 -3 -4 4 5 -7
leaf_value=0 0 0 1.3497893215320869e-08 0 -1.0579398503025447e-08 0
leaf_weight=613 1394 2883 5333 410 14607 264
leaf_count=613 1394 2883 5333 410 14607 264
internal_value=0 0 7.16197e-09 -7.91135e-09 -9.33981e-09 -9.98058e-09
internal_weight=25504 19558 5946 16675 15281 14871
internal_count=25504 19558 5946 16675 15281 14871
is_linear=0
shrinkage=0.000132856


Tree=541
num_leaves=7
num_cat=0
split_feature=5 5 13 12 13 13
split_gain=1.72778e-05 5.91188e-05 3.77777e-05 1.63907e-05 8.40404e-06 8.69888e-06
threshold=-0.0025697584393127855 0.0054441873383550563 0.0030640366743222756 0.002015372322089965 0.0015265360864822836 0.012828005701873769
decision_type=2 2 2 2 2 2
left_child=2 3 -1 -2 -5 -6
right_child=1 -3 -4 4 5 -7
leaf_value=0 0 0 1.3496100361488785e-08 0 -1.0577993406523474e-08 0
leaf_weight=613 1394 2883 5333 410 14607 264
leaf_count=613 1394 2883 5333 410 14607 264
internal_value=0 0 7.16036e-09 -7.91012e-09 -9.33847e-09 -9.9792e-09
internal_weight=25504 19558 5946 16675 15281 14871
internal_count=25504 19558 5946 16675 15281 14871
is_linear=0
shrinkage=0.000132856


Tree=542
num_leaves=7
num_cat=0
split_feature=5 5 13 12 13 13
split_gain=1.72701e-05 5.91004e-05 3.77708e-05 1.63874e-05 8.40255e-06 8.69748e-06
threshold=-0.0025697584393127855 0.0054441873383550563 0.0030640366743222756 0.002015372322089965 0.0015265360864822836 0.012828005701873769
decision_type=2 2 2 2 2 2
left_child=2 3 -1 -2 -5 -6
right_child=1 -3 -4 4 5 -7
leaf_value=0 0 0 1.3494308603317409e-08 0 -1.0576588006549557e-08 0
leaf_weight=613 1394 2883 5333 410 14607 264
leaf_count=613 1394 2883 5333 410 14607 264
internal_value=0 0 7.15876e-09 -7.90889e-09 -9.33712e-09 -9.97782e-09
internal_weight=25504 19558 5946 16675 15281 14871
internal_count=25504 19558 5946 16675 15281 14871
is_linear=0
shrinkage=0.000132856


Tree=543
num_leaves=7
num_cat=0
split_feature=5 5 13 12 13 13
split_gain=1.72623e-05 5.9082e-05 3.77639e-05 1.63841e-05 8.40106e-06 8.69609e-06
threshold=-0.0025697584393127855 0.0054441873383550563 0.0030640366743222756 0.002015372322089965 0.0015265360864822836 0.012828005701873769
decision_type=2 2 2 2 2 2
left_child=2 3 -1 -2 -5 -6
right_child=1 -3 -4 4 5 -7
leaf_value=0 0 0 1.3492516558334084e-08 0 -1.0575183196072691e-08 0
leaf_weight=613 1394 2883 5333 410 14607 264
leaf_count=613 1394 2883 5333 410 14607 264
internal_value=0 0 7.15715e-09 -7.90765e-09 -9.33578e-09 -9.97644e-09
internal_weight=25504 19558 5946 16675 15281 14871
internal_count=25504 19558 5946 16675 15281 14871
is_linear=0
shrinkage=0.000132856


Tree=544
num_leaves=3
num_cat=0
split_feature=5 5
split_gain=3.418e-06 3.79756e-05
threshold=-0.0025697584393127855 0.0060817964016657297
decision_type=2 2
left_child=-1 -2
right_child=1 -3
leaf_value=2.6115678284766836e-09 -6.3495392732399513e-09 0
leaf_weight=5998 17105 2533
leaf_count=5998 17105 2533
internal_value=0 -9.94056e-10
internal_weight=25636 19638
internal_count=25636 19638
is_linear=0
shrinkage=0.000132856


Tree=545
num_leaves=3
num_cat=0
split_feature=5 5
split_gain=3.41575e-06 3.79668e-05
threshold=-0.0025697584393127855 0.0060817964016657297
decision_type=2 2
left_child=-1 -2
right_child=1 -3
leaf_value=2.611220430611368e-09 -6.348695516686157e-09 0
leaf_weight=5998 17105 2533
leaf_count=5998 17105 2533
internal_value=0 -9.93321e-10
internal_weight=25636 19638
internal_count=25636 19638
is_linear=0
shrinkage=0.000132856


Tree=546
num_leaves=3
num_cat=0
split_feature=5 5
split_gain=3.41352e-06 3.7958e-05
threshold=-0.0025697584393127855 0.0060817964016657297
decision_type=2 2
left_child=-1 -2
right_child=1 -3
leaf_value=2.6108740547467008e-09 -6.347852280385445e-09 0
leaf_weight=5998 17105 2533
leaf_count=5998 17105 2533
internal_value=0 -9.92586e-10
internal_weight=25636 19638
internal_count=25636 19638
is_linear=0
shrinkage=0.000132856


Tree=547
num_leaves=3
num_cat=0
split_feature=5 5
split_gain=3.41128e-06 3.79493e-05
threshold=-0.0025697584393127855 0.0060817964016657297
decision_type=2 2
left_child=-1 -2
right_child=1 -3
leaf_value=2.6105266807199116e-09 -6.3470089355914518e-09 0
leaf_weight=5998 17105 2533
leaf_count=5998 17105 2533
internal_value=0 -9.91852e-10
internal_weight=25636 19638
internal_count=25636 19638
is_linear=0
shrinkage=0.000132856


Tree=548
num_leaves=3
num_cat=0
split_feature=5 5
split_gain=3.40904e-06 3.79405e-05
threshold=-0.0025697584393127855 0.0060817964016657297
decision_type=2 2
left_child=-1 -2
right_child=1 -3
leaf_value=2.6101805199457064e-09 -6.3461659576122389e-09 0
leaf_weight=5998 17105 2533
leaf_count=5998 17105 2533
internal_value=0 -9.91117e-10
internal_weight=25636 19638
internal_count=25636 19638
is_linear=0
shrinkage=0.000132856


Tree=549
num_leaves=3
num_cat=0
split_feature=5 5
split_gain=3.40681e-06 3.79318e-05
threshold=-0.0025697584393127855 0.0060817964016657297
decision_type=2 2
left_child=-1 -2
right_child=1 -3
leaf_value=2.6098340845325526e-09 -6.34532289930285e-09 0
leaf_weight=5998 17105 2533
leaf_count=5998 17105 2533
internal_value=0 -9.90383e-10
internal_weight=25636 19638
internal_count=25636 19638
is_linear=0
shrinkage=0.000132856


Tree=550
num_leaves=3
num_cat=0
split_feature=5 5
split_gain=3.40458e-06 3.7923e-05
threshold=-0.0025697584393127855 0.0060817964016657297
decision_type=2 2
left_child=-1 -2
right_child=1 -3
leaf_value=2.6094864745119088e-09 -6.3444800085086821e-09 0
leaf_weight=5998 17105 2533
leaf_count=5998 17105 2533
internal_value=0 -9.89649e-10
internal_weight=25636 19638
internal_count=25636 19638
is_linear=0
shrinkage=0.000132856


Tree=551
num_leaves=3
num_cat=0
split_feature=5 5
split_gain=3.40235e-06 3.79143e-05
threshold=-0.0025697584393127855 0.0060817964016657297
decision_type=2 2
left_child=-1 -2
right_child=1 -3
leaf_value=2.6091411166756405e-09 -6.343637240504887e-09 0
leaf_weight=5998 17105 2533
leaf_count=5998 17105 2533
internal_value=0 -9.88915e-10
internal_weight=25636 19638
internal_count=25636 19638
is_linear=0
shrinkage=0.000132856


Tree=552
num_leaves=5
num_cat=0
split_feature=5 6 5 6
split_gain=2.15163e-05 3.62483e-05 2.07502e-05 4.66445e-05
threshold=-0.0025697584393127855 0.00025916863002328766 0.0070025975478307254 0.028793475204331068
decision_type=2 2 2 2
left_child=-1 -2 3 -3
right_child=1 2 -4 -5
leaf_value=5.2685532482707051e-09 0 -1.473779928822829e-08 0 0
leaf_weight=5990 8365 9403 1707 116
leaf_count=5990 8365 9403 1707 116
internal_value=0 -3.30062e-09 -8.71739e-09 -1.13175e-08
internal_weight=25581 19591 11226 9519
internal_count=25581 19591 11226 9519
is_linear=0
shrinkage=0.000132856


Tree=553
num_leaves=5
num_cat=0
split_feature=5 6 5 6
split_gain=2.15069e-05 3.6237e-05 2.07448e-05 4.66374e-05
threshold=-0.0025697584393127855 0.00025916863002328766 0.0070025975478307254 0.028793475204331068
decision_type=2 2 2 2
left_child=-1 -2 3 -3
right_child=1 2 -4 -5
leaf_value=5.2678547997792508e-09 0 -1.4735842049900077e-08 0 0
leaf_weight=5990 8365 9403 1707 116
leaf_count=5990 8365 9403 1707 116
internal_value=0 -3.29969e-09 -8.71575e-09 -1.13155e-08
internal_weight=25581 19591 11226 9519
internal_count=25581 19591 11226 9519
is_linear=0
shrinkage=0.000132856


Tree=554
num_leaves=5
num_cat=0
split_feature=5 6 5 6
split_gain=2.14975e-05 3.62257e-05 2.07393e-05 4.66303e-05
threshold=-0.0025697584393127855 0.00025916863002328766 0.0070025975478307254 0.028793475204331068
decision_type=2 2 2 2
left_child=-1 -2 3 -3
right_child=1 2 -4 -5
leaf_value=5.2671542527435543e-09 0 -1.4733884783916402e-08 0 0
leaf_weight=5990 8365 9403 1707 116
leaf_count=5990 8365 9403 1707 116
internal_value=0 -3.29875e-09 -8.71411e-09 -1.13136e-08
internal_weight=25581 19591 11226 9519
internal_count=25581 19591 11226 9519
is_linear=0
shrinkage=0.000132856


Tree=555
num_leaves=5
num_cat=0
split_feature=5 6 5 6
split_gain=2.14882e-05 3.62144e-05 2.07339e-05 4.66231e-05
threshold=-0.0025697584393127855 0.00025916863002328766 0.0070025975478307254 0.028793475204331068
decision_type=2 2 2 2
left_child=-1 -2 3 -3
right_child=1 2 -4 -5
leaf_value=5.2664542500426294e-09 0 -1.4731927478417749e-08 0 0
leaf_weight=5990 8365 9403 1707 116
leaf_count=5990 8365 9403 1707 116
internal_value=0 -3.29781e-09 -8.71247e-09 -1.13117e-08
internal_weight=25581 19591 11226 9519
internal_count=25581 19591 11226 9519
is_linear=0
shrinkage=0.000132856


Tree=556
num_leaves=5
num_cat=0
split_feature=5 6 5 6
split_gain=2.14788e-05 3.62032e-05 2.07285e-05 4.6616e-05
threshold=-0.0025697584393127855 0.00025916863002328766 0.0070025975478307254 0.028793475204331068
decision_type=2 2 2 2
left_child=-1 -2 3 -3
right_child=1 2 -4 -5
leaf_value=5.2657559278144996e-09 0 -1.4729970803500945e-08 0 0
leaf_weight=5990 8365 9403 1707 116
leaf_count=5990 8365 9403 1707 116
internal_value=0 -3.29687e-09 -8.71083e-09 -1.13097e-08
internal_weight=25581 19591 11226 9519
internal_count=25581 19591 11226 9519
is_linear=0
shrinkage=0.000132856


Tree=557
num_leaves=5
num_cat=0
split_feature=5 6 5 6
split_gain=2.14694e-05 3.61919e-05 2.07231e-05 4.66089e-05
threshold=-0.0025697584393127855 0.00025916863002328766 0.0070025975478307254 0.028793475204331068
decision_type=2 2 2 2
left_child=-1 -2 3 -3
right_child=1 2 -4 -5
leaf_value=5.2650560797087641e-09 0 -1.4728014261034871e-08 0 0
leaf_weight=5990 8365 9403 1707 116
leaf_count=5990 8365 9403 1707 116
internal_value=0 -3.29593e-09 -8.70919e-09 -1.13078e-08
internal_weight=25581 19591 11226 9519
internal_count=25581 19591 11226 9519
is_linear=0
shrinkage=0.000132856


Tree=558
num_leaves=5
num_cat=0
split_feature=5 6 5 6
split_gain=2.146e-05 3.61806e-05 2.07177e-05 4.66017e-05
threshold=-0.0025697584393127855 0.00025916863002328766 0.0070025975478307254 0.028793475204331068
decision_type=2 2 2 2
left_child=-1 -2 3 -3
right_child=1 2 -4 -5
leaf_value=5.2643567920194115e-09 0 -1.4726058086335985e-08 0 0
leaf_weight=5990 8365 9403 1707 116
leaf_count=5990 8365 9403 1707 116
internal_value=0 -3.29499e-09 -8.70755e-09 -1.13059e-08
internal_weight=25581 19591 11226 9519
internal_count=25581 19591 11226 9519
is_linear=0
shrinkage=0.000132856


Tree=559
num_leaves=5
num_cat=0
split_feature=5 6 5 6
split_gain=2.14507e-05 3.61693e-05 2.07122e-05 4.65946e-05
threshold=-0.0025697584393127855 0.00025916863002328766 0.0070025975478307254 0.028793475204331068
decision_type=2 2 2 2
left_child=-1 -2 3 -3
right_child=1 2 -4 -5
leaf_value=5.2636577158511224e-09 0 -1.4724102191585773e-08 0 0
leaf_weight=5990 8365 9403 1707 116
leaf_count=5990 8365 9403 1707 116
internal_value=0 -3.29405e-09 -8.70592e-09 -1.13039e-08
internal_weight=25581 19591 11226 9519
internal_count=25581 19591 11226 9519
is_linear=0
shrinkage=0.000132856


Tree=560
num_leaves=8
num_cat=0
split_feature=13 6 9 6 6 13 0
split_gain=4.38081e-05 3.95523e-05 4.21151e-05 2.97506e-06 6.05018e-06 6.12651e-06 1.54691e-06
threshold=0.0060632254691378703 0.00025916863002328766 97081.849183461396 -0.013770201538228831 0.020182190515049218 0.0015265360864822836 19753.005000000001
decision_type=2 2 2 2 2 2 2
left_child=3 2 -2 -1 5 -5 -7
right_child=1 -3 -4 4 -6 6 -8
leaf_value=0 2.3820417040468499e-08 0 0 0 0 0 -4.5318811914531636e-09
leaf_weight=536 3893 4177 146 1014 163 965 14572
leaf_count=536 3893 4177 146 1014 163 965 14572
internal_value=0 9.67123e-09 1.90516e-08 -5.15236e-10 -1.84807e-09 -3.14648e-09 -4.18395e-09
internal_weight=25466 8216 4039 17250 16714 16551 15537
internal_count=25466 8216 4039 17250 16714 16551 15537
is_linear=0
shrinkage=0.000132856


Tree=561
num_leaves=8
num_cat=0
split_feature=13 6 9 6 6 13 0
split_gain=4.37941e-05 3.95392e-05 4.21085e-05 2.97373e-06 6.04889e-06 6.12548e-06 1.54656e-06
threshold=0.0060632254691378703 0.00025916863002328766 97081.849183461396 -0.013770201538228831 0.020182190515049218 0.0015265360864822836 19753.005000000001
decision_type=2 2 2 2 2 2 2
left_child=3 2 -2 -1 5 -5 -7
right_child=1 -3 -4 4 -6 6 -8
leaf_value=0 2.3817254085573709e-08 0 0 0 0 0 -4.5312794692079436e-09
leaf_weight=536 3893 4177 146 1014 163 965 14572
leaf_count=536 3893 4177 146 1014 163 965 14572
internal_value=0 9.66973e-09 1.90486e-08 -5.14728e-10 -1.84755e-09 -3.14595e-09 -4.18338e-09
internal_weight=25466 8216 4039 17250 16714 16551 15537
internal_count=25466 8216 4039 17250 16714 16551 15537
is_linear=0
shrinkage=0.000132856


Tree=562
num_leaves=8
num_cat=0
split_feature=13 6 9 6 6 13 0
split_gain=4.37801e-05 3.95262e-05 4.21018e-05 2.97241e-06 6.0476e-06 6.12445e-06 1.54622e-06
threshold=0.0060632254691378703 0.00025916863002328766 97081.849183461396 -0.013770201538228831 0.020182190515049218 0.0015265360864822836 19753.005000000001
decision_type=2 2 2 2 2 2 2
left_child=3 2 -2 -1 5 -5 -7
right_child=1 -3 -4 4 -6 6 -8
leaf_value=0 2.3814091506949596e-08 0 0 0 0 0 -4.5306774017140794e-09
leaf_weight=536 3893 4177 146 1014 163 965 14572
leaf_count=536 3893 4177 146 1014 163 965 14572
internal_value=0 9.66823e-09 1.90455e-08 -5.14219e-10 -1.84702e-09 -3.14542e-09 -4.18282e-09
internal_weight=25466 8216 4039 17250 16714 16551 15537
internal_count=25466 8216 4039 17250 16714 16551 15537
is_linear=0
shrinkage=0.000132856


Tree=563
num_leaves=8
num_cat=0
split_feature=13 6 9 6 6 13 0
split_gain=4.37661e-05 3.95131e-05 4.20952e-05 2.97108e-06 6.04631e-06 6.12342e-06 1.54587e-06
threshold=0.0060632254691378703 0.00025916863002328766 97081.849183461396 -0.013770201538228831 0.020182190515049218 0.0015265360864822836 19753.005000000001
decision_type=2 2 2 2 2 2 2
left_child=3 2 -2 -1 5 -5 -7
right_child=1 -3 -4 4 -6 6 -8
leaf_value=0 2.3810928706183241e-08 0 0 0 0 0 -4.530075727625121e-09
leaf_weight=536 3893 4177 146 1014 163 965 14572
leaf_count=536 3893 4177 146 1014 163 965 14572
internal_value=0 9.66673e-09 1.90425e-08 -5.13711e-10 -1.8465e-09 -3.14489e-09 -4.18225e-09
internal_weight=25466 8216 4039 17250 16714 16551 15537
internal_count=25466 8216 4039 17250 16714 16551 15537
is_linear=0
shrinkage=0.000132856


Tree=564
num_leaves=8
num_cat=0
split_feature=13 6 9 6 6 13 0
split_gain=4.37521e-05 3.95e-05 4.20885e-05 2.96976e-06 6.04502e-06 6.12239e-06 1.54552e-06
threshold=0.0060632254691378703 0.00025916863002328766 97081.849183461396 -0.013770201538228831 0.020182190515049218 0.0015265360864822836 19753.005000000001
decision_type=2 2 2 2 2 2 2
left_child=3 2 -2 -1 5 -5 -7
right_child=1 -3 -4 4 -6 6 -8
leaf_value=0 2.3807768281750971e-08 0 0 0 0 0 -4.5294740512590344e-09
leaf_weight=536 3893 4177 146 1014 163 965 14572
leaf_count=536 3893 4177 146 1014 163 965 14572
internal_value=0 9.66523e-09 1.90394e-08 -5.13202e-10 -1.84597e-09 -3.14436e-09 -4.18169e-09
internal_weight=25466 8216 4039 17250 16714 16551 15537
internal_count=25466 8216 4039 17250 16714 16551 15537
is_linear=0
shrinkage=0.000132856


Tree=565
num_leaves=8
num_cat=0
split_feature=13 6 9 6 6 13 0
split_gain=4.37381e-05 3.94869e-05 4.20819e-05 2.96843e-06 6.04373e-06 6.12136e-06 1.54518e-06
threshold=0.0060632254691378703 0.00025916863002328766 97081.849183461396 -0.013770201538228831 0.020182190515049218 0.0015265360864822836 19753.005000000001
decision_type=2 2 2 2 2 2 2
left_child=3 2 -2 -1 5 -5 -7
right_child=1 -3 -4 4 -6 6 -8
leaf_value=0 2.3804606992186211e-08 0 0 0 0 0 -4.5288720082104294e-09
leaf_weight=536 3893 4177 146 1014 163 965 14572
leaf_count=536 3893 4177 146 1014 163 965 14572
internal_value=0 9.66373e-09 1.90364e-08 -5.12694e-10 -1.84545e-09 -3.14383e-09 -4.18112e-09
internal_weight=25466 8216 4039 17250 16714 16551 15537
internal_count=25466 8216 4039 17250 16714 16551 15537
is_linear=0
shrinkage=0.000132856


Tree=566
num_leaves=8
num_cat=0
split_feature=13 6 9 6 6 13 0
split_gain=4.37241e-05 3.94738e-05 4.20752e-05 2.96711e-06 6.04244e-06 6.12033e-06 1.54483e-06
threshold=0.0060632254691378703 0.00025916863002328766 97081.849183461396 -0.013770201538228831 0.020182190515049218 0.0015265360864822836 19753.005000000001
decision_type=2 2 2 2 2 2 2
left_child=3 2 -2 -1 5 -5 -7
right_child=1 -3 -4 4 -6 6 -8
leaf_value=0 2.3801445627026855e-08 0 0 0 0 0 -4.5282706468265269e-09
leaf_weight=536 3893 4177 146 1014 163 965 14572
leaf_count=536 3893 4177 146 1014 163 965 14572
internal_value=0 9.66224e-09 1.90333e-08 -5.12186e-10 -1.84492e-09 -3.1433e-09 -4.18056e-09
internal_weight=25466 8216 4039 17250 16714 16551 15537
internal_count=25466 8216 4039 17250 16714 16551 15537
is_linear=0
shrinkage=0.000132856


Tree=567
num_leaves=8
num_cat=0
split_feature=13 6 9 6 6 13 0
split_gain=4.37101e-05 3.94608e-05 4.20686e-05 2.96579e-06 6.04115e-06 6.1193e-06 1.54449e-06
threshold=0.0060632254691378703 0.00025916863002328766 97081.849183461396 -0.013770201538228831 0.020182190515049218 0.0015265360864822836 19753.005000000001
decision_type=2 2 2 2 2 2 2
left_child=3 2 -2 -1 5 -5 -7
right_child=1 -3 -4 4 -6 6 -8
leaf_value=0 2.3798284572222174e-08 0 0 0 0 0 -4.5276687472334129e-09
leaf_weight=536 3893 4177 146 1014 163 965 14572
leaf_count=536 3893 4177 146 1014 163 965 14572
internal_value=0 9.66074e-09 1.90303e-08 -5.11677e-10 -1.8444e-09 -3.14277e-09 -4.18e-09
internal_weight=25466 8216 4039 17250 16714 16551 15537
internal_count=25466 8216 4039 17250 16714 16551 15537
is_linear=0
shrinkage=0.000132856


Tree=568
num_leaves=7
num_cat=0
split_feature=5 13 5 13 13 6
split_gain=3.0334e-05 2.61534e-05 2.10795e-05 9.83377e-06 9.04786e-06 4.88379e-06
threshold=-0.0026346477703487188 0.0051665264144016522 0.0067897839250067324 0.014597201720135936 0.003113132407578237 -0.025987472042939105
decision_type=2 2 2 2 2 2
left_child=1 -1 3 4 -2 -3
right_child=2 5 -4 -5 -6 -7
leaf_value=0 0 0 0 0 -7.630828813686804e-09 1.8668633288018928e-08
leaf_weight=2392 5372 386 2087 155 12111 3106
leaf_count=2392 5372 386 2087 155 12111 3106
internal_value=0 9.53741e-09 0 -4.59262e-09 -5.58624e-09 1.68922e-08
internal_weight=25609 5884 19725 17638 17483 3492
internal_count=25609 5884 19725 17638 17483 3492
is_linear=0
shrinkage=0.000132856


Tree=569
num_leaves=7
num_cat=0
split_feature=5 13 5 13 13 6
split_gain=3.03257e-05 2.6147e-05 2.10732e-05 9.83239e-06 9.04501e-06 4.88224e-06
threshold=-0.0026346477703487188 0.0051665264144016522 0.0067897839250067324 0.014597201720135936 0.003113132407578237 -0.025987472042939105
decision_type=2 2 2 2 2 2
left_child=1 -1 3 4 -2 -3
right_child=2 5 -4 -5 -6 -7
leaf_value=0 0 0 0 0 -7.6298152911357938e-09 1.8666153614990388e-08
leaf_weight=2392 5372 386 2087 155 12111 3106
leaf_count=2392 5372 386 2087 155 12111 3106
internal_value=0 9.5361e-09 0 -4.59192e-09 -5.58553e-09 1.689e-08
internal_weight=25609 5884 19725 17638 17483 3492
internal_count=25609 5884 19725 17638 17483 3492
is_linear=0
shrinkage=0.000132856


Tree=570
num_leaves=7
num_cat=0
split_feature=5 13 5 13 13 6
split_gain=3.03173e-05 2.61406e-05 2.10668e-05 9.83101e-06 9.04217e-06 4.88069e-06
threshold=-0.0026346477703487188 0.0051665264144016522 0.0067897839250067324 0.014597201720135936 0.003113132407578237 -0.025987472042939105
decision_type=2 2 2 2 2 2
left_child=1 -1 3 4 -2 -3
right_child=2 5 -4 -5 -6 -7
leaf_value=0 0 0 0 0 -7.6288016319335239e-09 1.8663675457419847e-08
leaf_weight=2392 5372 386 2087 155 12111 3106
leaf_count=2392 5372 386 2087 155 12111 3106
internal_value=0 9.53479e-09 0 -4.59123e-09 -5.58483e-09 1.68878e-08
internal_weight=25609 5884 19725 17638 17483 3492
internal_count=25609 5884 19725 17638 17483 3492
is_linear=0
shrinkage=0.000132856


Tree=571
num_leaves=7
num_cat=0
split_feature=5 13 5 13 13 6
split_gain=3.0309e-05 2.61341e-05 2.10604e-05 9.82963e-06 9.03933e-06 4.87914e-06
threshold=-0.0026346477703487188 0.0051665264144016522 0.0067897839250067324 0.014597201720135936 0.003113132407578237 -0.025987472042939105
decision_type=2 2 2 2 2 2
left_child=1 -1 3 4 -2 -3
right_child=2 5 -4 -5 -6 -7
leaf_value=0 0 0 0 0 -7.6277880679617985e-09 1.8661196649456501e-08
leaf_weight=2392 5372 386 2087 155 12111 3106
leaf_count=2392 5372 386 2087 155 12111 3106
internal_value=0 9.53348e-09 0 -4.59053e-09 -5.58413e-09 1.68856e-08
internal_weight=25609 5884 19725 17638 17483 3492
internal_count=25609 5884 19725 17638 17483 3492
is_linear=0
shrinkage=0.000132856


Tree=572
num_leaves=7
num_cat=0
split_feature=5 13 5 13 13 6
split_gain=3.03007e-05 2.61277e-05 2.1054e-05 9.82824e-06 9.03648e-06 4.87759e-06
threshold=-0.0026346477703487188 0.0051665264144016522 0.0067897839250067324 0.014597201720135936 0.003113132407578237 -0.025987472042939105
decision_type=2 2 2 2 2 2
left_child=1 -1 3 4 -2 -3
right_child=2 5 -4 -5 -6 -7
leaf_value=0 0 0 0 0 -7.6267748267377071e-09 1.8658719549930825e-08
leaf_weight=2392 5372 386 2087 155 12111 3106
leaf_count=2392 5372 386 2087 155 12111 3106
internal_value=0 9.53217e-09 0 -4.58984e-09 -5.58343e-09 1.68834e-08
internal_weight=25609 5884 19725 17638 17483 3492
internal_count=25609 5884 19725 17638 17483 3492
is_linear=0
shrinkage=0.000132856


Tree=573
num_leaves=7
num_cat=0
split_feature=5 13 5 13 13 6
split_gain=3.02924e-05 2.61213e-05 2.10476e-05 9.82686e-06 9.03364e-06 4.87604e-06
threshold=-0.0026346477703487188 0.0051665264144016522 0.0067897839250067324 0.014597201720135936 0.003113132407578237 -0.025987472042939105
decision_type=2 2 2 2 2 2
left_child=1 -1 3 4 -2 -3
right_child=2 5 -4 -5 -6 -7
leaf_value=0 0 0 0 0 -7.6257619682811475e-09 1.8656241864235229e-08
leaf_weight=2392 5372 386 2087 155 12111 3106
leaf_count=2392 5372 386 2087 155 12111 3106
internal_value=0 9.53086e-09 0 -4.58914e-09 -5.58273e-09 1.68812e-08
internal_weight=25609 5884 19725 17638 17483 3492
internal_count=25609 5884 19725 17638 17483 3492
is_linear=0
shrinkage=0.000132856


Tree=574
num_leaves=7
num_cat=0
split_feature=5 13 5 13 13 6
split_gain=3.02841e-05 2.61149e-05 2.10412e-05 9.82548e-06 9.0308e-06 4.87449e-06
threshold=-0.0026346477703487188 0.0051665264144016522 0.0067897839250067324 0.014597201720135936 0.003113132407578237 -0.025987472042939105
decision_type=2 2 2 2 2 2
left_child=1 -1 3 4 -2 -3
right_child=2 5 -4 -5 -6 -7
leaf_value=0 0 0 0 0 -7.6247489731447276e-09 1.8653765517501321e-08
leaf_weight=2392 5372 386 2087 155 12111 3106
leaf_count=2392 5372 386 2087 155 12111 3106
internal_value=0 9.52955e-09 0 -4.58845e-09 -5.58202e-09 1.6879e-08
internal_weight=25609 5884 19725 17638 17483 3492
internal_count=25609 5884 19725 17638 17483 3492
is_linear=0
shrinkage=0.000132856


Tree=575
num_leaves=7
num_cat=0
split_feature=5 13 5 13 13 6
split_gain=3.02757e-05 2.61085e-05 2.10349e-05 9.8241e-06 9.02796e-06 4.87294e-06
threshold=-0.0026346477703487188 0.0051665264144016522 0.0067897839250067324 0.014597201720135936 0.003113132407578237 -0.025987472042939105
decision_type=2 2 2 2 2 2
left_child=1 -1 3 4 -2 -3
right_child=2 5 -4 -5 -6 -7
leaf_value=0 0 0 0 0 -7.6237359389013855e-09 1.865128867879365e-08
leaf_weight=2392 5372 386 2087 155 12111 3106
leaf_count=2392 5372 386 2087 155 12111 3106
internal_value=0 9.52825e-09 0 -4.58775e-09 -5.58132e-09 1.68768e-08
internal_weight=25609 5884 19725 17638 17483 3492
internal_count=25609 5884 19725 17638 17483 3492
is_linear=0
shrinkage=0.000132856


Tree=576
num_leaves=4
num_cat=0
split_feature=13 13 13
split_gain=3.53556e-07 2.02153e-06 8.30199e-07
threshold=0.0053304558083521547 0.0077857898591017138 0.0012811390425579287
decision_type=2 2 2
left_child=2 -2 -1
right_child=1 -3 -4
leaf_value=0 2.4189229922639289e-09 0 -1.2025161755948563e-09
leaf_weight=628 6096 4517 14447
leaf_count=628 6096 4517 14447
internal_value=0 0 -6.43355e-10
internal_weight=25688 10613 15075
internal_count=25688 10613 15075
is_linear=0
shrinkage=0.000132856


Tree=577
num_leaves=4
num_cat=0
split_feature=13 13 13
split_gain=3.53388e-07 2.02099e-06 8.30053e-07
threshold=0.0053304558083521547 0.0077857898591017138 0.0012811390425579287
decision_type=2 2 2
left_child=2 -2 -1
right_child=1 -3 -4
leaf_value=0 2.418601953595243e-09 0 -1.2023563034273673e-09
leaf_weight=628 6096 4517 14447
leaf_count=628 6096 4517 14447
internal_value=0 0 -6.43202e-10
internal_weight=25688 10613 15075
internal_count=25688 10613 15075
is_linear=0
shrinkage=0.000132856


Tree=578
num_leaves=4
num_cat=0
split_feature=13 13 13
split_gain=3.5322e-07 2.02045e-06 8.29907e-07
threshold=0.0053304558083521547 0.0077857898591017138 0.0012811390425579287
decision_type=2 2 2
left_child=2 -2 -1
right_child=1 -3 -4
leaf_value=0 2.4182807826399145e-09 0 -1.2021969626223922e-09
leaf_weight=628 6096 4517 14447
leaf_count=628 6096 4517 14447
internal_value=0 0 -6.43049e-10
internal_weight=25688 10613 15075
internal_count=25688 10613 15075
is_linear=0
shrinkage=0.000132856


Tree=579
num_leaves=4
num_cat=0
split_feature=13 13 13
split_gain=3.53052e-07 2.01992e-06 8.29761e-07
threshold=0.0053304558083521547 0.0077857898591017138 0.0012811390425579287
decision_type=2 2 2
left_child=2 -2 -1
right_child=1 -3 -4
leaf_value=0 2.4179591223701396e-09 0 -1.2020370779599378e-09
leaf_weight=628 6096 4517 14447
leaf_count=628 6096 4517 14447
internal_value=0 0 -6.42896e-10
internal_weight=25688 10613 15075
internal_count=25688 10613 15075
is_linear=0
shrinkage=0.000132856


Tree=580
num_leaves=4
num_cat=0
split_feature=13 13 13
split_gain=3.52883e-07 2.01938e-06 8.29614e-07
threshold=0.0053304558083521547 0.0077857898591017138 0.0012811390425579287
decision_type=2 2 2
left_child=2 -2 -1
right_child=1 -3 -4
leaf_value=0 2.4176386900255534e-09 0 -1.2018771959214966e-09
leaf_weight=628 6096 4517 14447
leaf_count=628 6096 4517 14447
internal_value=0 0 -6.42743e-10
internal_weight=25688 10613 15075
internal_count=25688 10613 15075
is_linear=0
shrinkage=0.000132856


Tree=581
num_leaves=4
num_cat=0
split_feature=13 13 13
split_gain=3.52716e-07 2.01885e-06 8.29468e-07
threshold=0.0053304558083521547 0.0077857898591017138 0.0012811390425579287
decision_type=2 2 2
left_child=2 -2 -1
right_child=1 -3 -4
leaf_value=0 2.4173175918984675e-09 0 -1.2017177762515393e-09
leaf_weight=628 6096 4517 14447
leaf_count=628 6096 4517 14447
internal_value=0 0 -6.4259e-10
internal_weight=25688 10613 15075
internal_count=25688 10613 15075
is_linear=0
shrinkage=0.000132856


Tree=582
num_leaves=4
num_cat=0
split_feature=13 13 13
split_gain=3.52548e-07 2.01831e-06 8.29322e-07
threshold=0.0053304558083521547 0.0077857898591017138 0.0012811390425579287
decision_type=2 2 2
left_child=2 -2 -1
right_child=1 -3 -4
leaf_value=0 2.4169963834788481e-09 0 -1.2015581253616683e-09
leaf_weight=628 6096 4517 14447
leaf_count=628 6096 4517 14447
internal_value=0 0 -6.42437e-10
internal_weight=25688 10613 15075
internal_count=25688 10613 15075
is_linear=0
shrinkage=0.000132856


Tree=583
num_leaves=4
num_cat=0
split_feature=13 13 13
split_gain=3.5238e-07 2.01777e-06 8.29176e-07
threshold=0.0053304558083521547 0.0077857898591017138 0.0012811390425579287
decision_type=2 2 2
left_child=2 -2 -1
right_child=1 -3 -4
leaf_value=0 2.4166755606818516e-09 0 -1.2013984585507971e-09
leaf_weight=628 6096 4517 14447
leaf_count=628 6096 4517 14447
internal_value=0 0 -6.42284e-10
internal_weight=25688 10613 15075
internal_count=25688 10613 15075
is_linear=0
shrinkage=0.000132856


Tree=584
num_leaves=8
num_cat=0
split_feature=11 5 4 13 5 13 15
split_gain=9.23131e-06 5.3256e-05 3.03514e-05 3.73165e-05 3.32186e-05 2.41105e-05 1.2497e-05
threshold=61.632743582333269 -0.0049446088441149052 692.74441500000012 0.013478181938226497 0.0060817964016657297 0.0019827444438611968 270.06853167586456
decision_type=2 2 2 2 2 2 2
left_child=1 -1 -3 4 5 -4 -7
right_child=-2 2 3 -5 -6 6 -8
leaf_value=0 0 0 0 0 0 -1.9541851260593137e-08 0
leaf_weight=2723 6652 4158 795 387 1234 9241 563
leaf_count=2723 6652 4158 795 387 1234 9241 563
internal_value=0 -2.92052e-09 -8.20574e-09 -1.1579e-08 -1.39324e-08 -1.64928e-08 -1.83702e-08
internal_weight=25753 19101 16378 12220 11833 10599 9804
internal_count=25753 19101 16378 12220 11833 10599 9804
is_linear=0
shrinkage=0.000132856


Tree=585
num_leaves=8
num_cat=0
split_feature=11 5 4 13 5 13 15
split_gain=9.22337e-06 5.32416e-05 3.03422e-05 3.73101e-05 3.32116e-05 2.41054e-05 1.24938e-05
threshold=61.632743582333269 -0.0049446088441149052 692.74441500000012 0.013478181938226497 0.0060817964016657297 0.0019827444438611968 270.06853167586456
decision_type=2 2 2 2 2 2 2
left_child=1 -1 -3 4 5 -4 -7
right_child=-2 2 3 -5 -6 6 -8
leaf_value=0 0 0 0 0 0 -1.9539255383331251e-08 0
leaf_weight=2723 6652 4158 795 387 1234 9241 563
leaf_count=2723 6652 4158 795 387 1234 9241 563
internal_value=0 -2.91926e-09 -8.20428e-09 -1.15771e-08 -1.39303e-08 -1.64906e-08 -1.83678e-08
internal_weight=25753 19101 16378 12220 11833 10599 9804
internal_count=25753 19101 16378 12220 11833 10599 9804
is_linear=0
shrinkage=0.000132856


Tree=586
num_leaves=8
num_cat=0
split_feature=11 5 4 13 5 13 15
split_gain=9.21544e-06 5.32272e-05 3.0333e-05 3.73037e-05 3.32046e-05 2.41003e-05 1.24907e-05
threshold=61.632743582333269 -0.0049446088441149052 692.74441500000012 0.013478181938226497 0.0060817964016657297 0.0019827444438611968 270.06853167586456
decision_type=2 2 2 2 2 2 2
left_child=1 -1 -3 4 5 -4 -7
right_child=-2 2 3 -5 -6 6 -8
leaf_value=0 0 0 0 0 0 -1.9536660250820967e-08 0
leaf_weight=2723 6652 4158 795 387 1234 9241 563
leaf_count=2723 6652 4158 795 387 1234 9241 563
internal_value=0 -2.91801e-09 -8.20281e-09 -1.15751e-08 -1.39283e-08 -1.64883e-08 -1.83653e-08
internal_weight=25753 19101 16378 12220 11833 10599 9804
internal_count=25753 19101 16378 12220 11833 10599 9804
is_linear=0
shrinkage=0.000132856


Tree=587
num_leaves=8
num_cat=0
split_feature=11 5 4 13 5 13 15
split_gain=9.20751e-06 5.32129e-05 3.03239e-05 3.72973e-05 3.31977e-05 2.40952e-05 1.24875e-05
threshold=61.632743582333269 -0.0049446088441149052 692.74441500000012 0.013478181938226497 0.0060817964016657297 0.0019827444438611968 270.06853167586456
decision_type=2 2 2 2 2 2 2
left_child=1 -1 -3 4 5 -4 -7
right_child=-2 2 3 -5 -6 6 -8
leaf_value=0 0 0 0 0 0 -1.9534064877755546e-08 0
leaf_weight=2723 6652 4158 795 387 1234 9241 563
leaf_count=2723 6652 4158 795 387 1234 9241 563
internal_value=0 -2.91675e-09 -8.20135e-09 -1.15731e-08 -1.39263e-08 -1.64861e-08 -1.83629e-08
internal_weight=25753 19101 16378 12220 11833 10599 9804
internal_count=25753 19101 16378 12220 11833 10599 9804
is_linear=0
shrinkage=0.000132856


Tree=588
num_leaves=8
num_cat=0
split_feature=11 5 4 13 5 13 15
split_gain=9.19958e-06 5.31985e-05 3.03147e-05 3.72909e-05 3.31907e-05 2.40901e-05 1.24843e-05
threshold=61.632743582333269 -0.0049446088441149052 692.74441500000012 0.013478181938226497 0.0060817964016657297 0.0019827444438611968 270.06853167586456
decision_type=2 2 2 2 2 2 2
left_child=1 -1 -3 4 5 -4 -7
right_child=-2 2 3 -5 -6 6 -8
leaf_value=0 0 0 0 0 0 -1.9531470591817585e-08 0
leaf_weight=2723 6652 4158 795 387 1234 9241 563
leaf_count=2723 6652 4158 795 387 1234 9241 563
internal_value=0 -2.9155e-09 -8.19989e-09 -1.15712e-08 -1.39243e-08 -1.64838e-08 -1.83604e-08
internal_weight=25753 19101 16378 12220 11833 10599 9804
internal_count=25753 19101 16378 12220 11833 10599 9804
is_linear=0
shrinkage=0.000132856


Tree=589
num_leaves=8
num_cat=0
split_feature=11 5 4 13 5 13 15
split_gain=9.19166e-06 5.31841e-05 3.03055e-05 3.72845e-05 3.31838e-05 2.4085e-05 1.24811e-05
threshold=61.632743582333269 -0.0049446088441149052 692.74441500000012 0.013478181938226497 0.0060817964016657297 0.0019827444438611968 270.06853167586456
decision_type=2 2 2 2 2 2 2
left_child=1 -1 -3 4 5 -4 -7
right_child=-2 2 3 -5 -6 6 -8
leaf_value=0 0 0 0 0 0 -1.9528875987947865e-08 0
leaf_weight=2723 6652 4158 795 387 1234 9241 563
leaf_count=2723 6652 4158 795 387 1234 9241 563
internal_value=0 -2.91424e-09 -8.19842e-09 -1.15692e-08 -1.39222e-08 -1.64815e-08 -1.8358e-08
internal_weight=25753 19101 16378 12220 11833 10599 9804
internal_count=25753 19101 16378 12220 11833 10599 9804
is_linear=0
shrinkage=0.000132856


Tree=590
num_leaves=8
num_cat=0
split_feature=11 5 4 13 5 13 15
split_gain=9.18375e-06 5.31698e-05 3.02964e-05 3.72781e-05 3.31768e-05 2.40799e-05 1.24779e-05
threshold=61.632743582333269 -0.0049446088441149052 692.74441500000012 0.013478181938226497 0.0060817964016657297 0.0019827444438611968 270.06853167586456
decision_type=2 2 2 2 2 2 2
left_child=1 -1 -3 4 5 -4 -7
right_child=-2 2 3 -5 -6 6 -8
leaf_value=0 0 0 0 0 0 -1.9526282522865193e-08 0
leaf_weight=2723 6652 4158 795 387 1234 9241 563
leaf_count=2723 6652 4158 795 387 1234 9241 563
internal_value=0 -2.91299e-09 -8.19696e-09 -1.15672e-08 -1.39202e-08 -1.64793e-08 -1.83555e-08
internal_weight=25753 19101 16378 12220 11833 10599 9804
internal_count=25753 19101 16378 12220 11833 10599 9804
is_linear=0
shrinkage=0.000132856


Tree=591
num_leaves=8
num_cat=0
split_feature=11 5 4 13 5 13 15
split_gain=9.17584e-06 5.31554e-05 3.02872e-05 3.72717e-05 3.31699e-05 2.40748e-05 1.24748e-05
threshold=61.632743582333269 -0.0049446088441149052 692.74441500000012 0.013478181938226497 0.0060817964016657297 0.0019827444438611968 270.06853167586456
decision_type=2 2 2 2 2 2 2
left_child=1 -1 -3 4 5 -4 -7
right_child=-2 2 3 -5 -6 6 -8
leaf_value=0 0 0 0 0 0 -1.9523688843383979e-08 0
leaf_weight=2723 6652 4158 795 387 1234 9241 563
leaf_count=2723 6652 4158 795 387 1234 9241 563
internal_value=0 -2.91173e-09 -8.1955e-09 -1.15653e-08 -1.39182e-08 -1.6477e-08 -1.83531e-08
internal_weight=25753 19101 16378 12220 11833 10599 9804
internal_count=25753 19101 16378 12220 11833 10599 9804
is_linear=0
shrinkage=0.000132856


Tree=592
num_leaves=8
num_cat=0
split_feature=12 5 5 12 11 13 13
split_gain=5.3652e-06 3.43775e-05 3.90833e-05 2.44425e-05 1.28546e-05 4.95172e-06 2.96414e-07
threshold=0.015117989945162639 0.0060817964016657297 -0.0025697584393127855 0.002894268178755995 76.391993660796018 0.0014722006297198463 0.010565489044998985
decision_type=2 2 2 2 2 2 2
left_child=1 2 -1 -4 5 -5 -7
right_child=-2 -3 3 4 -6 6 -8
leaf_value=0 0 0 0 0 0 -1.3529104765182183e-08 0
leaf_weight=4460 3233 1241 3423 160 980 11702 397
leaf_count=4460 3233 1241 3423 160 980 11702 397
internal_value=0 -2.05773e-09 -5.76262e-09 -9.13743e-09 -1.17328e-08 -1.29293e-08 -1.32891e-08
internal_weight=25596 22363 21122 16662 13239 12259 12099
internal_count=25596 22363 21122 16662 13239 12259 12099
is_linear=0
shrinkage=0.000132856


Tree=593
num_leaves=8
num_cat=0
split_feature=12 5 5 12 11 13 13
split_gain=5.3603e-06 3.43686e-05 3.90752e-05 2.44363e-05 1.28518e-05 4.95087e-06 2.95842e-07
threshold=0.015117989945162639 0.0060817964016657297 -0.0025697584393127855 0.002894268178755995 76.391993660796018 0.0014722006297198463 0.010565489044998985
decision_type=2 2 2 2 2 2 2
left_child=1 2 -1 -4 5 -5 -7
right_child=-2 -3 3 4 -6 6 -8
leaf_value=0 0 0 0 0 0 -1.3527307780314694e-08 0
leaf_weight=4460 3233 1241 3423 160 980 11702 397
leaf_count=4460 3233 1241 3423 160 980 11702 397
internal_value=0 -2.05679e-09 -5.76162e-09 -9.13617e-09 -1.17312e-08 -1.29276e-08 -1.32873e-08
internal_weight=25596 22363 21122 16662 13239 12259 12099
internal_count=25596 22363 21122 16662 13239 12259 12099
is_linear=0
shrinkage=0.000132856


Tree=594
num_leaves=8
num_cat=0
split_feature=12 5 5 12 11 13 13
split_gain=5.35539e-06 3.43598e-05 3.90672e-05 2.44302e-05 1.28489e-05 4.95001e-06 2.9527e-07
threshold=0.015117989945162639 0.0060817964016657297 -0.0025697584393127855 0.002894268178755995 76.391993660796018 0.0014722006297198463 0.010565489044998985
decision_type=2 2 2 2 2 2 2
left_child=1 2 -1 -4 5 -5 -7
right_child=-2 -3 3 4 -6 6 -8
leaf_value=0 0 0 0 0 0 -1.352551057818252e-08 0
leaf_weight=4460 3233 1241 3423 160 980 11702 397
leaf_count=4460 3233 1241 3423 160 980 11702 397
internal_value=0 -2.05585e-09 -5.76063e-09 -9.13491e-09 -1.17296e-08 -1.29259e-08 -1.32856e-08
internal_weight=25596 22363 21122 16662 13239 12259 12099
internal_count=25596 22363 21122 16662 13239 12259 12099
is_linear=0
shrinkage=0.000132856


Tree=595
num_leaves=8
num_cat=0
split_feature=12 5 5 12 11 13 13
split_gain=5.3505e-06 3.4351e-05 3.90591e-05 2.4424e-05 1.28461e-05 4.94915e-06 2.94698e-07
threshold=0.015117989945162639 0.0060817964016657297 -0.0025697584393127855 0.002894268178755995 76.391993660796018 0.0014722006297198463 0.010565489044998985
decision_type=2 2 2 2 2 2 2
left_child=1 2 -1 -4 5 -5 -7
right_child=-2 -3 3 4 -6 6 -8
leaf_value=0 0 0 0 0 0 -1.3523714105668779e-08 0
leaf_weight=4460 3233 1241 3423 160 980 11702 397
leaf_count=4460 3233 1241 3423 160 980 11702 397
internal_value=0 -2.05491e-09 -5.75963e-09 -9.13365e-09 -1.1728e-08 -1.29241e-08 -1.32839e-08
internal_weight=25596 22363 21122 16662 13239 12259 12099
internal_count=25596 22363 21122 16662 13239 12259 12099
is_linear=0
shrinkage=0.000132856


Tree=596
num_leaves=8
num_cat=0
split_feature=12 5 5 12 11 13 13
split_gain=5.3456e-06 3.43422e-05 3.90511e-05 2.44178e-05 1.28432e-05 4.9483e-06 2.94127e-07
threshold=0.015117989945162639 0.0060817964016657297 -0.0025697584393127855 0.002894268178755995 76.391993660796018 0.0014722006297198463 0.010565489044998985
decision_type=2 2 2 2 2 2 2
left_child=1 2 -1 -4 5 -5 -7
right_child=-2 -3 3 4 -6 6 -8
leaf_value=0 0 0 0 0 0 -1.3521917582129432e-08 0
leaf_weight=4460 3233 1241 3423 160 980 11702 397
leaf_count=4460 3233 1241 3423 160 980 11702 397
internal_value=0 -2.05397e-09 -5.75864e-09 -9.13238e-09 -1.17265e-08 -1.29224e-08 -1.32821e-08
internal_weight=25596 22363 21122 16662 13239 12259 12099
internal_count=25596 22363 21122 16662 13239 12259 12099
is_linear=0
shrinkage=0.000132856


Tree=597
num_leaves=8
num_cat=0
split_feature=12 5 5 12 11 13 13
split_gain=5.34071e-06 3.43333e-05 3.90431e-05 2.44116e-05 1.28404e-05 4.94744e-06 2.93556e-07
threshold=0.015117989945162639 0.0060817964016657297 -0.0025697584393127855 0.002894268178755995 76.391993660796018 0.0014722006297198463 0.010565489044998985
decision_type=2 2 2 2 2 2 2
left_child=1 2 -1 -4 5 -5 -7
right_child=-2 -3 3 4 -6 6 -8
leaf_value=0 0 0 0 0 0 -1.3520121621053841e-08 0
leaf_weight=4460 3233 1241 3423 160 980 11702 397
leaf_count=4460 3233 1241 3423 160 980 11702 397
internal_value=0 -2.05303e-09 -5.75764e-09 -9.13112e-09 -1.17249e-08 -1.29207e-08 -1.32804e-08
internal_weight=25596 22363 21122 16662 13239 12259 12099
internal_count=25596 22363 21122 16662 13239 12259 12099
is_linear=0
shrinkage=0.000132856


Tree=598
num_leaves=8
num_cat=0
split_feature=12 5 5 12 11 13 13
split_gain=5.33582e-06 3.43245e-05 3.9035e-05 2.44054e-05 1.28375e-05 4.94658e-06 2.92985e-07
threshold=0.015117989945162639 0.0060817964016657297 -0.0025697584393127855 0.002894268178755995 76.391993660796018 0.0014722006297198463 0.010565489044998985
decision_type=2 2 2 2 2 2 2
left_child=1 2 -1 -4 5 -5 -7
right_child=-2 -3 3 4 -6 6 -8
leaf_value=0 0 0 0 0 0 -1.3518325227142959e-08 0
leaf_weight=4460 3233 1241 3423 160 980 11702 397
leaf_count=4460 3233 1241 3423 160 980 11702 397
internal_value=0 -2.05209e-09 -5.75665e-09 -9.12986e-09 -1.17233e-08 -1.2919e-08 -1.32786e-08
internal_weight=25596 22363 21122 16662 13239 12259 12099
internal_count=25596 22363 21122 16662 13239 12259 12099
is_linear=0
shrinkage=0.000132856


Tree=599
num_leaves=8
num_cat=0
split_feature=12 5 5 12 11 13 13
split_gain=5.33094e-06 3.43157e-05 3.9027e-05 2.43993e-05 1.28347e-05 4.94573e-06 2.92414e-07
threshold=0.015117989945162639 0.0060817964016657297 -0.0025697584393127855 0.002894268178755995 76.391993660796018 0.0014722006297198463 0.010565489044998985
decision_type=2 2 2 2 2 2 2
left_child=1 2 -1 -4 5 -5 -7
right_child=-2 -3 3 4 -6 6 -8
leaf_value=0 0 0 0 0 0 -1.3516530101965924e-08 0
leaf_weight=4460 3233 1241 3423 160 980 11702 397
leaf_count=4460 3233 1241 3423 160 980 11702 397
internal_value=0 -2.05115e-09 -5.75565e-09 -9.1286e-09 -1.17217e-08 -1.29173e-08 -1.32769e-08
internal_weight=25596 22363 21122 16662 13239 12259 12099
internal_count=25596 22363 21122 16662 13239 12259 12099
is_linear=0
shrinkage=0.000132856


Tree=600
num_leaves=3
num_cat=0
split_feature=5 5
split_gain=1.01787e-05 2.21492e-05
threshold=-0.0025697584393127855 0.011679406640418223
decision_type=2 2
left_child=-1 -2
right_child=1 -3
leaf_value=5.4074422320684229e-09 -4.5812858994637925e-09 0
leaf_weight=5982 18848 820
leaf_count=5982 18848 820
internal_value=0 -4.87883e-10
internal_weight=25650 19668
internal_count=25650 19668
is_linear=0
shrinkage=0.000132856


Tree=601
num_leaves=3
num_cat=0
split_feature=5 5
split_gain=1.01754e-05 2.21438e-05
threshold=-0.0025697584393127855 0.011679406640418223
decision_type=2 2
left_child=-1 -2
right_child=1 -3
leaf_value=5.4067243951471529e-09 -4.5806773111359913e-09 0
leaf_weight=5982 18848 820
leaf_count=5982 18848 820
internal_value=0 -4.873e-10
internal_weight=25650 19668
internal_count=25650 19668
is_linear=0
shrinkage=0.000132856


Tree=602
num_leaves=3
num_cat=0
split_feature=5 5
split_gain=1.01722e-05 2.21385e-05
threshold=-0.0025697584393127855 0.011679406640418223
decision_type=2 2
left_child=-1 -2
right_child=1 -3
leaf_value=5.4060069010100887e-09 -4.5800688959641047e-09 0
leaf_weight=5982 18848 820
leaf_count=5982 18848 820
internal_value=0 -4.86717e-10
internal_weight=25650 19668
internal_count=25650 19668
is_linear=0
shrinkage=0.000132856


Tree=603
num_leaves=3
num_cat=0
split_feature=5 5
split_gain=1.01689e-05 2.21332e-05
threshold=-0.0025697584393127855 0.011679406640418223
decision_type=2 2
left_child=-1 -2
right_child=1 -3
leaf_value=5.4052892074418245e-09 -4.5794605858960383e-09 0
leaf_weight=5982 18848 820
leaf_count=5982 18848 820
internal_value=0 -4.86134e-10
internal_weight=25650 19668
internal_count=25650 19668
is_linear=0
shrinkage=0.000132856


Tree=604
num_leaves=3
num_cat=0
split_feature=5 5
split_gain=1.01656e-05 2.21279e-05
threshold=-0.0025697584393127855 0.011679406640418223
decision_type=2 2
left_child=-1 -2
right_child=1 -3
leaf_value=5.4045716755457463e-09 -4.5788522431749932e-09 0
leaf_weight=5982 18848 820
leaf_count=5982 18848 820
internal_value=0 -4.85551e-10
internal_weight=25650 19668
internal_count=25650 19668
is_linear=0
shrinkage=0.000132856


Tree=605
num_leaves=3
num_cat=0
split_feature=5 5
split_gain=1.01624e-05 2.21226e-05
threshold=-0.0025697584393127855 0.011679406640418223
decision_type=2 2
left_child=-1 -2
right_child=1 -3
leaf_value=5.4038527301197713e-09 -4.5782439015412663e-09 0
leaf_weight=5982 18848 820
leaf_count=5982 18848 820
internal_value=0 -4.84968e-10
internal_weight=25650 19668
internal_count=25650 19668
is_linear=0
shrinkage=0.000132856


Tree=606
num_leaves=3
num_cat=0
split_feature=5 5
split_gain=1.01591e-05 2.21172e-05
threshold=-0.0025697584393127855 0.011679406640418223
decision_type=2 2
left_child=-1 -2
right_child=1 -3
leaf_value=5.403134812556756e-09 -4.5776357101099952e-09 0
leaf_weight=5982 18848 820
leaf_count=5982 18848 820
internal_value=0 -4.84385e-10
internal_weight=25650 19668
internal_count=25650 19668
is_linear=0
shrinkage=0.000132856


Tree=607
num_leaves=3
num_cat=0
split_feature=5 5
split_gain=1.01559e-05 2.21119e-05
threshold=-0.0025697584393127855 0.011679406640418223
decision_type=2 2
left_child=-1 -2
right_child=1 -3
leaf_value=5.4024171729869108e-09 -4.5770276748494096e-09 0
leaf_weight=5982 18848 820
leaf_count=5982 18848 820
internal_value=0 -4.83803e-10
internal_weight=25650 19668
internal_count=25650 19668
is_linear=0
shrinkage=0.000132856


Tree=608
num_leaves=7
num_cat=0
split_feature=6 13 6 13 5 5
split_gain=1.24559e-05 4.6394e-05 3.17237e-05 1.353e-05 2.20576e-05 6.90616e-06
threshold=0.00061528038305491705 0.004620885413703966 0.015841623641843054 0.0028139697852878386 0.0060817964016657297 -0.0028063561812451949
decision_type=2 2 2 2 2 2
left_child=1 -1 3 -2 5 -5
right_child=2 -3 -4 4 -6 -7
leaf_value=0 0 1.2074387864579695e-08 0 0 0 -1.4571870181366668e-08
leaf_weight=6842 1966 6989 1403 981 1208 6259
leaf_count=6842 1966 6989 1403 981 1208 6259
internal_value=0 3.80578e-09 -1.28438e-09 -7.45851e-09 -9.8404e-09 -1.2913e-08
internal_weight=25648 13831 11817 10414 8448 7240
internal_count=25648 13831 11817 10414 8448 7240
is_linear=0
shrinkage=0.000132856


Tree=609
num_leaves=7
num_cat=0
split_feature=6 13 6 13 5 5
split_gain=1.24493e-05 4.63835e-05 3.17152e-05 1.35268e-05 2.20533e-05 6.90388e-06
threshold=0.00061528038305491705 0.004620885413703966 0.015841623641843054 0.0028139697852878386 0.0060817964016657297 -0.0028063561812451949
decision_type=2 2 2 2 2 2
left_child=1 -1 3 -2 5 -5
right_child=2 -3 -4 4 -6 -7
leaf_value=0 0 1.2072784663825113e-08 0 0 0 -1.4569934517099707e-08
leaf_weight=6842 1966 6989 1403 981 1208 6259
leaf_count=6842 1966 6989 1403 981 1208 6259
internal_value=0 3.80497e-09 -1.28335e-09 -7.45734e-09 -9.83897e-09 -1.29113e-08
internal_weight=25648 13831 11817 10414 8448 7240
internal_count=25648 13831 11817 10414 8448 7240
is_linear=0
shrinkage=0.000132856


Tree=610
num_leaves=7
num_cat=0
split_feature=6 13 6 13 5 5
split_gain=1.24427e-05 4.6373e-05 3.17067e-05 1.35235e-05 2.20491e-05 6.9016e-06
threshold=0.00061528038305491705 0.004620885413703966 0.015841623641843054 0.0028139697852878386 0.0060817964016657297 -0.0028063561812451949
decision_type=2 2 2 2 2 2
left_child=1 -1 3 -2 5 -5
right_child=2 -3 -4 4 -6 -7
leaf_value=0 0 1.2071181298429632e-08 0 0 0 -1.4567999217845389e-08
leaf_weight=6842 1966 6989 1403 981 1208 6259
leaf_count=6842 1966 6989 1403 981 1208 6259
internal_value=0 3.80416e-09 -1.28233e-09 -7.45618e-09 -9.83754e-09 -1.29096e-08
internal_weight=25648 13831 11817 10414 8448 7240
internal_count=25648 13831 11817 10414 8448 7240
is_linear=0
shrinkage=0.000132856


Tree=611
num_leaves=7
num_cat=0
split_feature=6 13 6 13 5 5
split_gain=1.24361e-05 4.63625e-05 3.16983e-05 1.35202e-05 2.20449e-05 6.89932e-06
threshold=0.00061528038305491705 0.004620885413703966 0.015841623641843054 0.0028139697852878386 0.0060817964016657297 -0.0028063561812451949
decision_type=2 2 2 2 2 2
left_child=1 -1 3 -2 5 -5
right_child=2 -3 -4 4 -6 -7
leaf_value=0 0 1.206957882266796e-08 0 0 0 -1.4566064737643536e-08
leaf_weight=6842 1966 6989 1403 981 1208 6259
leaf_count=6842 1966 6989 1403 981 1208 6259
internal_value=0 3.80335e-09 -1.2813e-09 -7.45502e-09 -9.8361e-09 -1.29079e-08
internal_weight=25648 13831 11817 10414 8448 7240
internal_count=25648 13831 11817 10414 8448 7240
is_linear=0
shrinkage=0.000132856


Tree=612
num_leaves=7
num_cat=0
split_feature=6 13 6 13 5 5
split_gain=1.24295e-05 4.6352e-05 3.16898e-05 1.3517e-05 2.20407e-05 6.89705e-06
threshold=0.00061528038305491705 0.004620885413703966 0.015841623641843054 0.0028139697852878386 0.0060817964016657297 -0.0028063561812451949
decision_type=2 2 2 2 2 2
left_child=1 -1 3 -2 5 -5
right_child=2 -3 -4 4 -6 -7
leaf_value=0 0 1.2067974918114416e-08 0 0 0 -1.4564130050576819e-08
leaf_weight=6842 1966 6989 1403 981 1208 6259
leaf_count=6842 1966 6989 1403 981 1208 6259
internal_value=0 3.80254e-09 -1.28028e-09 -7.45385e-09 -9.83467e-09 -1.29063e-08
internal_weight=25648 13831 11817 10414 8448 7240
internal_count=25648 13831 11817 10414 8448 7240
is_linear=0
shrinkage=0.000132856


Tree=613
num_leaves=7
num_cat=0
split_feature=6 13 6 13 5 5
split_gain=1.2423e-05 4.63415e-05 3.16813e-05 1.35137e-05 2.20365e-05 6.89477e-06
threshold=0.00061528038305491705 0.004620885413703966 0.015841623641843054 0.0028139697852878386 0.0060817964016657297 -0.0028063561812451949
decision_type=2 2 2 2 2 2
left_child=1 -1 3 -2 5 -5
right_child=2 -3 -4 4 -6 -7
leaf_value=0 0 1.2066372145818942e-08 0 0 0 -1.4562195646927967e-08
leaf_weight=6842 1966 6989 1403 981 1208 6259
leaf_count=6842 1966 6989 1403 981 1208 6259
internal_value=0 3.80173e-09 -1.27925e-09 -7.45269e-09 -9.83324e-09 -1.29046e-08
internal_weight=25648 13831 11817 10414 8448 7240
internal_count=25648 13831 11817 10414 8448 7240
is_linear=0
shrinkage=0.000132856


Tree=614
num_leaves=7
num_cat=0
split_feature=6 13 6 13 5 5
split_gain=1.24164e-05 4.6331e-05 3.16729e-05 1.35104e-05 2.20323e-05 6.8925e-06
threshold=0.00061528038305491705 0.004620885413703966 0.015841623641843054 0.0028139697852878386 0.0060817964016657297 -0.0028063561812451949
decision_type=2 2 2 2 2 2
left_child=1 -1 3 -2 5 -5
right_child=2 -3 -4 4 -6 -7
leaf_value=0 0 1.2064769503353146e-08 0 0 0 -1.4560261902784642e-08
leaf_weight=6842 1966 6989 1403 981 1208 6259
leaf_count=6842 1966 6989 1403 981 1208 6259
internal_value=0 3.80092e-09 -1.27823e-09 -7.45153e-09 -9.8318e-09 -1.29029e-08
internal_weight=25648 13831 11817 10414 8448 7240
internal_count=25648 13831 11817 10414 8448 7240
is_linear=0
shrinkage=0.000132856


Tree=615
num_leaves=7
num_cat=0
split_feature=6 13 6 13 5 5
split_gain=1.24098e-05 4.63205e-05 3.16644e-05 1.35072e-05 2.20281e-05 6.89023e-06
threshold=0.00061528038305491705 0.004620885413703966 0.015841623641843054 0.0028139697852878386 0.0060817964016657297 -0.0028063561812451949
decision_type=2 2 2 2 2 2
left_child=1 -1 3 -2 5 -5
right_child=2 -3 -4 4 -6 -7
leaf_value=0 0 1.2063166524458805e-08 0 0 0 -1.4558327843481969e-08
leaf_weight=6842 1966 6989 1403 981 1208 6259
leaf_count=6842 1966 6989 1403 981 1208 6259
internal_value=0 3.8001e-09 -1.27721e-09 -7.45036e-09 -9.83037e-09 -1.29013e-08
internal_weight=25648 13831 11817 10414 8448 7240
internal_count=25648 13831 11817 10414 8448 7240
is_linear=0
shrinkage=0.000132856


Tree=616
num_leaves=4
num_cat=0
split_feature=12 8 8
split_gain=1.63528e-05 1.98779e-06 1.35785e-06
threshold=0.015117989945162639 39092.461508783294 96403.38677974102
decision_type=2 2 2
left_child=1 -1 -2
right_child=2 -3 -4
leaf_value=0 1.004330986887395e-08 -1.6116412303519539e-09 0
leaf_weight=8983 3097 13506 110
leaf_count=8983 3097 13506 110
internal_value=0 0 9.48379e-09
internal_weight=25696 22489 3207
internal_count=25696 22489 3207
is_linear=0
shrinkage=0.000132856


Tree=617
num_leaves=4
num_cat=0
split_feature=12 8 8
split_gain=1.63483e-05 1.98726e-06 1.35759e-06
threshold=0.015117989945162639 39092.461508783294 96403.38677974102
decision_type=2 2 2
left_child=1 -1 -2
right_child=2 -3 -4
leaf_value=0 1.0041975358394359e-08 -1.6114272437560429e-09 0
leaf_weight=8983 3097 13506 110
leaf_count=8983 3097 13506 110
internal_value=0 0 9.4825e-09
internal_weight=25696 22489 3207
internal_count=25696 22489 3207
is_linear=0
shrinkage=0.000132856


Tree=618
num_leaves=4
num_cat=0
split_feature=12 8 8
split_gain=1.63439e-05 1.98673e-06 1.35733e-06
threshold=0.015117989945162639 39092.461508783294 96403.38677974102
decision_type=2 2 2
left_child=1 -1 -2
right_child=2 -3 -4
leaf_value=0 1.004064316483993e-08 -1.6112127194541588e-09 0
leaf_weight=8983 3097 13506 110
leaf_count=8983 3097 13506 110
internal_value=0 0 9.48121e-09
internal_weight=25696 22489 3207
internal_count=25696 22489 3207
is_linear=0
shrinkage=0.000132856


Tree=619
num_leaves=4
num_cat=0
split_feature=12 8 8
split_gain=1.63394e-05 1.98621e-06 1.35707e-06
threshold=0.015117989945162639 39092.461508783294 96403.38677974102
decision_type=2 2 2
left_child=1 -1 -2
right_child=2 -3 -4
leaf_value=0 1.0039309777976736e-08 -1.6109989937551218e-09 0
leaf_weight=8983 3097 13506 110
leaf_count=8983 3097 13506 110
internal_value=0 0 9.47993e-09
internal_weight=25696 22489 3207
internal_count=25696 22489 3207
is_linear=0
shrinkage=0.000132856


Tree=620
num_leaves=4
num_cat=0
split_feature=12 8 8
split_gain=1.6335e-05 1.98568e-06 1.3568e-06
threshold=0.015117989945162639 39092.461508783294 96403.38677974102
decision_type=2 2 2
left_child=1 -1 -2
right_child=2 -3 -4
leaf_value=0 1.0037977425133823e-08 -1.610784972268266e-09 0
leaf_weight=8983 3097 13506 110
leaf_count=8983 3097 13506 110
internal_value=0 0 9.47864e-09
internal_weight=25696 22489 3207
internal_count=25696 22489 3207
is_linear=0
shrinkage=0.000132856


Tree=621
num_leaves=4
num_cat=0
split_feature=12 8 8
split_gain=1.63306e-05 1.98515e-06 1.35654e-06
threshold=0.015117989945162639 39092.461508783294 96403.38677974102
decision_type=2 2 2
left_child=1 -1 -2
right_child=2 -3 -4
leaf_value=0 1.0036646001870114e-08 -1.6105710145410074e-09 0
leaf_weight=8983 3097 13506 110
leaf_count=8983 3097 13506 110
internal_value=0 0 9.47735e-09
internal_weight=25696 22489 3207
internal_count=25696 22489 3207
is_linear=0
shrinkage=0.000132856


Tree=622
num_leaves=4
num_cat=0
split_feature=12 8 8
split_gain=1.63261e-05 1.98462e-06 1.35628e-06
threshold=0.015117989945162639 39092.461508783294 96403.38677974102
decision_type=2 2 2
left_child=1 -1 -2
right_child=2 -3 -4
leaf_value=0 1.0035311250303669e-08 -1.6103569491744937e-09 0
leaf_weight=8983 3097 13506 110
leaf_count=8983 3097 13506 110
internal_value=0 0 9.47606e-09
internal_weight=25696 22489 3207
internal_count=25696 22489 3207
is_linear=0
shrinkage=0.000132856


Tree=623
num_leaves=4
num_cat=0
split_feature=12 8 8
split_gain=1.63217e-05 1.9841e-06 1.35602e-06
threshold=0.015117989945162639 39092.461508783294 96403.38677974102
decision_type=2 2 2
left_child=1 -1 -2
right_child=2 -3 -4
leaf_value=0 1.0033979297904322e-08 -1.6101432169650967e-09 0
leaf_weight=8983 3097 13506 110
leaf_count=8983 3097 13506 110
internal_value=0 0 9.47478e-09
internal_weight=25696 22489 3207
internal_count=25696 22489 3207
is_linear=0
shrinkage=0.000132856


Tree=624
num_leaves=8
num_cat=0
split_feature=5 2 14 2 5 2 2
split_gain=1.48408e-05 1.19322e-05 2.93861e-06 6.04547e-06 1.41289e-05 7.43243e-06 6.13517e-08
threshold=0.006596740420136916 99641.530000000013 -0.0034661152304984451 18777.705000000005 -0.021098226676371564 86929.520000000019 19808.780000000002
decision_type=2 2 2 2 2 2 2
left_child=2 -2 3 -1 -5 6 -6
right_child=1 -3 -4 4 5 -7 -8
leaf_value=0 1.5130708821317564e-08 0 0 0 0 0 -8.9747154620255704e-09
leaf_weight=289 2062 108 14431 187 260 1388 6705
leaf_count=289 2062 108 14431 187 260 1388 6705
internal_value=0 1.09816e-08 0 -2.4235e-09 -4.30858e-09 -6.98766e-09 -8.79683e-09
internal_weight=25430 2170 23260 8829 8540 8353 6965
internal_count=25430 2170 23260 8829 8540 8353 6965
is_linear=0
shrinkage=0.000132856


Tree=625
num_leaves=8
num_cat=0
split_feature=5 2 14 2 5 2 2
split_gain=1.48356e-05 1.19303e-05 2.93641e-06 6.04376e-06 1.41264e-05 7.43079e-06 6.11906e-08
threshold=0.006596740420136916 99641.530000000013 -0.0034661152304984451 18777.705000000005 -0.021098226676371564 86929.520000000019 19808.780000000002
decision_type=2 2 2 2 2 2 2
left_child=2 -2 3 -1 -5 6 -6
right_child=1 -3 -4 4 5 -7 -8
leaf_value=0 1.5128699714595673e-08 0 0 0 0 0 -8.9735235423420605e-09
leaf_weight=289 2062 108 14431 187 260 1388 6705
leaf_count=289 2062 108 14431 187 260 1388 6705
internal_value=0 1.09797e-08 0 -2.4226e-09 -4.30764e-09 -6.9867e-09 -8.79569e-09
internal_weight=25430 2170 23260 8829 8540 8353 6965
internal_count=25430 2170 23260 8829 8540 8353 6965
is_linear=0
shrinkage=0.000132856


Tree=626
num_leaves=8
num_cat=0
split_feature=5 2 14 2 5 2 2
split_gain=1.48304e-05 1.19283e-05 2.93422e-06 6.04205e-06 1.4124e-05 7.42916e-06 6.10295e-08
threshold=0.006596740420136916 99641.530000000013 -0.0034661152304984451 18777.705000000005 -0.021098226676371564 86929.520000000019 19808.780000000002
decision_type=2 2 2 2 2 2 2
left_child=2 -2 3 -1 -5 6 -6
right_child=1 -3 -4 4 5 -7 -8
leaf_value=0 1.5126691519536004e-08 0 0 0 0 0 -8.9723316240997821e-09
leaf_weight=289 2062 108 14431 187 260 1388 6705
leaf_count=289 2062 108 14431 187 260 1388 6705
internal_value=0 1.09778e-08 0 -2.42169e-09 -4.30671e-09 -6.98575e-09 -8.79454e-09
internal_weight=25430 2170 23260 8829 8540 8353 6965
internal_count=25430 2170 23260 8829 8540 8353 6965
is_linear=0
shrinkage=0.000132856


Tree=627
num_leaves=8
num_cat=0
split_feature=5 2 14 2 5 2 2
split_gain=1.48253e-05 1.19264e-05 2.93202e-06 6.04034e-06 1.41216e-05 7.42752e-06 6.08684e-08
threshold=0.006596740420136916 99641.530000000013 -0.0034661152304984451 18777.705000000005 -0.021098226676371564 86929.520000000019 19808.780000000002
decision_type=2 2 2 2 2 2 2
left_child=2 -2 3 -1 -5 6 -6
right_child=1 -3 -4 4 5 -7 -8
leaf_value=0 1.5124683890718162e-08 0 0 0 0 0 -8.9711393354162188e-09
leaf_weight=289 2062 108 14431 187 260 1388 6705
leaf_count=289 2062 108 14431 187 260 1388 6705
internal_value=0 1.09758e-08 0 -2.42079e-09 -4.30577e-09 -6.98479e-09 -8.79339e-09
internal_weight=25430 2170 23260 8829 8540 8353 6965
internal_count=25430 2170 23260 8829 8540 8353 6965
is_linear=0
shrinkage=0.000132856


Tree=628
num_leaves=8
num_cat=0
split_feature=5 2 14 2 5 2 2
split_gain=1.48201e-05 1.19244e-05 2.92983e-06 6.03864e-06 1.41192e-05 7.42588e-06 6.07076e-08
threshold=0.006596740420136916 99641.530000000013 -0.0034661152304984451 18777.705000000005 -0.021098226676371564 86929.520000000019 19808.780000000002
decision_type=2 2 2 2 2 2 2
left_child=2 -2 3 -1 -5 6 -6
right_child=1 -3 -4 4 5 -7 -8
leaf_value=0 1.5122676376050178e-08 0 0 0 0 0 -8.969948386827078e-09
leaf_weight=289 2062 108 14431 187 260 1388 6705
leaf_count=289 2062 108 14431 187 260 1388 6705
internal_value=0 1.09739e-08 0 -2.41988e-09 -4.30484e-09 -6.98383e-09 -8.79224e-09
internal_weight=25430 2170 23260 8829 8540 8353 6965
internal_count=25430 2170 23260 8829 8540 8353 6965
is_linear=0
shrinkage=0.000132856


Tree=629
num_leaves=8
num_cat=0
split_feature=5 2 14 2 5 2 2
split_gain=1.4815e-05 1.19225e-05 2.92764e-06 6.03693e-06 1.41167e-05 7.42424e-06 6.05467e-08
threshold=0.006596740420136916 99641.530000000013 -0.0034661152304984451 18777.705000000005 -0.021098226676371564 86929.520000000019 19808.780000000002
decision_type=2 2 2 2 2 2 2
left_child=2 -2 3 -1 -5 6 -6
right_child=1 -3 -4 4 5 -7 -8
leaf_value=0 1.5120668970644098e-08 0 0 0 0 0 -8.9687569841760111e-09
leaf_weight=289 2062 108 14431 187 260 1388 6705
leaf_count=289 2062 108 14431 187 260 1388 6705
internal_value=0 1.0972e-08 0 -2.41898e-09 -4.3039e-09 -6.98288e-09 -8.7911e-09
internal_weight=25430 2170 23260 8829 8540 8353 6965
internal_count=25430 2170 23260 8829 8540 8353 6965
is_linear=0
shrinkage=0.000132856


Tree=630
num_leaves=8
num_cat=0
split_feature=5 2 14 2 5 2 2
split_gain=1.48098e-05 1.19205e-05 2.92545e-06 6.03523e-06 1.41143e-05 7.42261e-06 6.03859e-08
threshold=0.006596740420136916 99641.530000000013 -0.0034661152304984451 18777.705000000005 -0.021098226676371564 86929.520000000019 19808.780000000002
decision_type=2 2 2 2 2 2 2
left_child=2 -2 3 -1 -5 6 -6
right_child=1 -3 -4 4 5 -7 -8
leaf_value=0 1.5118662372745814e-08 0 0 0 0 0 -8.9675660622203622e-09
leaf_weight=289 2062 108 14431 187 260 1388 6705
leaf_count=289 2062 108 14431 187 260 1388 6705
internal_value=0 1.09701e-08 0 -2.41807e-09 -4.30297e-09 -6.98192e-09 -8.78995e-09
internal_weight=25430 2170 23260 8829 8540 8353 6965
internal_count=25430 2170 23260 8829 8540 8353 6965
is_linear=0
shrinkage=0.000132856


Tree=631
num_leaves=8
num_cat=0
split_feature=5 2 14 2 5 2 2
split_gain=1.48047e-05 1.19186e-05 2.92327e-06 6.03352e-06 1.41119e-05 7.42097e-06 6.02252e-08
threshold=0.006596740420136916 99641.530000000013 -0.0034661152304984451 18777.705000000005 -0.021098226676371564 86929.520000000019 19808.780000000002
decision_type=2 2 2 2 2 2 2
left_child=2 -2 3 -1 -5 6 -6
right_child=1 -3 -4 4 5 -7 -8
leaf_value=0 1.5116656521124172e-08 0 0 0 0 0 -8.9663752295399327e-09
leaf_weight=289 2062 108 14431 187 260 1388 6705
leaf_count=289 2062 108 14431 187 260 1388 6705
internal_value=0 1.09682e-08 0 -2.41717e-09 -4.30203e-09 -6.98096e-09 -8.78881e-09
internal_weight=25430 2170 23260 8829 8540 8353 6965
internal_count=25430 2170 23260 8829 8540 8353 6965
is_linear=0
shrinkage=0.000132856


Tree=632
num_leaves=6
num_cat=0
split_feature=13 7 13 7 7
split_gain=4.1769e-07 2.60821e-06 3.60041e-06 2.60887e-06 1.87736e-07
threshold=0.0070725977924481539 -0.05532277153931691 0.0020459316848726208 0.046282009259959851 0.098964201719195191
decision_type=2 2 2 2 2
left_child=1 -1 -3 -4 -2
right_child=4 2 3 -5 -6
leaf_value=0 7.7576743325739189e-10 0 -3.1249828368655446e-09 0 0
leaf_weight=142 5504 2435 16690 568 194
leaf_count=142 5504 2435 16690 568 194
internal_value=0 -6.09633e-10 -1.64675e-09 -2.60312e-09 0
internal_weight=25533 19835 19693 17258 5698
internal_count=25533 19835 19693 17258 5698
is_linear=0
shrinkage=0.000132856


Tree=633
num_leaves=6
num_cat=0
split_feature=13 7 13 7 7
split_gain=4.17212e-07 2.60739e-06 3.59966e-06 2.60846e-06 1.87686e-07
threshold=0.0070725977924481539 -0.05532277153931691 0.0020459316848726208 0.046282009259959851 0.098964201719195191
decision_type=2 2 2 2 2
left_child=1 -1 -3 -4 -2
right_child=4 2 3 -5 -6
leaf_value=0 7.7566330139763094e-10 0 -3.1245676814062961e-09 0 0
leaf_weight=142 5504 2435 16690 568 194
leaf_count=142 5504 2435 16690 568 194
internal_value=0 -6.09284e-10 -1.6464e-09 -2.60272e-09 0
internal_weight=25533 19835 19693 17258 5698
internal_count=25533 19835 19693 17258 5698
is_linear=0
shrinkage=0.000132856


Tree=634
num_leaves=6
num_cat=0
split_feature=13 7 13 7 7
split_gain=4.16733e-07 2.60658e-06 3.59891e-06 2.60805e-06 1.87636e-07
threshold=0.0070725977924481539 -0.05532277153931691 0.0020459316848726208 0.046282009259959851 0.098964201719195191
decision_type=2 2 2 2 2
left_child=1 -1 -3 -4 -2
right_child=4 2 3 -5 -6
leaf_value=0 7.7556048855769538e-10 0 -3.1241526917407205e-09 0 0
leaf_weight=142 5504 2435 16690 568 194
leaf_count=142 5504 2435 16690 568 194
internal_value=0 -6.08935e-10 -1.64605e-09 -2.60232e-09 0
internal_weight=25533 19835 19693 17258 5698
internal_count=25533 19835 19693 17258 5698
is_linear=0
shrinkage=0.000132856


Tree=635
num_leaves=6
num_cat=0
split_feature=13 7 13 7 7
split_gain=4.16256e-07 2.60577e-06 3.59816e-06 2.60764e-06 1.87587e-07
threshold=0.0070725977924481539 -0.05532277153931691 0.0020459316848726208 0.046282009259959851 0.098964201719195191
decision_type=2 2 2 2 2
left_child=1 -1 -3 -4 -2
right_child=4 2 3 -5 -6
leaf_value=0 7.7545841238043532e-10 0 -3.1237377600317986e-09 0 0
leaf_weight=142 5504 2435 16690 568 194
leaf_count=142 5504 2435 16690 568 194
internal_value=0 -6.08585e-10 -1.6457e-09 -2.60192e-09 0
internal_weight=25533 19835 19693 17258 5698
internal_count=25533 19835 19693 17258 5698
is_linear=0
shrinkage=0.000132856


Tree=636
num_leaves=6
num_cat=0
split_feature=13 7 13 7 7
split_gain=4.15778e-07 2.60495e-06 3.59741e-06 2.60723e-06 1.87537e-07
threshold=0.0070725977924481539 -0.05532277153931691 0.0020459316848726208 0.046282009259959851 0.098964201719195191
decision_type=2 2 2 2 2
left_child=1 -1 -3 -4 -2
right_child=4 2 3 -5 -6
leaf_value=0 7.7535444525551068e-10 0 -3.1233227290227112e-09 0 0
leaf_weight=142 5504 2435 16690 568 194
leaf_count=142 5504 2435 16690 568 194
internal_value=0 -6.08236e-10 -1.64535e-09 -2.60152e-09 0
internal_weight=25533 19835 19693 17258 5698
internal_count=25533 19835 19693 17258 5698
is_linear=0
shrinkage=0.000132856


Tree=637
num_leaves=6
num_cat=0
split_feature=13 7 13 7 7
split_gain=4.15301e-07 2.60414e-06 3.59666e-06 2.60682e-06 1.87488e-07
threshold=0.0070725977924481539 -0.05532277153931691 0.0020459316848726208 0.046282009259959851 0.098964201719195191
decision_type=2 2 2 2 2
left_child=1 -1 -3 -4 -2
right_child=4 2 3 -5 -6
leaf_value=0 7.7525292380129224e-10 0 -3.1229078597083038e-09 0 0
leaf_weight=142 5504 2435 16690 568 194
leaf_count=142 5504 2435 16690 568 194
internal_value=0 -6.07887e-10 -1.64499e-09 -2.60112e-09 0
internal_weight=25533 19835 19693 17258 5698
internal_count=25533 19835 19693 17258 5698
is_linear=0
shrinkage=0.000132856


Tree=638
num_leaves=6
num_cat=0
split_feature=13 7 13 7 7
split_gain=4.14824e-07 2.60332e-06 3.59591e-06 2.60641e-06 1.87437e-07
threshold=0.0070725977924481539 -0.05532277153931691 0.0020459316848726208 0.046282009259959851 0.098964201719195191
decision_type=2 2 2 2 2
left_child=1 -1 -3 -4 -2
right_child=4 2 3 -5 -6
leaf_value=0 7.7514835797027123e-10 0 -3.1224928929084186e-09 0 0
leaf_weight=142 5504 2435 16690 568 194
leaf_count=142 5504 2435 16690 568 194
internal_value=0 -6.07538e-10 -1.64464e-09 -2.60071e-09 0
internal_weight=25533 19835 19693 17258 5698
internal_count=25533 19835 19693 17258 5698
is_linear=0
shrinkage=0.000132856


Tree=639
num_leaves=6
num_cat=0
split_feature=13 7 13 7 7
split_gain=4.14348e-07 2.60251e-06 3.59516e-06 2.606e-06 1.87388e-07
threshold=0.0070725977924481539 -0.05532277153931691 0.0020459316848726208 0.046282009259959851 0.098964201719195191
decision_type=2 2 2 2 2
left_child=1 -1 -3 -4 -2
right_child=4 2 3 -5 -6
leaf_value=0 7.7504627033777606e-10 0 -3.1220781938377624e-09 0 0
leaf_weight=142 5504 2435 16690 568 194
leaf_count=142 5504 2435 16690 568 194
internal_value=0 -6.07189e-10 -1.64429e-09 -2.60031e-09 0
internal_weight=25533 19835 19693 17258 5698
internal_count=25533 19835 19693 17258 5698
is_linear=0
shrinkage=0.000132856


Tree=640
num_leaves=6
num_cat=0
split_feature=5 13 5 13 13
split_gain=3.52237e-06 6.7523e-05 4.01234e-05 4.50695e-05 1.68598e-05
threshold=-0.0022223398294529124 0.0052206195458581938 0.0060817964016657297 0.003113132407578237 0.015305475624404674
decision_type=2 2 2 2 2
left_child=1 -1 3 -2 -5
right_child=2 -3 -4 4 -6
leaf_value=0 0 1.8015058747804511e-08 0 -1.2841038270134879e-08 0
leaf_weight=2919 5058 3752 2519 11138 111
leaf_count=2919 5058 3752 2519 11138 111
internal_value=0 1.99468e-09 -1.37547e-09 -6.75337e-09 -1.16968e-08
internal_weight=25497 6671 18826 16307 11249
internal_count=25497 6671 18826 16307 11249
is_linear=0
shrinkage=0.000132856


Tree=641
num_leaves=6
num_cat=0
split_feature=5 13 5 13 13
split_gain=3.51738e-06 6.75067e-05 4.01118e-05 4.50588e-05 1.68574e-05
threshold=-0.0022223398294529124 0.0052206195458581938 0.0060817964016657297 0.003113132407578237 0.015305475624404674
decision_type=2 2 2 2 2
left_child=1 -1 3 -2 -5
right_child=2 -3 -4 4 -6
leaf_value=0 0 1.8012666358370915e-08 0 -1.2839332573613223e-08 0
leaf_weight=2919 5058 3752 2519 11138 111
leaf_count=2919 5058 3752 2519 11138 111
internal_value=0 1.99334e-09 -1.37446e-09 -6.7522e-09 -1.16951e-08
internal_weight=25497 6671 18826 16307 11249
internal_count=25497 6671 18826 16307 11249
is_linear=0
shrinkage=0.000132856


Tree=642
num_leaves=6
num_cat=0
split_feature=5 13 5 13 13
split_gain=3.51239e-06 6.74904e-05 4.01002e-05 4.50482e-05 1.68549e-05
threshold=-0.0022223398294529124 0.0052206195458581938 0.0060817964016657297 0.003113132407578237 0.015305475624404674
decision_type=2 2 2 2 2
left_child=1 -1 3 -2 -5
right_child=2 -3 -4 4 -6
leaf_value=0 0 1.8010272603275782e-08 0 -1.283762697975115e-08 0
leaf_weight=2919 5058 3752 2519 11138 111
leaf_count=2919 5058 3752 2519 11138 111
internal_value=0 1.99199e-09 -1.37345e-09 -6.75104e-09 -1.16935e-08
internal_weight=25497 6671 18826 16307 11249
internal_count=25497 6671 18826 16307 11249
is_linear=0
shrinkage=0.000132856


Tree=643
num_leaves=6
num_cat=0
split_feature=5 13 5 13 13
split_gain=3.50741e-06 6.74741e-05 4.00887e-05 4.50376e-05 1.68525e-05
threshold=-0.0022223398294529124 0.0052206195458581938 0.0060817964016657297 0.003113132407578237 0.015305475624404674
decision_type=2 2 2 2 2
left_child=1 -1 3 -2 -5
right_child=2 -3 -4 4 -6
leaf_value=0 0 1.8007882993541169e-08 0 -1.2835921884860102e-08 0
leaf_weight=2919 5058 3752 2519 11138 111
leaf_count=2919 5058 3752 2519 11138 111
internal_value=0 1.99065e-09 -1.37244e-09 -6.74987e-09 -1.16918e-08
internal_weight=25497 6671 18826 16307 11249
internal_count=25497 6671 18826 16307 11249
is_linear=0
shrinkage=0.000132856


Tree=644
num_leaves=6
num_cat=0
split_feature=5 13 5 13 13
split_gain=3.50243e-06 6.74578e-05 4.00771e-05 4.50269e-05 1.685e-05
threshold=-0.0022223398294529124 0.0052206195458581938 0.0060817964016657297 0.003113132407578237 0.015305475624404674
decision_type=2 2 2 2 2
left_child=1 -1 3 -2 -5
right_child=2 -3 -4 4 -6
leaf_value=0 0 1.8005491879969548e-08 0 -1.2834217023851337e-08 0
leaf_weight=2919 5058 3752 2519 11138 111
leaf_count=2919 5058 3752 2519 11138 111
internal_value=0 1.9893e-09 -1.37144e-09 -6.74871e-09 -1.16901e-08
internal_weight=25497 6671 18826 16307 11249
internal_count=25497 6671 18826 16307 11249
is_linear=0
shrinkage=0.000132856


Tree=645
num_leaves=6
num_cat=0
split_feature=5 13 5 13 13
split_gain=3.49746e-06 6.74415e-05 4.00655e-05 4.50163e-05 1.68475e-05
threshold=-0.0022223398294529124 0.0052206195458581938 0.0060817964016657297 0.003113132407578237 0.015305475624404674
decision_type=2 2 2 2 2
left_child=1 -1 3 -2 -5
right_child=2 -3 -4 4 -6
leaf_value=0 0 1.8003100812134552e-08 0 -1.2832512158492949e-08 0
leaf_weight=2919 5058 3752 2519 11138 111
leaf_count=2919 5058 3752 2519 11138 111
internal_value=0 1.98796e-09 -1.37043e-09 -6.74755e-09 -1.16884e-08
internal_weight=25497 6671 18826 16307 11249
internal_count=25497 6671 18826 16307 11249
is_linear=0
shrinkage=0.000132856


Tree=646
num_leaves=6
num_cat=0
split_feature=5 13 5 13 13
split_gain=3.49249e-06 6.74252e-05 4.00539e-05 4.50057e-05 1.68451e-05
threshold=-0.0022223398294529124 0.0052206195458581938 0.0060817964016657297 0.003113132407578237 0.015305475624404674
decision_type=2 2 2 2 2
left_child=1 -1 3 -2 -5
right_child=2 -3 -4 4 -6
leaf_value=0 0 1.8000711155890846e-08 0 -1.2830807702013049e-08 0
leaf_weight=2919 5058 3752 2519 11138 111
leaf_count=2919 5058 3752 2519 11138 111
internal_value=0 1.98661e-09 -1.36942e-09 -6.74638e-09 -1.16867e-08
internal_weight=25497 6671 18826 16307 11249
internal_count=25497 6671 18826 16307 11249
is_linear=0
shrinkage=0.000132856


Tree=647
num_leaves=6
num_cat=0
split_feature=5 13 5 13 13
split_gain=3.48753e-06 6.74089e-05 4.00424e-05 4.4995e-05 1.68426e-05
threshold=-0.0022223398294529124 0.0052206195458581938 0.0060817964016657297 0.003113132407578237 0.015305475624404674
decision_type=2 2 2 2 2
left_child=1 -1 3 -2 -5
right_child=2 -3 -4 4 -6
leaf_value=0 0 1.7998320697292815e-08 0 -1.2829103125600651e-08 0
leaf_weight=2919 5058 3752 2519 11138 111
leaf_count=2919 5058 3752 2519 11138 111
internal_value=0 1.98527e-09 -1.36841e-09 -6.74522e-09 -1.1685e-08
internal_weight=25497 6671 18826 16307 11249
internal_count=25497 6671 18826 16307 11249
is_linear=0
shrinkage=0.000132856


Tree=648
num_leaves=8
num_cat=0
split_feature=13 5 13 6 5 7 7
split_gain=5.00185e-06 2.60057e-05 2.24141e-05 2.78473e-05 1.99976e-05 1.33986e-05 1.24981e-05
threshold=0.0088964301847478094 -0.00088911007378983376 0.0026762555107530564 -0.0045278330831823857 0.0060817964016657297 0.057313515256839816 -0.0379743766890887
decision_type=2 2 2 2 2 2 2
left_child=1 -1 -3 -4 5 6 -5
right_child=-2 2 3 4 -6 -7 -8
leaf_value=0 0 0 0 0 0 0 -1.7278516585354516e-08
leaf_weight=8528 3115 3073 1406 255 1556 169 7516
leaf_count=8528 3115 3073 1406 255 1556 169 7516
internal_value=0 -1.98064e-09 -6.25757e-09 -9.29916e-09 -1.22892e-08 -1.50019e-08 -1.61361e-08
internal_weight=25618 22503 13975 10902 9496 7940 7771
internal_count=25618 22503 13975 10902 9496 7940 7771
is_linear=0
shrinkage=0.000132856


Tree=649
num_leaves=8
num_cat=0
split_feature=13 5 13 6 5 7 7
split_gain=4.99798e-06 2.59973e-05 2.24081e-05 2.78415e-05 1.99923e-05 1.33964e-05 1.24958e-05
threshold=0.0088964301847478094 -0.00088911007378983376 0.0026762555107530564 -0.0045278330831823857 0.0060817964016657297 0.057313515256839816 -0.0379743766890887
decision_type=2 2 2 2 2 2 2
left_child=1 -1 -3 -4 5 6 -5
right_child=-2 2 3 4 -6 -7 -8
leaf_value=0 0 0 0 0 0 0 -1.7276221452042978e-08
leaf_weight=8528 3115 3073 1406 255 1556 169 7516
leaf_count=8528 3115 3073 1406 255 1556 169 7516
internal_value=0 -1.97987e-09 -6.25633e-09 -9.29758e-09 -1.22874e-08 -1.49997e-08 -1.61339e-08
internal_weight=25618 22503 13975 10902 9496 7940 7771
internal_count=25618 22503 13975 10902 9496 7940 7771
is_linear=0
shrinkage=0.000132856


Tree=650
num_leaves=8
num_cat=0
split_feature=13 5 13 6 5 7 7
split_gain=4.99411e-06 2.5989e-05 2.24022e-05 2.78356e-05 1.9987e-05 1.33942e-05 1.24936e-05
threshold=0.0088964301847478094 -0.00088911007378983376 0.0026762555107530564 -0.0045278330831823857 0.0060817964016657297 0.057313515256839816 -0.0379743766890887
decision_type=2 2 2 2 2 2 2
left_child=1 -1 -3 -4 5 6 -5
right_child=-2 2 3 4 -6 -7 -8
leaf_value=0 0 0 0 0 0 0 -1.7273926830503744e-08
leaf_weight=8528 3115 3073 1406 255 1556 169 7516
leaf_count=8528 3115 3073 1406 255 1556 169 7516
internal_value=0 -1.97911e-09 -6.2551e-09 -9.296e-09 -1.22856e-08 -1.49975e-08 -1.61317e-08
internal_weight=25618 22503 13975 10902 9496 7940 7771
internal_count=25618 22503 13975 10902 9496 7940 7771
is_linear=0
shrinkage=0.000132856


Tree=651
num_leaves=8
num_cat=0
split_feature=13 5 13 6 5 7 7
split_gain=4.99024e-06 2.59806e-05 2.23962e-05 2.78298e-05 1.99817e-05 1.3392e-05 1.24914e-05
threshold=0.0088964301847478094 -0.00088911007378983376 0.0026762555107530564 -0.0045278330831823857 0.0060817964016657297 0.057313515256839816 -0.0379743766890887
decision_type=2 2 2 2 2 2 2
left_child=1 -1 -3 -4 5 6 -5
right_child=-2 2 3 4 -6 -7 -8
leaf_value=0 0 0 0 0 0 0 -1.7271632443341772e-08
leaf_weight=8528 3115 3073 1406 255 1556 169 7516
leaf_count=8528 3115 3073 1406 255 1556 169 7516
internal_value=0 -1.97834e-09 -6.25387e-09 -9.29441e-09 -1.22838e-08 -1.49953e-08 -1.61294e-08
internal_weight=25618 22503 13975 10902 9496 7940 7771
internal_count=25618 22503 13975 10902 9496 7940 7771
is_linear=0
shrinkage=0.000132856


Tree=652
num_leaves=8
num_cat=0
split_feature=13 5 13 6 5 7 7
split_gain=4.98638e-06 2.59723e-05 2.23903e-05 2.78239e-05 1.99764e-05 1.33898e-05 1.24891e-05
threshold=0.0088964301847478094 -0.00088911007378983376 0.0026762555107530564 -0.0045278330831823857 0.0060817964016657297 0.057313515256839816 -0.0379743766890887
decision_type=2 2 2 2 2 2 2
left_child=1 -1 -3 -4 5 6 -5
right_child=-2 2 3 4 -6 -7 -8
leaf_value=0 0 0 0 0 0 0 -1.7269338384627609e-08
leaf_weight=8528 3115 3073 1406 255 1556 169 7516
leaf_count=8528 3115 3073 1406 255 1556 169 7516
internal_value=0 -1.97757e-09 -6.25263e-09 -9.29283e-09 -1.22819e-08 -1.49932e-08 -1.61272e-08
internal_weight=25618 22503 13975 10902 9496 7940 7771
internal_count=25618 22503 13975 10902 9496 7940 7771
is_linear=0
shrinkage=0.000132856


Tree=653
num_leaves=8
num_cat=0
split_feature=13 5 13 6 5 7 7
split_gain=4.98251e-06 2.59639e-05 2.23843e-05 2.78181e-05 1.99711e-05 1.33876e-05 1.24869e-05
threshold=0.0088964301847478094 -0.00088911007378983376 0.0026762555107530564 -0.0045278330831823857 0.0060817964016657297 0.057313515256839816 -0.0379743766890887
decision_type=2 2 2 2 2 2 2
left_child=1 -1 -3 -4 5 6 -5
right_child=-2 2 3 4 -6 -7 -8
leaf_value=0 0 0 0 0 0 0 -1.7267045125842e-08
leaf_weight=8528 3115 3073 1406 255 1556 169 7516
leaf_count=8528 3115 3073 1406 255 1556 169 7516
internal_value=0 -1.97681e-09 -6.2514e-09 -9.29125e-09 -1.22801e-08 -1.4991e-08 -1.6125e-08
internal_weight=25618 22503 13975 10902 9496 7940 7771
internal_count=25618 22503 13975 10902 9496 7940 7771
is_linear=0
shrinkage=0.000132856


Tree=654
num_leaves=8
num_cat=0
split_feature=13 5 13 6 5 7 7
split_gain=4.97865e-06 2.59556e-05 2.23784e-05 2.78122e-05 1.99658e-05 1.33853e-05 1.24847e-05
threshold=0.0088964301847478094 -0.00088911007378983376 0.0026762555107530564 -0.0045278330831823857 0.0060817964016657297 0.057313515256839816 -0.0379743766890887
decision_type=2 2 2 2 2 2 2
left_child=1 -1 -3 -4 5 6 -5
right_child=-2 2 3 4 -6 -7 -8
leaf_value=0 0 0 0 0 0 0 -1.7264751182281854e-08
leaf_weight=8528 3115 3073 1406 255 1556 169 7516
leaf_count=8528 3115 3073 1406 255 1556 169 7516
internal_value=0 -1.97604e-09 -6.25016e-09 -9.28967e-09 -1.22783e-08 -1.49888e-08 -1.61228e-08
internal_weight=25618 22503 13975 10902 9496 7940 7771
internal_count=25618 22503 13975 10902 9496 7940 7771
is_linear=0
shrinkage=0.000132856


Tree=655
num_leaves=8
num_cat=0
split_feature=13 5 13 6 5 7 7
split_gain=4.97479e-06 2.59472e-05 2.23725e-05 2.78064e-05 1.99605e-05 1.33831e-05 1.24824e-05
threshold=0.0088964301847478094 -0.00088911007378983376 0.0026762555107530564 -0.0045278330831823857 0.0060817964016657297 0.057313515256839816 -0.0379743766890887
decision_type=2 2 2 2 2 2 2
left_child=1 -1 -3 -4 5 6 -5
right_child=-2 2 3 4 -6 -7 -8
leaf_value=0 0 0 0 0 0 0 -1.7262458268164741e-08
leaf_weight=8528 3115 3073 1406 255 1556 169 7516
leaf_count=8528 3115 3073 1406 255 1556 169 7516
internal_value=0 -1.97528e-09 -6.24893e-09 -9.28809e-09 -1.22765e-08 -1.49867e-08 -1.61206e-08
internal_weight=25618 22503 13975 10902 9496 7940 7771
internal_count=25618 22503 13975 10902 9496 7940 7771
is_linear=0
shrinkage=0.000132856


Tree=656
num_leaves=6
num_cat=0
split_feature=13 11 11 14 11
split_gain=1.17104e-05 4.37652e-05 1.6966e-05 1.60937e-05 3.29673e-06
threshold=0.010013904978895908 81.677667723991803 21.285131465716336 0.0054183543866271897 65.300266229422448
decision_type=2 2 2 2 2
left_child=3 2 -2 4 -1
right_child=1 -3 -4 -5 -6
leaf_value=-4.7239203691700779e-09 0 0 2.5164671758884235e-08 0 0
leaf_weight=15335 120 118 2017 7559 406
leaf_count=15335 120 118 2017 7559 406
internal_value=0 9.56945e-09 2.1395e-08 0 -4.24779e-09
internal_weight=25555 2255 2137 23300 15741
internal_count=25555 2255 2137 23300 15741
is_linear=0
shrinkage=0.000132856


Tree=657
num_leaves=6
num_cat=0
split_feature=13 11 11 14 11
split_gain=1.17031e-05 4.37562e-05 1.69631e-05 1.60891e-05 3.29621e-06
threshold=0.010013904978895908 81.677667723991803 21.285131465716336 0.0054183543866271897 65.300266229422448
decision_type=2 2 2 2 2
left_child=3 2 -2 4 -1
right_child=1 -3 -4 -5 -6
leaf_value=-4.7232930155032426e-09 0 0 2.5161333196741782e-08 0 0
leaf_weight=15335 120 118 2017 7559 406
leaf_count=15335 120 118 2017 7559 406
internal_value=0 9.56647e-09 2.13918e-08 0 -4.24718e-09
internal_weight=25555 2255 2137 23300 15741
internal_count=25555 2255 2137 23300 15741
is_linear=0
shrinkage=0.000132856


Tree=658
num_leaves=6
num_cat=0
split_feature=13 11 11 14 11
split_gain=1.16958e-05 4.37471e-05 1.69603e-05 1.60844e-05 3.29569e-06
threshold=0.010013904978895908 81.677667723991803 21.285131465716336 0.0054183543866271897 65.300266229422448
decision_type=2 2 2 2 2
left_child=3 2 -2 4 -1
right_child=1 -3 -4 -5 -6
leaf_value=-4.7226655023871932e-09 0 0 2.5157993606975112e-08 0 0
leaf_weight=15335 120 118 2017 7559 406
leaf_count=15335 120 118 2017 7559 406
internal_value=0 9.56348e-09 2.13887e-08 0 -4.24657e-09
internal_weight=25555 2255 2137 23300 15741
internal_count=25555 2255 2137 23300 15741
is_linear=0
shrinkage=0.000132856


Tree=659
num_leaves=6
num_cat=0
split_feature=13 11 11 14 11
split_gain=1.16885e-05 4.37381e-05 1.69574e-05 1.60798e-05 3.29517e-06
threshold=0.010013904978895908 81.677667723991803 21.285131465716336 0.0054183543866271897 65.300266229422448
decision_type=2 2 2 2 2
left_child=3 2 -2 4 -1
right_child=1 -3 -4 -5 -6
leaf_value=-4.7220381206733402e-09 0 0 2.5154655937810095e-08 0 0
leaf_weight=15335 120 118 2017 7559 406
leaf_count=15335 120 118 2017 7559 406
internal_value=0 9.56049e-09 2.13855e-08 0 -4.24596e-09
internal_weight=25555 2255 2137 23300 15741
internal_count=25555 2255 2137 23300 15741
is_linear=0
shrinkage=0.000132856


Tree=660
num_leaves=6
num_cat=0
split_feature=13 11 11 14 11
split_gain=1.16812e-05 4.37291e-05 1.69545e-05 1.60752e-05 3.29465e-06
threshold=0.010013904978895908 81.677667723991803 21.285131465716336 0.0054183543866271897 65.300266229422448
decision_type=2 2 2 2 2
left_child=3 2 -2 4 -1
right_child=1 -3 -4 -5 -6
leaf_value=-4.7214109346039297e-09 0 0 2.5151315638125766e-08 0 0
leaf_weight=15335 120 118 2017 7559 406
leaf_count=15335 120 118 2017 7559 406
internal_value=0 9.55751e-09 2.13824e-08 0 -4.24535e-09
internal_weight=25555 2255 2137 23300 15741
internal_count=25555 2255 2137 23300 15741
is_linear=0
shrinkage=0.000132856


Tree=661
num_leaves=6
num_cat=0
split_feature=13 11 11 14 11
split_gain=1.16739e-05 4.372e-05 1.69516e-05 1.60706e-05 3.29413e-06
threshold=0.010013904978895908 81.677667723991803 21.285131465716336 0.0054183543866271897 65.300266229422448
decision_type=2 2 2 2 2
left_child=3 2 -2 4 -1
right_child=1 -3 -4 -5 -6
leaf_value=-4.720783466751856e-09 0 0 2.5147979073842292e-08 0 0
leaf_weight=15335 120 118 2017 7559 406
leaf_count=15335 120 118 2017 7559 406
internal_value=0 9.55452e-09 2.13792e-08 0 -4.24474e-09
internal_weight=25555 2255 2137 23300 15741
internal_count=25555 2255 2137 23300 15741
is_linear=0
shrinkage=0.000132856


Tree=662
num_leaves=6
num_cat=0
split_feature=13 11 11 14 11
split_gain=1.16666e-05 4.3711e-05 1.69488e-05 1.60659e-05 3.29361e-06
threshold=0.010013904978895908 81.677667723991803 21.285131465716336 0.0054183543866271897 65.300266229422448
decision_type=2 2 2 2 2
left_child=3 2 -2 4 -1
right_child=1 -3 -4 -5 -6
leaf_value=-4.7201565682498043e-09 0 0 2.5144640735033962e-08 0 0
leaf_weight=15335 120 118 2017 7559 406
leaf_count=15335 120 118 2017 7559 406
internal_value=0 9.55153e-09 2.13761e-08 0 -4.24413e-09
internal_weight=25555 2255 2137 23300 15741
internal_count=25555 2255 2137 23300 15741
is_linear=0
shrinkage=0.000132856


Tree=663
num_leaves=6
num_cat=0
split_feature=13 11 11 14 11
split_gain=1.16593e-05 4.3702e-05 1.69459e-05 1.60613e-05 3.2931e-06
threshold=0.010013904978895908 81.677667723991803 21.285131465716336 0.0054183543866271897 65.300266229422448
decision_type=2 2 2 2 2
left_child=3 2 -2 4 -1
right_child=1 -3 -4 -5 -6
leaf_value=-4.7195293067855685e-09 0 0 2.5141304902810054e-08 0 0
leaf_weight=15335 120 118 2017 7559 406
leaf_count=15335 120 118 2017 7559 406
internal_value=0 9.54855e-09 2.13729e-08 0 -4.24352e-09
internal_weight=25555 2255 2137 23300 15741
internal_count=25555 2255 2137 23300 15741
is_linear=0
shrinkage=0.000132856


Tree=664
num_leaves=7
num_cat=0
split_feature=6 5 5 6 6 6
split_gain=1.52863e-05 3.65976e-05 4.22434e-05 6.2719e-06 7.91017e-07 3.00118e-07
threshold=-0.00010048902740322772 -0.0025697584393127855 0.01611157229307492 0.036943601099421637 0.00010307449079061116 -0.0012573811680222644
decision_type=2 2 2 2 2 2
left_child=5 -2 3 4 -3 -1
right_child=1 2 -4 -5 -6 -7
leaf_value=2.0877035543754666e-09 0 0 0 0 -1.2620698218497897e-08 0
leaf_weight=10319 1420 365 359 104 10962 2174
leaf_count=10319 1420 365 359 104 10962 2174
internal_value=0 -4.17346e-09 -8.61947e-09 -1.19098e-08 -1.2366e-08 1.7822e-09
internal_weight=25703 13210 11790 11431 11327 12493
internal_count=25703 13210 11790 11431 11327 12493
is_linear=0
shrinkage=0.000132856


Tree=665
num_leaves=7
num_cat=0
split_feature=6 5 5 6 6 6
split_gain=1.5277e-05 3.65884e-05 4.22366e-05 6.27095e-06 7.90487e-07 3.00019e-07
threshold=-0.00010048902740322772 -0.0025697584393127855 0.01611157229307492 0.036943601099421637 0.00010307449079061116 -0.0012573811680222644
decision_type=2 2 2 2 2 2
left_child=5 -2 3 4 -3 -1
right_child=1 2 -4 -5 -6 -7
leaf_value=2.0874259353517605e-09 0 0 0 0 -1.2619021659120232e-08 0
leaf_weight=10319 1420 365 359 104 10962 2174
leaf_count=10319 1420 365 359 104 10962 2174
internal_value=0 -4.17207e-09 -8.61791e-09 -1.19082e-08 -1.23644e-08 1.78197e-09
internal_weight=25703 13210 11790 11431 11327 12493
internal_count=25703 13210 11790 11431 11327 12493
is_linear=0
shrinkage=0.000132856


Tree=666
num_leaves=7
num_cat=0
split_feature=6 5 5 6 6 6
split_gain=1.52677e-05 3.65791e-05 4.22297e-05 6.27e-06 7.89956e-07 2.9992e-07
threshold=-0.00010048902740322772 -0.0025697584393127855 0.01611157229307492 0.036943601099421637 0.00010307449079061116 -0.0012573811680222644
decision_type=2 2 2 2 2 2
left_child=5 -2 3 4 -3 -1
right_child=1 2 -4 -5 -6 -7
leaf_value=2.0871489614257282e-09 0 0 0 0 -1.261734539746523e-08 0
leaf_weight=10319 1420 365 359 104 10962 2174
leaf_count=10319 1420 365 359 104 10962 2174
internal_value=0 -4.17067e-09 -8.61635e-09 -1.19066e-08 -1.23628e-08 1.78174e-09
internal_weight=25703 13210 11790 11431 11327 12493
internal_count=25703 13210 11790 11431 11327 12493
is_linear=0
shrinkage=0.000132856


Tree=667
num_leaves=7
num_cat=0
split_feature=6 5 5 6 6 6
split_gain=1.52585e-05 3.65698e-05 4.22229e-05 6.26905e-06 7.89426e-07 2.99821e-07
threshold=-0.00010048902740322772 -0.0025697584393127855 0.01611157229307492 0.036943601099421637 0.00010307449079061116 -0.0012573811680222644
decision_type=2 2 2 2 2 2
left_child=5 -2 3 4 -3 -1
right_child=1 2 -4 -5 -6 -7
leaf_value=2.086871727745941e-09 0 0 0 0 -1.2615668963269868e-08 0
leaf_weight=10319 1420 365 359 104 10962 2174
leaf_count=10319 1420 365 359 104 10962 2174
internal_value=0 -4.16928e-09 -8.61479e-09 -1.1905e-08 -1.23611e-08 1.78151e-09
internal_weight=25703 13210 11790 11431 11327 12493
internal_count=25703 13210 11790 11431 11327 12493
is_linear=0
shrinkage=0.000132856


Tree=668
num_leaves=7
num_cat=0
split_feature=6 5 5 6 6 6
split_gain=1.52492e-05 3.65606e-05 4.2216e-05 6.2681e-06 7.88896e-07 2.99722e-07
threshold=-0.00010048902740322772 -0.0025697584393127855 0.01611157229307492 0.036943601099421637 0.00010307449079061116 -0.0012573811680222644
decision_type=2 2 2 2 2 2
left_child=5 -2 3 4 -3 -1
right_child=1 2 -4 -5 -6 -7
leaf_value=2.086594204132682e-09 0 0 0 0 -1.2613993532465674e-08 0
leaf_weight=10319 1420 365 359 104 10962 2174
leaf_count=10319 1420 365 359 104 10962 2174
internal_value=0 -4.16789e-09 -8.61323e-09 -1.19034e-08 -1.23595e-08 1.78128e-09
internal_weight=25703 13210 11790 11431 11327 12493
internal_count=25703 13210 11790 11431 11327 12493
is_linear=0
shrinkage=0.000132856


Tree=669
num_leaves=7
num_cat=0
split_feature=6 5 5 6 6 6
split_gain=1.524e-05 3.65513e-05 4.22092e-05 6.26715e-06 7.88367e-07 2.99623e-07
threshold=-0.00010048902740322772 -0.0025697584393127855 0.01611157229307492 0.036943601099421637 0.00010307449079061116 -0.0012573811680222644
decision_type=2 2 2 2 2 2
left_child=5 -2 3 4 -3 -1
right_child=1 2 -4 -5 -6 -7
leaf_value=2.0863170871214358e-09 0 0 0 0 -1.2612318531961636e-08 0
leaf_weight=10319 1420 365 359 104 10962 2174
leaf_count=10319 1420 365 359 104 10962 2174
internal_value=0 -4.1665e-09 -8.61167e-09 -1.19018e-08 -1.23579e-08 1.78105e-09
internal_weight=25703 13210 11790 11431 11327 12493
internal_count=25703 13210 11790 11431 11327 12493
is_linear=0
shrinkage=0.000132856


Tree=670
num_leaves=7
num_cat=0
split_feature=6 5 5 6 6 6
split_gain=1.52307e-05 3.65421e-05 4.22023e-05 6.2662e-06 7.87837e-07 2.99524e-07
threshold=-0.00010048902740322772 -0.0025697584393127855 0.01611157229307492 0.036943601099421637 0.00010307449079061116 -0.0012573811680222644
decision_type=2 2 2 2 2 2
left_child=5 -2 3 4 -3 -1
right_child=1 2 -4 -5 -6 -7
leaf_value=2.0860400108422165e-09 0 0 0 0 -1.2610642664687112e-08 0
leaf_weight=10319 1420 365 359 104 10962 2174
leaf_count=10319 1420 365 359 104 10962 2174
internal_value=0 -4.16511e-09 -8.61012e-09 -1.19002e-08 -1.23563e-08 1.78082e-09
internal_weight=25703 13210 11790 11431 11327 12493
internal_count=25703 13210 11790 11431 11327 12493
is_linear=0
shrinkage=0.000132856


Tree=671
num_leaves=7
num_cat=0
split_feature=6 5 5 6 6 6
split_gain=1.52215e-05 3.65328e-05 4.21955e-05 6.26525e-06 7.87308e-07 2.99426e-07
threshold=-0.00010048902740322772 -0.0025697584393127855 0.01611157229307492 0.036943601099421637 0.00010307449079061116 -0.0012573811680222644
decision_type=2 2 2 2 2 2
left_child=5 -2 3 4 -3 -1
right_child=1 2 -4 -5 -6 -7
leaf_value=2.0857632904927399e-09 0 0 0 0 -1.2608967357480662e-08 0
leaf_weight=10319 1420 365 359 104 10962 2174
leaf_count=10319 1420 365 359 104 10962 2174
internal_value=0 -4.16372e-09 -8.60856e-09 -1.18986e-08 -1.23546e-08 1.7806e-09
internal_weight=25703 13210 11790 11431 11327 12493
internal_count=25703 13210 11790 11431 11327 12493
is_linear=0
shrinkage=0.000132856


Tree=672
num_leaves=8
num_cat=0
split_feature=5 5 13 13 7 12 15
split_gain=2.05469e-06 4.73838e-05 5.80154e-05 3.02677e-05 2.43728e-05 1.00556e-05 1.18487e-06
threshold=-0.0021725220760916981 0.0060817964016657297 0.003113132407578237 0.0052206195458581938 0.044854772396333516 0.002210161930858445 -1111.6397146958386
decision_type=2 2 2 2 2 2 2
left_child=3 2 -2 -1 5 -4 -7
right_child=1 -3 4 -5 -6 6 -8
leaf_value=0 0 0 0 1.2048655562698279e-08 0 0 -1.5903609713673823e-08
leaf_weight=2937 5127 2492 307 3678 836 106 9982
leaf_count=2937 5127 2492 307 3678 836 106 9982
internal_value=0 -1.38699e-09 -7.30331e-09 0 -1.2994e-08 -1.49598e-08 -1.57542e-08
internal_weight=25465 18850 16358 6615 11231 10395 10088
internal_count=25465 18850 16358 6615 11231 10395 10088
is_linear=0
shrinkage=0.000132856


Tree=673
num_leaves=8
num_cat=0
split_feature=5 5 13 13 7 12 15
split_gain=2.05138e-06 4.73696e-05 5.80018e-05 3.02597e-05 2.43681e-05 1.00537e-05 1.18451e-06
threshold=-0.0021725220760916981 0.0060817964016657297 0.003113132407578237 0.0052206195458581938 0.044854772396333516 0.002210161930858445 -1111.6397146958386
decision_type=2 2 2 2 2 2 2
left_child=3 2 -2 -1 5 -4 -7
right_child=1 -3 4 -5 -6 6 -8
leaf_value=0 0 0 0 1.2047057235115621e-08 0 0 -1.5901497513289827e-08
leaf_weight=2937 5127 2492 307 3678 836 106 9982
leaf_count=2937 5127 2492 307 3678 836 106 9982
internal_value=0 -1.38587e-09 -7.30202e-09 0 -1.29921e-08 -1.49578e-08 -1.57521e-08
internal_weight=25465 18850 16358 6615 11231 10395 10088
internal_count=25465 18850 16358 6615 11231 10395 10088
is_linear=0
shrinkage=0.000132856


Tree=674
num_leaves=8
num_cat=0
split_feature=5 5 13 13 7 12 15
split_gain=2.04807e-06 4.73555e-05 5.79882e-05 3.02517e-05 2.43634e-05 1.00519e-05 1.18416e-06
threshold=-0.0021725220760916981 0.0060817964016657297 0.003113132407578237 0.0052206195458581938 0.044854772396333516 0.002210161930858445 -1111.6397146958386
decision_type=2 2 2 2 2 2 2
left_child=3 2 -2 -1 5 -4 -7
right_child=1 -3 4 -5 -6 6 -8
leaf_value=0 0 0 0 1.2045457754439578e-08 0 0 -1.5899385085239135e-08
leaf_weight=2937 5127 2492 307 3678 836 106 9982
leaf_count=2937 5127 2492 307 3678 836 106 9982
internal_value=0 -1.38475e-09 -7.30074e-09 0 -1.29902e-08 -1.49557e-08 -1.575e-08
internal_weight=25465 18850 16358 6615 11231 10395 10088
internal_count=25465 18850 16358 6615 11231 10395 10088
is_linear=0
shrinkage=0.000132856


Tree=675
num_leaves=8
num_cat=0
split_feature=5 5 13 13 7 12 15
split_gain=2.04476e-06 4.73414e-05 5.79746e-05 3.02437e-05 2.43587e-05 1.005e-05 1.1838e-06
threshold=-0.0021725220760916981 0.0060817964016657297 0.003113132407578237 0.0052206195458581938 0.044854772396333516 0.002210161930858445 -1111.6397146958386
decision_type=2 2 2 2 2 2 2
left_child=3 2 -2 -1 5 -4 -7
right_child=1 -3 4 -5 -6 6 -8
leaf_value=0 0 0 0 1.2043859704184426e-08 0 0 -1.5897273519578891e-08
leaf_weight=2937 5127 2492 307 3678 836 106 9982
leaf_count=2937 5127 2492 307 3678 836 106 9982
internal_value=0 -1.38364e-09 -7.29945e-09 0 -1.29883e-08 -1.49537e-08 -1.57479e-08
internal_weight=25465 18850 16358 6615 11231 10395 10088
internal_count=25465 18850 16358 6615 11231 10395 10088
is_linear=0
shrinkage=0.000132856


Tree=676
num_leaves=8
num_cat=0
split_feature=5 5 13 13 7 12 15
split_gain=2.04145e-06 4.73272e-05 5.79611e-05 3.02356e-05 2.4354e-05 1.00481e-05 1.18344e-06
threshold=-0.0021725220760916981 0.0060817964016657297 0.003113132407578237 0.0052206195458581938 0.044854772396333516 0.002210161930858445 -1111.6397146958386
decision_type=2 2 2 2 2 2 2
left_child=3 2 -2 -1 5 -4 -7
right_child=1 -3 4 -5 -6 6 -8
leaf_value=0 0 0 0 1.204225902017986e-08 0 0 -1.5895161840988437e-08
leaf_weight=2937 5127 2492 307 3678 836 106 9982
leaf_count=2937 5127 2492 307 3678 836 106 9982
internal_value=0 -1.38252e-09 -7.29816e-09 0 -1.29864e-08 -1.49517e-08 -1.57458e-08
internal_weight=25465 18850 16358 6615 11231 10395 10088
internal_count=25465 18850 16358 6615 11231 10395 10088
is_linear=0
shrinkage=0.000132856


Tree=677
num_leaves=8
num_cat=0
split_feature=5 5 13 13 7 12 15
split_gain=2.03815e-06 4.73131e-05 5.79475e-05 3.02276e-05 2.43494e-05 1.00462e-05 1.18309e-06
threshold=-0.0021725220760916981 0.0060817964016657297 0.003113132407578237 0.0052206195458581938 0.044854772396333516 0.002210161930858445 -1111.6397146958386
decision_type=2 2 2 2 2 2 2
left_child=3 2 -2 -1 5 -4 -7
right_child=1 -3 4 -5 -6 6 -8
leaf_value=0 0 0 0 1.2040660772119751e-08 0 0 -1.5893050456962024e-08
leaf_weight=2937 5127 2492 307 3678 836 106 9982
leaf_count=2937 5127 2492 307 3678 836 106 9982
internal_value=0 -1.3814e-09 -7.29687e-09 0 -1.29846e-08 -1.49497e-08 -1.57438e-08
internal_weight=25465 18850 16358 6615 11231 10395 10088
internal_count=25465 18850 16358 6615 11231 10395 10088
is_linear=0
shrinkage=0.000132856


Tree=678
num_leaves=8
num_cat=0
split_feature=5 5 13 13 7 12 15
split_gain=2.03486e-06 4.7299e-05 5.79339e-05 3.02196e-05 2.43447e-05 1.00443e-05 1.18273e-06
threshold=-0.0021725220760916981 0.0060817964016657297 0.003113132407578237 0.0052206195458581938 0.044854772396333516 0.002210161930858445 -1111.6397146958386
decision_type=2 2 2 2 2 2 2
left_child=3 2 -2 -1 5 -4 -7
right_child=1 -3 4 -5 -6 6 -8
leaf_value=0 0 0 0 1.2039062761790041e-08 0 0 -1.5890939302441869e-08
leaf_weight=2937 5127 2492 307 3678 836 106 9982
leaf_count=2937 5127 2492 307 3678 836 106 9982
internal_value=0 -1.38028e-09 -7.29558e-09 0 -1.29827e-08 -1.49476e-08 -1.57417e-08
internal_weight=25465 18850 16358 6615 11231 10395 10088
internal_count=25465 18850 16358 6615 11231 10395 10088
is_linear=0
shrinkage=0.000132856


Tree=679
num_leaves=8
num_cat=0
split_feature=5 5 13 13 7 12 15
split_gain=2.03156e-06 4.72849e-05 5.79203e-05 3.02115e-05 2.434e-05 1.00424e-05 1.18237e-06
threshold=-0.0021725220760916981 0.0060817964016657297 0.003113132407578237 0.0052206195458581938 0.044854772396333516 0.002210161930858445 -1111.6397146958386
decision_type=2 2 2 2 2 2 2
left_child=3 2 -2 -1 5 -4 -7
right_child=1 -3 4 -5 -6 6 -8
leaf_value=0 0 0 0 1.2037463245325566e-08 0 0 -1.5888828776604867e-08
leaf_weight=2937 5127 2492 307 3678 836 106 9982
leaf_count=2937 5127 2492 307 3678 836 106 9982
internal_value=0 -1.37916e-09 -7.29429e-09 0 -1.29808e-08 -1.49456e-08 -1.57396e-08
internal_weight=25465 18850 16358 6615 11231 10395 10088
internal_count=25465 18850 16358 6615 11231 10395 10088
is_linear=0
shrinkage=0.000132856


Tree=680
num_leaves=8
num_cat=0
split_feature=13 5 5 5 13 14 14
split_gain=4.76069e-06 1.10132e-05 3.66478e-06 9.1631e-06 8.73261e-06 3.97589e-06 2.82244e-06
threshold=0.0059521495707073992 -0.0022223398294529124 0.0032608850669895166 -0.0062297310138539333 0.001344793122143051 -0.026502431877239382 0.031634343459844956
decision_type=2 2 2 2 2 2 2
left_child=2 -2 3 -1 -5 -6 -7
right_child=1 -3 -4 4 5 6 -8
leaf_value=0 9.6062158019237436e-09 0 0 0 0 -6.3199334338710633e-09 0
leaf_weight=901 3015 5605 2521 724 292 12530 172
leaf_count=901 3015 5605 2521 724 292 12530 172
internal_value=0 3.12182e-09 0 -2.10336e-09 -4.06237e-09 -5.41132e-09 -5.95646e-09
internal_weight=25760 8620 17140 14619 13718 12994 12702
internal_count=25760 8620 17140 14619 13718 12994 12702
is_linear=0
shrinkage=0.000132856


Tree=681
num_leaves=8
num_cat=0
split_feature=13 5 5 5 13 14 14
split_gain=4.75933e-06 1.10104e-05 3.66227e-06 9.16077e-06 8.73101e-06 3.97524e-06 2.82201e-06
threshold=0.0059521495707073992 -0.0022223398294529124 0.0032608850669895166 -0.0062297310138539333 0.001344793122143051 -0.026502431877239382 0.031634343459844956
decision_type=2 2 2 2 2 2 2
left_child=2 -2 3 -1 -5 -6 -7
right_child=1 -3 -4 4 5 6 -8
leaf_value=0 9.6049417504229716e-09 0 0 0 0 -6.3190941334990517e-09 0
leaf_weight=901 3015 5605 2521 724 292 12530 172
leaf_count=901 3015 5605 2521 724 292 12530 172
internal_value=0 3.12138e-09 0 -2.10264e-09 -4.0616e-09 -5.41051e-09 -5.95563e-09
internal_weight=25760 8620 17140 14619 13718 12994 12702
internal_count=25760 8620 17140 14619 13718 12994 12702
is_linear=0
shrinkage=0.000132856


Tree=682
num_leaves=8
num_cat=0
split_feature=13 5 5 5 13 14 14
split_gain=4.75796e-06 1.10075e-05 3.65977e-06 9.15843e-06 8.7294e-06 3.97459e-06 2.82157e-06
threshold=0.0059521495707073992 -0.0022223398294529124 0.0032608850669895166 -0.0062297310138539333 0.001344793122143051 -0.026502431877239382 0.031634343459844956
decision_type=2 2 2 2 2 2 2
left_child=2 -2 3 -1 -5 -6 -7
right_child=1 -3 -4 4 5 6 -8
leaf_value=0 9.6036637421630384e-09 0 0 0 0 -6.31825465657744e-09 0
leaf_weight=901 3015 5605 2521 724 292 12530 172
leaf_count=901 3015 5605 2521 724 292 12530 172
internal_value=0 3.12093e-09 0 -2.10192e-09 -4.06083e-09 -5.4097e-09 -5.9548e-09
internal_weight=25760 8620 17140 14619 13718 12994 12702
internal_count=25760 8620 17140 14619 13718 12994 12702
is_linear=0
shrinkage=0.000132856


Tree=683
num_leaves=8
num_cat=0
split_feature=13 5 5 5 13 14 14
split_gain=4.75661e-06 1.10047e-05 3.65726e-06 9.1561e-06 8.72779e-06 3.97395e-06 2.82114e-06
threshold=0.0059521495707073992 -0.0022223398294529124 0.0032608850669895166 -0.0062297310138539333 0.001344793122143051 -0.026502431877239382 0.031634343459844956
decision_type=2 2 2 2 2 2 2
left_child=2 -2 3 -1 -5 -6 -7
right_child=1 -3 -4 4 5 6 -8
leaf_value=0 9.6023910381898778e-09 0 0 0 0 -6.3174154129100846e-09 0
leaf_weight=901 3015 5605 2521 724 292 12530 172
leaf_count=901 3015 5605 2521 724 292 12530 172
internal_value=0 3.12048e-09 0 -2.10121e-09 -4.06007e-09 -5.40889e-09 -5.95397e-09
internal_weight=25760 8620 17140 14619 13718 12994 12702
internal_count=25760 8620 17140 14619 13718 12994 12702
is_linear=0
shrinkage=0.000132856


Tree=684
num_leaves=8
num_cat=0
split_feature=13 5 5 5 13 14 14
split_gain=4.75525e-06 1.10019e-05 3.65476e-06 9.15376e-06 8.72618e-06 3.9733e-06 2.82071e-06
threshold=0.0059521495707073992 -0.0022223398294529124 0.0032608850669895166 -0.0062297310138539333 0.001344793122143051 -0.026502431877239382 0.031634343459844956
decision_type=2 2 2 2 2 2 2
left_child=2 -2 3 -1 -5 -6 -7
right_child=1 -3 -4 4 5 6 -8
leaf_value=0 9.6011152603639665e-09 0 0 0 0 -6.3165762456690918e-09 0
leaf_weight=901 3015 5605 2521 724 292 12530 172
leaf_count=901 3015 5605 2521 724 292 12530 172
internal_value=0 3.12004e-09 0 -2.10049e-09 -4.0593e-09 -5.40808e-09 -5.95315e-09
internal_weight=25760 8620 17140 14619 13718 12994 12702
internal_count=25760 8620 17140 14619 13718 12994 12702
is_linear=0
shrinkage=0.000132856


Tree=685
num_leaves=8
num_cat=0
split_feature=13 5 5 5 13 14 14
split_gain=4.75389e-06 1.09991e-05 3.65226e-06 9.15143e-06 8.72458e-06 3.97265e-06 2.82027e-06
threshold=0.0059521495707073992 -0.0022223398294529124 0.0032608850669895166 -0.0062297310138539333 0.001344793122143051 -0.026502431877239382 0.031634343459844956
decision_type=2 2 2 2 2 2 2
left_child=2 -2 3 -1 -5 -6 -7
right_child=1 -3 -4 4 5 6 -8
leaf_value=0 9.5998413034374291e-09 0 0 0 0 -6.3157371872266554e-09 0
leaf_weight=901 3015 5605 2521 724 292 12530 172
leaf_count=901 3015 5605 2521 724 292 12530 172
internal_value=0 3.11959e-09 0 -2.09977e-09 -4.05853e-09 -5.40727e-09 -5.95232e-09
internal_weight=25760 8620 17140 14619 13718 12994 12702
internal_count=25760 8620 17140 14619 13718 12994 12702
is_linear=0
shrinkage=0.000132856


Tree=686
num_leaves=8
num_cat=0
split_feature=13 5 5 5 13 14 14
split_gain=4.75253e-06 1.09963e-05 3.64976e-06 9.1491e-06 8.72297e-06 3.972e-06 2.81984e-06
threshold=0.0059521495707073992 -0.0022223398294529124 0.0032608850669895166 -0.0062297310138539333 0.001344793122143051 -0.026502431877239382 0.031634343459844956
decision_type=2 2 2 2 2 2 2
left_child=2 -2 3 -1 -5 -6 -7
right_child=1 -3 -4 4 5 6 -8
leaf_value=0 9.5985668162904649e-09 0 0 0 0 -6.3148983250472825e-09 0
leaf_weight=901 3015 5605 2521 724 292 12530 172
leaf_count=901 3015 5605 2521 724 292 12530 172
internal_value=0 3.11915e-09 0 -2.09905e-09 -4.05777e-09 -5.40646e-09 -5.95149e-09
internal_weight=25760 8620 17140 14619 13718 12994 12702
internal_count=25760 8620 17140 14619 13718 12994 12702
is_linear=0
shrinkage=0.000132856


Tree=687
num_leaves=8
num_cat=0
split_feature=13 5 5 5 13 14 14
split_gain=4.75117e-06 1.09934e-05 3.64726e-06 9.14676e-06 8.72136e-06 3.97135e-06 2.81941e-06
threshold=0.0059521495707073992 -0.0022223398294529124 0.0032608850669895166 -0.0062297310138539333 0.001344793122143051 -0.026502431877239382 0.031634343459844956
decision_type=2 2 2 2 2 2 2
left_child=2 -2 3 -1 -5 -6 -7
right_child=1 -3 -4 4 5 6 -8
leaf_value=0 9.5972913333407207e-09 0 0 0 0 -6.314059299679969e-09 0
leaf_weight=901 3015 5605 2521 724 292 12530 172
leaf_count=901 3015 5605 2521 724 292 12530 172
internal_value=0 3.1187e-09 0 -2.09833e-09 -4.057e-09 -5.40565e-09 -5.95066e-09
internal_weight=25760 8620 17140 14619 13718 12994 12702
internal_count=25760 8620 17140 14619 13718 12994 12702
is_linear=0
shrinkage=0.000132856


Tree=688
num_leaves=8
num_cat=0
split_feature=6 5 4 4 11 5 5
split_gain=2.18207e-05 0.000152258 8.5851e-05 5.69618e-05 2.1735e-05 2.03658e-05 3.82342e-06
threshold=0.00036051747018883701 0.0060817964016657297 648.19859000000008 7111.1789800000006 86.551172284194365 -0.0025052966770633951 -0.00062080298109529186
decision_type=2 2 2 2 2 2 2
left_child=6 2 -2 4 5 -4 -1
right_child=1 -3 3 -5 -6 -7 -8
leaf_value=2.9573783226307184e-09 0 0 0 0 0 -3.2981476825344287e-08 0
leaf_weight=7714 2222 2082 1083 999 127 5823 5686
leaf_count=7714 2222 2082 1083 999 127 5823 5686
internal_value=0 -5.58715e-09 -1.73086e-08 -2.38968e-08 -2.81968e-08 -2.94144e-08 0
internal_weight=25736 12336 10254 8032 7033 6906 13400
internal_count=25736 12336 10254 8032 7033 6906 13400
is_linear=0
shrinkage=0.000132856


Tree=689
num_leaves=8
num_cat=0
split_feature=6 5 4 4 11 5 5
split_gain=2.18045e-05 0.000152224 8.5832e-05 5.69493e-05 2.17315e-05 2.03555e-05 3.8224e-06
threshold=0.00036051747018883701 0.0060817964016657297 648.19859000000008 7111.1789800000006 86.551172284194365 -0.0025052966770633951 -0.00062080298109529186
decision_type=2 2 2 2 2 2 2
left_child=6 2 -2 4 5 -4 -1
right_child=1 -3 3 -5 -6 -7 -8
leaf_value=2.9569854015483567e-09 0 0 0 0 0 -3.2977096137139573e-08 0
leaf_weight=7714 2222 2082 1083 999 127 5823 5686
leaf_count=7714 2222 2082 1083 999 127 5823 5686
internal_value=0 -5.58508e-09 -1.73061e-08 -2.38936e-08 -2.81932e-08 -2.94108e-08 0
internal_weight=25736 12336 10254 8032 7033 6906 13400
internal_count=25736 12336 10254 8032 7033 6906 13400
is_linear=0
shrinkage=0.000132856


Tree=690
num_leaves=8
num_cat=0
split_feature=6 5 4 4 11 5 5
split_gain=2.17884e-05 0.00015219 8.58129e-05 5.69369e-05 2.1728e-05 2.03452e-05 3.82139e-06
threshold=0.00036051747018883701 0.0060817964016657297 648.19859000000008 7111.1789800000006 86.551172284194365 -0.0025052966770633951 -0.00062080298109529186
decision_type=2 2 2 2 2 2 2
left_child=6 2 -2 4 5 -4 -1
right_child=1 -3 3 -5 -6 -7 -8
leaf_value=2.9565926068605351e-09 0 0 0 0 0 -3.2972717001366674e-08 0
leaf_weight=7714 2222 2082 1083 999 127 5823 5686
leaf_count=7714 2222 2082 1083 999 127 5823 5686
internal_value=0 -5.58301e-09 -1.73036e-08 -2.38904e-08 -2.81895e-08 -2.94071e-08 0
internal_weight=25736 12336 10254 8032 7033 6906 13400
internal_count=25736 12336 10254 8032 7033 6906 13400
is_linear=0
shrinkage=0.000132856


Tree=691
num_leaves=8
num_cat=0
split_feature=6 5 4 4 11 5 5
split_gain=2.17722e-05 0.000152156 8.57939e-05 5.69245e-05 2.17244e-05 2.03349e-05 3.82037e-06
threshold=0.00036051747018883701 0.0060817964016657297 648.19859000000008 7111.1789800000006 86.551172284194365 -0.0025052966770633951 -0.00062080298109529186
decision_type=2 2 2 2 2 2 2
left_child=6 2 -2 4 5 -4 -1
right_child=1 -3 3 -5 -6 -7 -8
leaf_value=2.9562000323213067e-09 0 0 0 0 0 -3.2968337675742238e-08 0
leaf_weight=7714 2222 2082 1083 999 127 5823 5686
leaf_count=7714 2222 2082 1083 999 127 5823 5686
internal_value=0 -5.58094e-09 -1.73011e-08 -2.38872e-08 -2.81859e-08 -2.94034e-08 0
internal_weight=25736 12336 10254 8032 7033 6906 13400
internal_count=25736 12336 10254 8032 7033 6906 13400
is_linear=0
shrinkage=0.000132856


Tree=692
num_leaves=8
num_cat=0
split_feature=6 5 4 4 11 5 5
split_gain=2.17561e-05 0.000152122 8.57749e-05 5.6912e-05 2.17209e-05 2.03246e-05 3.81936e-06
threshold=0.00036051747018883701 0.0060817964016657297 648.19859000000008 7111.1789800000006 86.551172284194365 -0.0025052966770633951 -0.00062080298109529186
decision_type=2 2 2 2 2 2 2
left_child=6 2 -2 4 5 -4 -1
right_child=1 -3 3 -5 -6 -7 -8
leaf_value=2.9558079419476893e-09 0 0 0 0 0 -3.2963959225139749e-08 0
leaf_weight=7714 2222 2082 1083 999 127 5823 5686
leaf_count=7714 2222 2082 1083 999 127 5823 5686
internal_value=0 -5.57888e-09 -1.72986e-08 -2.38841e-08 -2.81823e-08 -2.93997e-08 0
internal_weight=25736 12336 10254 8032 7033 6906 13400
internal_count=25736 12336 10254 8032 7033 6906 13400
is_linear=0
shrinkage=0.000132856


Tree=693
num_leaves=6
num_cat=0
split_feature=6 5 5 11 5
split_gain=2.174e-05 0.000152088 3.21172e-05 3.16522e-05 3.81835e-06
threshold=0.00036051747018883701 0.0060817964016657297 -0.0025052966770633951 88.255514171643711 -0.00062080298109529186
decision_type=2 2 2 2 2
left_child=4 2 -2 -4 -1
right_child=1 -3 3 -5 -6
leaf_value=2.9554151466197812e-09 0 0 -2.1823985715753739e-08 0 0
leaf_weight=7714 1344 2082 8803 107 5686
leaf_count=7714 1344 2082 8803 107 5686
internal_value=0 -5.57681e-09 -1.72961e-08 -2.0196e-08 0
internal_weight=25736 12336 10254 8910 13400
internal_count=25736 12336 10254 8910 13400
is_linear=0
shrinkage=0.000132856


Tree=694
num_leaves=6
num_cat=0
split_feature=6 5 5 11 5
split_gain=2.17239e-05 0.000152055 3.21088e-05 3.16475e-05 3.81733e-06
threshold=0.00036051747018883701 0.0060817964016657297 -0.0025052966770633951 88.255514171643711 -0.00062080298109529186
decision_type=2 2 2 2 2
left_child=4 2 -2 -4 -1
right_child=1 -3 3 -5 -6
leaf_value=2.9550219392661464e-09 0 0 -2.182108685329726e-08 0 0
leaf_weight=7714 1344 2082 8803 107 5686
leaf_count=7714 1344 2082 8803 107 5686
internal_value=0 -5.57474e-09 -1.72937e-08 -2.01932e-08 0
internal_weight=25736 12336 10254 8910 13400
internal_count=25736 12336 10254 8910 13400
is_linear=0
shrinkage=0.000132856


Tree=695
num_leaves=6
num_cat=0
split_feature=6 5 5 11 5
split_gain=2.17078e-05 0.000152021 3.21004e-05 3.16428e-05 3.81632e-06
threshold=0.00036051747018883701 0.0060817964016657297 -0.0025052966770633951 88.255514171643711 -0.00062080298109529186
decision_type=2 2 2 2 2
left_child=4 2 -2 -4 -1
right_child=1 -3 3 -5 -6
leaf_value=2.9546294901583933e-09 0 0 -2.1818188516134753e-08 0 0
leaf_weight=7714 1344 2082 8803 107 5686
leaf_count=7714 1344 2082 8803 107 5686
internal_value=0 -5.57267e-09 -1.72912e-08 -2.01903e-08 0
internal_weight=25736 12336 10254 8910 13400
internal_count=25736 12336 10254 8910 13400
is_linear=0
shrinkage=0.000132856


Tree=696
num_leaves=9
num_cat=0
split_feature=12 13 6 6 12 13 5 13
split_gain=6.20196e-05 8.28508e-05 3.67783e-05 3.11046e-05 2.96193e-05 1.32592e-05 9.3816e-06 5.99613e-06
threshold=0.0087277781166600673 0.004620885413703966 -0.005676067186676236 0.026314561477596924 0.0030089871727428498 0.010757263771706386 -0.004586844938791467 0.0026165449142086785
decision_type=2 2 2 2 2 2 2 2
left_child=2 -2 -1 -3 -4 6 -6 -8
right_child=1 3 4 -5 5 -7 7 -9
leaf_value=0 0 2.1373023941747473e-08 0 0 0 0 0 -1.369901853398997e-08
leaf_weight=1730 1584 6685 3705 480 333 180 1643 9210
leaf_count=1730 1584 6685 3705 480 333 180 1643 9210
internal_value=0 1.09189e-08 -1.7482e-09 1.86979e-08 -6.81722e-09 -1.03735e-08 -1.14131e-08 -1.22274e-08
internal_weight=25550 8749 16801 7165 15071 11366 11186 10853
internal_count=25550 8749 16801 7165 15071 11366 11186 10853
is_linear=0
shrinkage=0.000132856


Tree=697
num_leaves=9
num_cat=0
split_feature=12 13 6 6 12 13 5 13
split_gain=6.19928e-05 8.28341e-05 3.67687e-05 3.10989e-05 2.96126e-05 1.32572e-05 9.38006e-06 5.99333e-06
threshold=0.0087277781166600673 0.004620885413703966 -0.005676067186676236 0.026314561477596924 0.0030089871727428498 0.010757263771706386 -0.004586844938791467 0.0026165449142086785
decision_type=2 2 2 2 2 2 2 2
left_child=2 -2 -1 -3 -4 6 -6 -8
right_child=1 3 4 -5 5 -7 7 -9
leaf_value=0 0 2.1370185609429702e-08 0 0 0 0 0 -1.3697199243999607e-08
leaf_weight=1730 1584 6685 3705 480 333 180 1643 9210
leaf_count=1730 1584 6685 3705 480 333 180 1643 9210
internal_value=0 1.09167e-08 -1.74721e-09 1.86952e-08 -6.81611e-09 -1.0372e-08 -1.14116e-08 -1.22259e-08
internal_weight=25550 8749 16801 7165 15071 11366 11186 10853
internal_count=25550 8749 16801 7165 15071 11366 11186 10853
is_linear=0
shrinkage=0.000132856


Tree=698
num_leaves=9
num_cat=0
split_feature=12 13 6 6 12 13 5 13
split_gain=6.1966e-05 8.28173e-05 3.6759e-05 3.10931e-05 2.96058e-05 1.32552e-05 9.37851e-06 5.99054e-06
threshold=0.0087277781166600673 0.004620885413703966 -0.005676067186676236 0.026314561477596924 0.0030089871727428498 0.010757263771706386 -0.004586844938791467 0.0026165449142086785
decision_type=2 2 2 2 2 2 2 2
left_child=2 -2 -1 -3 -4 6 -6 -8
right_child=1 3 4 -5 5 -7 7 -9
leaf_value=0 0 2.136734682316915e-08 0 0 0 0 0 -1.3695379574133584e-08
leaf_weight=1730 1584 6685 3705 480 333 180 1643 9210
leaf_count=1730 1584 6685 3705 480 333 180 1643 9210
internal_value=0 1.09146e-08 -1.74621e-09 1.86926e-08 -6.815e-09 -1.03705e-08 -1.14101e-08 -1.22243e-08
internal_weight=25550 8749 16801 7165 15071 11366 11186 10853
internal_count=25550 8749 16801 7165 15071 11366 11186 10853
is_linear=0
shrinkage=0.000132856


Tree=699
num_leaves=9
num_cat=0
split_feature=12 13 6 6 12 13 5 13
split_gain=6.19392e-05 8.28006e-05 3.67494e-05 3.10874e-05 2.9599e-05 1.32532e-05 9.37696e-06 5.98775e-06
threshold=0.0087277781166600673 0.004620885413703966 -0.005676067186676236 0.026314561477596924 0.0030089871727428498 0.010757263771706386 -0.004586844938791467 0.0026165449142086785
decision_type=2 2 2 2 2 2 2 2
left_child=2 -2 -1 -3 -4 6 -6 -8
right_child=1 3 4 -5 5 -7 7 -9
leaf_value=0 0 2.1364508794595677e-08 0 0 0 0 0 -1.3693560449257115e-08
leaf_weight=1730 1584 6685 3705 480 333 180 1643 9210
leaf_count=1730 1584 6685 3705 480 333 180 1643 9210
internal_value=0 1.09124e-08 -1.74521e-09 1.86899e-08 -6.81388e-09 -1.03691e-08 -1.14086e-08 -1.22228e-08
internal_weight=25550 8749 16801 7165 15071 11366 11186 10853
internal_count=25550 8749 16801 7165 15071 11366 11186 10853
is_linear=0
shrinkage=0.000132856


Tree=700
num_leaves=9
num_cat=0
split_feature=12 13 6 6 12 13 5 13
split_gain=6.19125e-05 8.27839e-05 3.67398e-05 3.10816e-05 2.95923e-05 1.32513e-05 9.37542e-06 5.98495e-06
threshold=0.0087277781166600673 0.004620885413703966 -0.005676067186676236 0.026314561477596924 0.0030089871727428498 0.010757263771706386 -0.004586844938791467 0.0026165449142086785
decision_type=2 2 2 2 2 2 2 2
left_child=2 -2 -1 -3 -4 6 -6 -8
right_child=1 3 4 -5 5 -7 7 -9
leaf_value=0 0 2.1361671155159575e-08 0 0 0 0 0 -1.3691742084303715e-08
leaf_weight=1730 1584 6685 3705 480 333 180 1643 9210
leaf_count=1730 1584 6685 3705 480 333 180 1643 9210
internal_value=0 1.09102e-08 -1.74422e-09 1.86873e-08 -6.81277e-09 -1.03676e-08 -1.14071e-08 -1.22212e-08
internal_weight=25550 8749 16801 7165 15071 11366 11186 10853
internal_count=25550 8749 16801 7165 15071 11366 11186 10853
is_linear=0
shrinkage=0.000132856


Tree=701
num_leaves=9
num_cat=0
split_feature=12 13 6 6 12 13 5 13
split_gain=6.18857e-05 8.27672e-05 3.67302e-05 3.10759e-05 2.95856e-05 1.32493e-05 9.37387e-06 5.98216e-06
threshold=0.0087277781166600673 0.004620885413703966 -0.005676067186676236 0.026314561477596924 0.0030089871727428498 0.010757263771706386 -0.004586844938791467 0.0026165449142086785
decision_type=2 2 2 2 2 2 2 2
left_child=2 -2 -1 -3 -4 6 -6 -8
right_child=1 3 4 -5 5 -7 7 -9
leaf_value=0 0 2.1358835092433738e-08 0 0 0 0 0 -1.3689923210936326e-08
leaf_weight=1730 1584 6685 3705 480 333 180 1643 9210
leaf_count=1730 1584 6685 3705 480 333 180 1643 9210
internal_value=0 1.09081e-08 -1.74322e-09 1.86846e-08 -6.81166e-09 -1.03661e-08 -1.14056e-08 -1.22197e-08
internal_weight=25550 8749 16801 7165 15071 11366 11186 10853
internal_count=25550 8749 16801 7165 15071 11366 11186 10853
is_linear=0
shrinkage=0.000132856


Tree=702
num_leaves=9
num_cat=0
split_feature=12 13 6 6 12 13 5 13
split_gain=6.18589e-05 8.27505e-05 3.67205e-05 3.10701e-05 2.95788e-05 1.32473e-05 9.37233e-06 5.97937e-06
threshold=0.0087277781166600673 0.004620885413703966 -0.005676067186676236 0.026314561477596924 0.0030089871727428498 0.010757263771706386 -0.004586844938791467 0.0026165449142086785
decision_type=2 2 2 2 2 2 2 2
left_child=2 -2 -1 -3 -4 6 -6 -8
right_child=1 3 4 -5 5 -7 7 -9
leaf_value=0 0 2.1355997374025922e-08 0 0 0 0 0 -1.3688104613657655e-08
leaf_weight=1730 1584 6685 3705 480 333 180 1643 9210
leaf_count=1730 1584 6685 3705 480 333 180 1643 9210
internal_value=0 1.09059e-08 -1.74222e-09 1.8682e-08 -6.81055e-09 -1.03646e-08 -1.14041e-08 -1.22181e-08
internal_weight=25550 8749 16801 7165 15071 11366 11186 10853
internal_count=25550 8749 16801 7165 15071 11366 11186 10853
is_linear=0
shrinkage=0.000132856


Tree=703
num_leaves=9
num_cat=0
split_feature=12 13 6 6 12 13 5 13
split_gain=6.18322e-05 8.27337e-05 3.67109e-05 3.10644e-05 2.95721e-05 1.32453e-05 9.37078e-06 5.97658e-06
threshold=0.0087277781166600673 0.004620885413703966 -0.005676067186676236 0.026314561477596924 0.0030089871727428498 0.010757263771706386 -0.004586844938791467 0.0026165449142086785
decision_type=2 2 2 2 2 2 2 2
left_child=2 -2 -1 -3 -4 6 -6 -8
right_child=1 3 4 -5 5 -7 7 -9
leaf_value=0 0 2.1353161448181518e-08 0 0 0 0 0 -1.3686286667218066e-08
leaf_weight=1730 1584 6685 3705 480 333 180 1643 9210
leaf_count=1730 1584 6685 3705 480 333 180 1643 9210
internal_value=0 1.09037e-08 -1.74122e-09 1.86793e-08 -6.80944e-09 -1.03632e-08 -1.14026e-08 -1.22166e-08
internal_weight=25550 8749 16801 7165 15071 11366 11186 10853
internal_count=25550 8749 16801 7165 15071 11366 11186 10853
is_linear=0
shrinkage=0.000132856


Tree=704
num_leaves=11
num_cat=0
split_feature=11 12 15 14 4 13 3 5 5 5
split_gain=0.000118998 0.000185257 6.49556e-05 4.15745e-05 4.38287e-05 6.9761e-05 1.01352e-05 4.80058e-06 1.48635e-05 1.80998e-06
threshold=47.916211510047965 0.0079537993576035242 1163.3723113646704 -0.011510619111520346 1909.5413700000001 0.0033561821362728364 68244.490000000005 -0.0037714271581725241 0.013504287962319951 -0.00092330701366583046
decision_type=2 2 2 2 2 2 2 2 2 2
left_child=7 -2 3 -3 -5 -6 -7 -1 9 -9
right_child=1 2 -4 4 5 6 -8 8 -10 -11
leaf_value=0 0 0 0 0 0 5.4751747469657635e-08 0 0 0 -7.9860182769326049e-09
leaf_weight=2583 9183 137 127 1256 205 3189 282 2559 125 5941
leaf_count=2583 9183 137 127 1256 205 3189 282 2559 125 5941
internal_value=2.26941e-09 1.24586e-08 3.25342e-08 3.62087e-08 3.86807e-08 4.70896e-08 5.19889e-08 0 -3.13397e-09 -6.38931e-09
internal_weight=25587 14379 5196 5069 4932 3676 3471 11208 8625 8500
internal_count=25587 14379 5196 5069 4932 3676 3471 11208 8625 8500
is_linear=0
shrinkage=0.000132856


Tree=705
num_leaves=11
num_cat=0
split_feature=11 12 15 14 4 13 3 5 5 5
split_gain=0.000118969 0.000185205 6.49459e-05 4.1568e-05 4.38066e-05 6.97481e-05 1.01279e-05 4.79834e-06 1.48612e-05 1.80884e-06
threshold=47.916211510047965 0.0079537993576035242 1163.3723113646704 -0.011510619111520346 1909.5413700000001 0.0033561821362728364 68244.490000000005 -0.0037714271581725241 0.013504287962319951 -0.00092330701366583046
decision_type=2 2 2 2 2 2 2 2 2 2
left_child=7 -2 3 -3 -5 -6 -7 -1 9 -9
right_child=1 2 -4 4 5 6 -8 8 -10 -11
leaf_value=0 0 0 0 0 0 5.4744476700442186e-08 0 0 0 -7.9849577996197085e-09
leaf_weight=2583 9183 137 127 1256 205 3189 282 2559 125 5941
leaf_count=2583 9183 137 127 1256 205 3189 282 2559 125 5941
internal_value=2.26875e-09 1.2457e-08 3.25298e-08 3.62041e-08 3.8676e-08 4.70833e-08 5.19822e-08 0 -3.13324e-09 -6.38857e-09
internal_weight=25587 14379 5196 5069 4932 3676 3471 11208 8625 8500
internal_count=25587 14379 5196 5069 4932 3676 3471 11208 8625 8500
is_linear=0
shrinkage=0.000132856


Tree=706
num_leaves=11
num_cat=0
split_feature=11 12 15 14 4 13 3 5 5 5
split_gain=0.000118941 0.000185152 6.49363e-05 4.15615e-05 4.37845e-05 6.97352e-05 1.01207e-05 4.79611e-06 1.48589e-05 1.8077e-06
threshold=47.916211510047965 0.0079537993576035242 1163.3723113646704 -0.011510619111520346 1909.5413700000001 0.0033561821362728364 68244.490000000005 -0.0037714271581725241 0.013504287962319951 -0.00092330701366583046
decision_type=2 2 2 2 2 2 2 2 2 2
left_child=7 -2 3 -3 -5 -6 -7 -1 9 -9
right_child=1 2 -4 4 5 6 -8 8 -10 -11
leaf_value=0 0 0 0 0 0 5.4737209513672311e-08 0 0 0 -7.983897265010074e-09
leaf_weight=2583 9183 137 127 1256 205 3189 282 2559 125 5941
leaf_count=2583 9183 137 127 1256 205 3189 282 2559 125 5941
internal_value=2.26809e-09 1.24553e-08 3.25253e-08 3.61995e-08 3.86713e-08 4.7077e-08 5.19755e-08 0 -3.13251e-09 -6.38783e-09
internal_weight=25587 14379 5196 5069 4932 3676 3471 11208 8625 8500
internal_count=25587 14379 5196 5069 4932 3676 3471 11208 8625 8500
is_linear=0
shrinkage=0.000132856


Tree=707
num_leaves=11
num_cat=0
split_feature=11 12 15 14 4 13 3 5 5 5
split_gain=0.000118913 0.000185099 6.49266e-05 4.1555e-05 4.37624e-05 6.97223e-05 1.01134e-05 4.79387e-06 1.48566e-05 1.80656e-06
threshold=47.916211510047965 0.0079537993576035242 1163.3723113646704 -0.011510619111520346 1909.5413700000001 0.0033561821362728364 68244.490000000005 -0.0037714271581725241 0.013504287962319951 -0.00092330701366583046
decision_type=2 2 2 2 2 2 2 2 2 2
left_child=7 -2 3 -3 -5 -6 -7 -1 9 -9
right_child=1 2 -4 4 5 6 -8 8 -10 -11
leaf_value=0 0 0 0 0 0 5.4729942227393984e-08 0 0 0 -7.9828370876986253e-09
leaf_weight=2583 9183 137 127 1256 205 3189 282 2559 125 5941
leaf_count=2583 9183 137 127 1256 205 3189 282 2559 125 5941
internal_value=2.26743e-09 1.24537e-08 3.25208e-08 3.6195e-08 3.86666e-08 4.70707e-08 5.19689e-08 0 -3.13178e-09 -6.38709e-09
internal_weight=25587 14379 5196 5069 4932 3676 3471 11208 8625 8500
internal_count=25587 14379 5196 5069 4932 3676 3471 11208 8625 8500
is_linear=0
shrinkage=0.000132856


Tree=708
num_leaves=11
num_cat=0
split_feature=11 12 15 14 4 13 3 5 5 5
split_gain=0.000118884 0.000185047 6.4917e-05 4.15485e-05 4.37403e-05 6.97095e-05 1.01062e-05 4.79163e-06 1.48542e-05 1.80542e-06
threshold=47.916211510047965 0.0079537993576035242 1163.3723113646704 -0.011510619111520346 1909.5413700000001 0.0033561821362728364 68244.490000000005 -0.0037714271581725241 0.013504287962319951 -0.00092330701366583046
decision_type=2 2 2 2 2 2 2 2 2 2
left_child=7 -2 3 -3 -5 -6 -7 -1 9 -9
right_child=1 2 -4 4 5 6 -8 8 -10 -11
leaf_value=0 0 0 0 0 0 5.4722675817645621e-08 0 0 0 -7.9817767124633899e-09
leaf_weight=2583 9183 137 127 1256 205 3189 282 2559 125 5941
leaf_count=2583 9183 137 127 1256 205 3189 282 2559 125 5941
internal_value=2.26677e-09 1.24521e-08 3.25164e-08 3.61904e-08 3.86619e-08 4.70644e-08 5.19622e-08 0 -3.13104e-09 -6.38635e-09
internal_weight=25587 14379 5196 5069 4932 3676 3471 11208 8625 8500
internal_count=25587 14379 5196 5069 4932 3676 3471 11208 8625 8500
is_linear=0
shrinkage=0.000132856


Tree=709
num_leaves=11
num_cat=0
split_feature=11 12 15 14 4 13 3 5 5 5
split_gain=0.000118856 0.000184994 6.49073e-05 4.1542e-05 4.37182e-05 6.96966e-05 1.00989e-05 4.7894e-06 1.48519e-05 1.80428e-06
threshold=47.916211510047965 0.0079537993576035242 1163.3723113646704 -0.011510619111520346 1909.5413700000001 0.0033561821362728364 68244.490000000005 -0.0037714271581725241 0.013504287962319951 -0.00092330701366583046
decision_type=2 2 2 2 2 2 2 2 2 2
left_child=7 -2 3 -3 -5 -6 -7 -1 9 -9
right_child=1 2 -4 4 5 6 -8 8 -10 -11
leaf_value=0 0 0 0 0 0 5.4715409864857927e-08 0 0 0 -7.98071680553579e-09
leaf_weight=2583 9183 137 127 1256 205 3189 282 2559 125 5941
leaf_count=2583 9183 137 127 1256 205 3189 282 2559 125 5941
internal_value=2.26611e-09 1.24505e-08 3.25119e-08 3.61858e-08 3.86572e-08 4.70581e-08 5.19555e-08 0 -3.13031e-09 -6.38561e-09
internal_weight=25587 14379 5196 5069 4932 3676 3471 11208 8625 8500
internal_count=25587 14379 5196 5069 4932 3676 3471 11208 8625 8500
is_linear=0
shrinkage=0.000132856


Tree=710
num_leaves=11
num_cat=0
split_feature=11 12 15 14 4 13 3 5 5 5
split_gain=0.000118827 0.000184941 6.48977e-05 4.15355e-05 4.36962e-05 6.96837e-05 1.00917e-05 4.78717e-06 1.48496e-05 1.80314e-06
threshold=47.916211510047965 0.0079537993576035242 1163.3723113646704 -0.011510619111520346 1909.5413700000001 0.0033561821362728364 68244.490000000005 -0.0037714271581725241 0.013504287962319951 -0.00092330701366583046
decision_type=2 2 2 2 2 2 2 2 2 2
left_child=7 -2 3 -3 -5 -6 -7 -1 9 -9
right_child=1 2 -4 4 5 6 -8 8 -10 -11
leaf_value=0 0 0 0 0 0 5.4708145247520351e-08 0 0 0 -7.9796568516048015e-09
leaf_weight=2583 9183 137 127 1256 205 3189 282 2559 125 5941
leaf_count=2583 9183 137 127 1256 205 3189 282 2559 125 5941
internal_value=2.26545e-09 1.24489e-08 3.25074e-08 3.61812e-08 3.86525e-08 4.70518e-08 5.19488e-08 0 -3.12958e-09 -6.38486e-09
internal_weight=25587 14379 5196 5069 4932 3676 3471 11208 8625 8500
internal_count=25587 14379 5196 5069 4932 3676 3471 11208 8625 8500
is_linear=0
shrinkage=0.000132856


Tree=711
num_leaves=11
num_cat=0
split_feature=11 12 15 14 4 13 3 5 5 5
split_gain=0.000118799 0.000184888 6.4888e-05 4.1529e-05 4.36741e-05 6.96709e-05 1.00844e-05 4.78493e-06 1.48473e-05 1.802e-06
threshold=47.916211510047965 0.0079537993576035242 1163.3723113646704 -0.011510619111520346 1909.5413700000001 0.0033561821362728364 68244.490000000005 -0.0037714271581725241 0.013504287962319951 -0.00092330701366583046
decision_type=2 2 2 2 2 2 2 2 2 2
left_child=7 -2 3 -3 -5 -6 -7 -1 9 -9
right_child=1 2 -4 4 5 6 -8 8 -10 -11
leaf_value=0 0 0 0 0 0 5.4700883033218654e-08 0 0 0 -7.9785969710297233e-09
leaf_weight=2583 9183 137 127 1256 205 3189 282 2559 125 5941
leaf_count=2583 9183 137 127 1256 205 3189 282 2559 125 5941
internal_value=2.26479e-09 1.24473e-08 3.2503e-08 3.61767e-08 3.86478e-08 4.70455e-08 5.19422e-08 0 -3.12885e-09 -6.38412e-09
internal_weight=25587 14379 5196 5069 4932 3676 3471 11208 8625 8500
internal_count=25587 14379 5196 5069 4932 3676 3471 11208 8625 8500
is_linear=0
shrinkage=0.000132856


Tree=712
num_leaves=9
num_cat=0
split_feature=5 5 6 6 12 6 5 12
split_gain=1.12581e-06 5.64486e-05 3.03324e-05 3.49928e-05 2.55097e-05 4.99207e-06 8.25807e-07 9.59884e-07
threshold=-0.0025697584393127855 0.0060817964016657297 -0.0013109410531580432 0.022911189001646463 0.0033171559946192975 -0.011082669129772347 -0.016317023735840316 0.0045081266429702373
decision_type=2 2 2 2 2 2 2 2
left_child=6 2 -2 4 -4 -3 -1 -8
right_child=1 5 3 -5 -6 -7 7 -9
leaf_value=0 0 0 0 0 -1.7909320934135567e-08 6.3864528286490991e-09 0 3.098960155383929e-09
leaf_weight=410 5551 151 3297 206 8075 2378 292 5349
leaf_count=410 5551 151 3297 206 8075 2378 292 5349
internal_value=0 0 -7.59192e-09 -1.14673e-08 -1.3718e-08 1.88198e-09 1.81185e-09 2.47069e-09
internal_weight=25709 19658 17129 11578 11372 2529 6051 5641
internal_count=25709 19658 17129 11578 11372 2529 6051 5641
is_linear=0
shrinkage=0.000132856


Tree=713
num_leaves=9
num_cat=0
split_feature=5 5 6 6 12 6 5 12
split_gain=1.12536e-06 5.64317e-05 3.0324e-05 3.49879e-05 2.55006e-05 4.99104e-06 8.25643e-07 9.59727e-07
threshold=-0.0025697584393127855 0.0060817964016657297 -0.0013109410531580432 0.022911189001646463 0.0033171559946192975 -0.011082669129772347 -0.016317023735840316 0.0045081266429702373
decision_type=2 2 2 2 2 2 2 2
left_child=6 2 -2 4 -4 -3 -1 -8
right_child=1 5 3 -5 -6 -7 7 -9
leaf_value=0 0 0 0 0 -1.7906942602377679e-08 6.3856044153503725e-09 0 3.0985484277345711e-09
leaf_weight=410 5551 151 3297 206 8075 2378 292 5349
leaf_count=410 5551 151 3297 206 8075 2378 292 5349
internal_value=0 0 -7.5908e-09 -1.14657e-08 -1.37163e-08 1.88118e-09 1.81149e-09 2.4703e-09
internal_weight=25709 19658 17129 11578 11372 2529 6051 5641
internal_count=25709 19658 17129 11578 11372 2529 6051 5641
is_linear=0
shrinkage=0.000132856


Tree=714
num_leaves=9
num_cat=0
split_feature=5 5 6 6 12 6 5 12
split_gain=1.1249e-06 5.64147e-05 3.03155e-05 3.4983e-05 2.54915e-05 4.99001e-06 8.25478e-07 9.5957e-07
threshold=-0.0025697584393127855 0.0060817964016657297 -0.0013109410531580432 0.022911189001646463 0.0033171559946192975 -0.011082669129772347 -0.016317023735840316 0.0045081266429702373
decision_type=2 2 2 2 2 2 2 2
left_child=6 2 -2 4 -4 -3 -1 -8
right_child=1 5 3 -5 -6 -7 7 -9
leaf_value=0 0 0 0 0 -1.7904563735525308e-08 6.3847570395611247e-09 0 3.0981366470943192e-09
leaf_weight=410 5551 151 3297 206 8075 2378 292 5349
leaf_count=410 5551 151 3297 206 8075 2378 292 5349
internal_value=0 0 -7.58968e-09 -1.1464e-08 -1.37146e-08 1.88038e-09 1.81112e-09 2.46991e-09
internal_weight=25709 19658 17129 11578 11372 2529 6051 5641
internal_count=25709 19658 17129 11578 11372 2529 6051 5641
is_linear=0
shrinkage=0.000132856


Tree=715
num_leaves=9
num_cat=0
split_feature=5 5 6 6 12 6 5 12
split_gain=1.12445e-06 5.63978e-05 3.03071e-05 3.49781e-05 2.54824e-05 4.98898e-06 8.25314e-07 9.59413e-07
threshold=-0.0025697584393127855 0.0060817964016657297 -0.0013109410531580432 0.022911189001646463 0.0033171559946192975 -0.011082669129772347 -0.016317023735840316 0.0045081266429702373
decision_type=2 2 2 2 2 2 2 2
left_child=6 2 -2 4 -4 -3 -1 -8
right_child=1 5 3 -5 -6 -7 7 -9
leaf_value=0 0 0 0 0 -1.7902186043679947e-08 6.3839102899898687e-09 0 3.0977259455049216e-09
leaf_weight=410 5551 151 3297 206 8075 2378 292 5349
leaf_count=410 5551 151 3297 206 8075 2378 292 5349
internal_value=0 0 -7.58856e-09 -1.14623e-08 -1.37129e-08 1.87958e-09 1.81076e-09 2.46952e-09
internal_weight=25709 19658 17129 11578 11372 2529 6051 5641
internal_count=25709 19658 17129 11578 11372 2529 6051 5641
is_linear=0
shrinkage=0.000132856


Tree=716
num_leaves=9
num_cat=0
split_feature=5 5 6 6 12 6 5 12
split_gain=1.124e-06 5.63808e-05 3.02987e-05 3.49733e-05 2.54732e-05 4.98795e-06 8.2515e-07 9.59257e-07
threshold=-0.0025697584393127855 0.0060817964016657297 -0.0013109410531580432 0.022911189001646463 0.0033171559946192975 -0.011082669129772347 -0.016317023735840316 0.0045081266429702373
decision_type=2 2 2 2 2 2 2 2
left_child=6 2 -2 4 -4 -3 -1 -8
right_child=1 5 3 -5 -6 -7 7 -9
leaf_value=0 0 0 0 0 -1.7899807818825578e-08 6.3830626124442955e-09 0 3.097314272873061e-09
leaf_weight=410 5551 151 3297 206 8075 2378 292 5349
leaf_count=410 5551 151 3297 206 8075 2378 292 5349
internal_value=0 0 -7.58744e-09 -1.14607e-08 -1.37113e-08 1.87879e-09 1.8104e-09 2.46913e-09
internal_weight=25709 19658 17129 11578 11372 2529 6051 5641
internal_count=25709 19658 17129 11578 11372 2529 6051 5641
is_linear=0
shrinkage=0.000132856


Tree=717
num_leaves=9
num_cat=0
split_feature=5 5 6 6 12 6 5 12
split_gain=1.12355e-06 5.63639e-05 3.02902e-05 3.49684e-05 2.54641e-05 4.98692e-06 8.24985e-07 9.591e-07
threshold=-0.0025697584393127855 0.0060817964016657297 -0.0013109410531580432 0.022911189001646463 0.0033171559946192975 -0.011082669129772347 -0.016317023735840316 0.0045081266429702373
decision_type=2 2 2 2 2 2 2 2
left_child=6 2 -2 4 -4 -3 -1 -8
right_child=1 5 3 -5 -6 -7 7 -9
leaf_value=0 0 0 0 0 -1.7897430269232138e-08 6.3822140668352663e-09 0 3.0969023938098591e-09
leaf_weight=410 5551 151 3297 206 8075 2378 292 5349
leaf_count=410 5551 151 3297 206 8075 2378 292 5349
internal_value=0 0 -7.58632e-09 -1.1459e-08 -1.37096e-08 1.87799e-09 1.81003e-09 2.46873e-09
internal_weight=25709 19658 17129 11578 11372 2529 6051 5641
internal_count=25709 19658 17129 11578 11372 2529 6051 5641
is_linear=0
shrinkage=0.000132856


Tree=718
num_leaves=9
num_cat=0
split_feature=5 5 6 6 12 6 5 12
split_gain=1.1231e-06 5.63469e-05 3.02818e-05 3.49635e-05 2.5455e-05 4.98589e-06 8.24821e-07 9.58943e-07
threshold=-0.0025697584393127855 0.0060817964016657297 -0.0013109410531580432 0.022911189001646463 0.0033171559946192975 -0.011082669129772347 -0.016317023735840316 0.0045081266429702373
decision_type=2 2 2 2 2 2 2 2
left_child=6 2 -2 4 -4 -3 -1 -8
right_child=1 5 3 -5 -6 -7 7 -9
leaf_value=0 0 0 0 0 -1.7895053427408249e-08 6.3813675492417259e-09 0 3.0964918598810071e-09
leaf_weight=410 5551 151 3297 206 8075 2378 292 5349
leaf_count=410 5551 151 3297 206 8075 2378 292 5349
internal_value=0 0 -7.5852e-09 -1.14574e-08 -1.37079e-08 1.87719e-09 1.80967e-09 2.46835e-09
internal_weight=25709 19658 17129 11578 11372 2529 6051 5641
internal_count=25709 19658 17129 11578 11372 2529 6051 5641
is_linear=0
shrinkage=0.000132856


Tree=719
num_leaves=9
num_cat=0
split_feature=5 5 6 6 12 6 5 12
split_gain=1.12265e-06 5.633e-05 3.02734e-05 3.49586e-05 2.54459e-05 4.98487e-06 8.24657e-07 9.58786e-07
threshold=-0.0025697584393127855 0.0060817964016657297 -0.0013109410531580432 0.022911189001646463 0.0033171559946192975 -0.011082669129772347 -0.016317023735840316 0.0045081266429702373
decision_type=2 2 2 2 2 2 2 2
left_child=6 2 -2 4 -4 -3 -1 -8
right_child=1 5 3 -5 -6 -7 7 -9
leaf_value=0 0 0 0 0 -1.789267643015878e-08 6.3805214103412092e-09 0 3.0960800289651721e-09
leaf_weight=410 5551 151 3297 206 8075 2378 292 5349
leaf_count=410 5551 151 3297 206 8075 2378 292 5349
internal_value=0 0 -7.58408e-09 -1.14557e-08 -1.37062e-08 1.8764e-09 1.80931e-09 2.46795e-09
internal_weight=25709 19658 17129 11578 11372 2529 6051 5641
internal_count=25709 19658 17129 11578 11372 2529 6051 5641
is_linear=0
shrinkage=0.000132856


Tree=720
num_leaves=5
num_cat=0
split_feature=5 5 6 6
split_gain=1.8769e-05 4.35896e-05 5.26904e-05 8.10444e-05
threshold=-0.0025697584393127855 0.0060817964016657297 0.017240024818897085 0.00025916863002328766
decision_type=2 2 2 2
left_child=-1 2 3 -2
right_child=1 -3 -4 -5
leaf_value=0 0 0 0 -1.9966367248657433e-08
leaf_weight=6006 7940 2527 420 8680
leaf_count=6006 7940 2527 420 8680
internal_value=0 -4.11449e-09 -8.03651e-09 -1.1053e-08
internal_weight=25573 19567 17040 16620
internal_count=25573 19567 17040 16620
is_linear=0
shrinkage=0.000132856


Tree=721
num_leaves=5
num_cat=0
split_feature=5 5 6 6
split_gain=1.87583e-05 4.35794e-05 5.26825e-05 8.10211e-05
threshold=-0.0025697584393127855 0.0060817964016657297 0.017240024818897085 0.00025916863002328766
decision_type=2 2 2 2
left_child=-1 2 3 -2
right_child=1 -3 -4 -5
leaf_value=0 0 0 0 -1.9963715683573824e-08
leaf_weight=6006 7940 2527 420 8680
leaf_count=6006 7940 2527 420 8680
internal_value=0 -4.11331e-09 -8.03516e-09 -1.10516e-08
internal_weight=25573 19567 17040 16620
internal_count=25573 19567 17040 16620
is_linear=0
shrinkage=0.000132856


Tree=722
num_leaves=5
num_cat=0
split_feature=5 5 6 6
split_gain=1.87476e-05 4.35692e-05 5.26747e-05 8.09979e-05
threshold=-0.0025697584393127855 0.0060817964016657297 0.017240024818897085 0.00025916863002328766
decision_type=2 2 2 2
left_child=-1 2 3 -2
right_child=1 -3 -4 -5
leaf_value=0 0 0 0 -1.9961063790440958e-08
leaf_weight=6006 7940 2527 420 8680
leaf_count=6006 7940 2527 420 8680
internal_value=0 -4.11214e-09 -8.03381e-09 -1.10502e-08
internal_weight=25573 19567 17040 16620
internal_count=25573 19567 17040 16620
is_linear=0
shrinkage=0.000132856


Tree=723
num_leaves=5
num_cat=0
split_feature=5 5 6 6
split_gain=1.87368e-05 4.3559e-05 5.26668e-05 8.09746e-05
threshold=-0.0025697584393127855 0.0060817964016657297 0.017240024818897085 0.00025916863002328766
decision_type=2 2 2 2
left_child=-1 2 3 -2
right_child=1 -3 -4 -5
leaf_value=0 0 0 0 -1.9958412244683226e-08
leaf_weight=6006 7940 2527 420 8680
leaf_count=6006 7940 2527 420 8680
internal_value=0 -4.11096e-09 -8.03245e-09 -1.10488e-08
internal_weight=25573 19567 17040 16620
internal_count=25573 19567 17040 16620
is_linear=0
shrinkage=0.000132856


Tree=724
num_leaves=5
num_cat=0
split_feature=5 5 6 6
split_gain=1.87261e-05 4.35487e-05 5.26589e-05 8.09514e-05
threshold=-0.0025697584393127855 0.0060817964016657297 0.017240024818897085 0.00025916863002328766
decision_type=2 2 2 2
left_child=-1 2 3 -2
right_child=1 -3 -4 -5
leaf_value=0 0 0 0 -1.9955761322020936e-08
leaf_weight=6006 7940 2527 420 8680
leaf_count=6006 7940 2527 420 8680
internal_value=0 -4.10978e-09 -8.0311e-09 -1.10474e-08
internal_weight=25573 19567 17040 16620
internal_count=25573 19567 17040 16620
is_linear=0
shrinkage=0.000132856


Tree=725
num_leaves=5
num_cat=0
split_feature=5 5 6 6
split_gain=1.87154e-05 4.35385e-05 5.26511e-05 8.09282e-05
threshold=-0.0025697584393127855 0.0060817964016657297 0.017240024818897085 0.00025916863002328766
decision_type=2 2 2 2
left_child=-1 2 3 -2
right_child=1 -3 -4 -5
leaf_value=0 0 0 0 -1.9953110740269208e-08
leaf_weight=6006 7940 2527 420 8680
leaf_count=6006 7940 2527 420 8680
internal_value=0 -4.10861e-09 -8.02975e-09 -1.1046e-08
internal_weight=25573 19567 17040 16620
internal_count=25573 19567 17040 16620
is_linear=0
shrinkage=0.000132856


Tree=726
num_leaves=5
num_cat=0
split_feature=5 5 6 6
split_gain=1.87047e-05 4.35283e-05 5.26432e-05 8.09049e-05
threshold=-0.0025697584393127855 0.0060817964016657297 0.017240024818897085 0.00025916863002328766
decision_type=2 2 2 2
left_child=-1 2 3 -2
right_child=1 -3 -4 -5
leaf_value=0 0 0 0 -1.9950460959955817e-08
leaf_weight=6006 7940 2527 420 8680
leaf_count=6006 7940 2527 420 8680
internal_value=0 -4.10743e-09 -8.0284e-09 -1.10447e-08
internal_weight=25573 19567 17040 16620
internal_count=25573 19567 17040 16620
is_linear=0
shrinkage=0.000132856


Tree=727
num_leaves=5
num_cat=0
split_feature=5 5 6 6
split_gain=1.8694e-05 4.35181e-05 5.26353e-05 8.08817e-05
threshold=-0.0025697584393127855 0.0060817964016657297 0.017240024818897085 0.00025916863002328766
decision_type=2 2 2 2
left_child=-1 2 3 -2
right_child=1 -3 -4 -5
leaf_value=0 0 0 0 -1.9947810685201731e-08
leaf_weight=6006 7940 2527 420 8680
leaf_count=6006 7940 2527 420 8680
internal_value=0 -4.10626e-09 -8.02705e-09 -1.10433e-08
internal_weight=25573 19567 17040 16620
internal_count=25573 19567 17040 16620
is_linear=0
shrinkage=0.000132856


Tree=728
num_leaves=9
num_cat=0
split_feature=5 5 6 10 12 3 6 2
split_gain=4.7436e-06 0.000101522 4.27669e-05 2.80953e-05 3.36793e-05 9.92949e-06 1.40866e-09 1.22219e-11
threshold=-0.0025697584393127855 0.0054441873383550563 0.022911189001646463 67329.351025615077 0.0023053326492915274 16586.000000000004 0.022911189001646463 104573.395
decision_type=2 2 2 2 2 2 2 2
left_child=7 2 3 4 -2 -6 -3 -1
right_child=1 6 -4 -5 5 -7 -8 -9
leaf_value=6.2126573488519908e-12 0 1.0053185868175161e-10 0 0 0 -1.9115972095208715e-08 0 0
leaf_weight=5587 1420 2458 180 4307 105 10660 463 356
leaf_count=5587 1420 2458 180 4307 105 10660 463 356
internal_value=0 -2.0671e-09 -1.06061e-08 -1.26287e-08 -1.60167e-08 -1.85898e-08 0 0
internal_weight=25536 19593 16672 16492 12185 10765 2921 5943
internal_count=25536 19593 16672 16492 12185 10765 2921 5943
is_linear=0
shrinkage=0.000132856


Tree=729
num_leaves=9
num_cat=0
split_feature=5 5 6 10 12 3 6 2
split_gain=4.73727e-06 0.000101496 4.27607e-05 2.80849e-05 3.36714e-05 9.92788e-06 1.40829e-09 1.22192e-11
threshold=-0.0025697584393127855 0.0054441873383550563 0.022911189001646463 67329.351025615077 0.0023053326492915274 16586.000000000004 0.022911189001646463 104573.395
decision_type=2 2 2 2 2 2 2 2
left_child=7 2 3 4 -2 -6 -3 -1
right_child=1 6 -4 -5 5 -7 -8 -9
leaf_value=6.2119842626525179e-12 0 1.0051858970808326e-10 0 0 0 -1.9113432804072961e-08 0 0
leaf_weight=5587 1420 2458 180 4307 105 10660 463 356
leaf_count=5587 1420 2458 180 4307 105 10660 463 356
internal_value=0 -2.06572e-09 -1.06045e-08 -1.2627e-08 -1.60145e-08 -1.85872e-08 0 0
internal_weight=25536 19593 16672 16492 12185 10765 2921 5943
internal_count=25536 19593 16672 16492 12185 10765 2921 5943
is_linear=0
shrinkage=0.000132856


Tree=730
num_leaves=9
num_cat=0
split_feature=5 5 6 10 12 3 6 2
split_gain=4.73095e-06 0.00010147 4.27545e-05 2.80745e-05 3.36635e-05 9.92627e-06 1.40794e-09 1.22159e-11
threshold=-0.0025697584393127855 0.0054441873383550563 0.022911189001646463 67329.351025615077 0.0023053326492915274 16586.000000000004 0.022911189001646463 104573.395
decision_type=2 2 2 2 2 2 2 2
left_child=7 2 3 4 -2 -6 -3 -1
right_child=1 6 -4 -5 5 -7 -8 -9
leaf_value=6.2111297821652354e-12 0 1.0050602225391426e-10 0 0 0 -1.9110894242384345e-08 0 0
leaf_weight=5587 1420 2458 180 4307 105 10660 463 356
leaf_count=5587 1420 2458 180 4307 105 10660 463 356
internal_value=0 -2.06434e-09 -1.06029e-08 -1.26254e-08 -1.60123e-08 -1.85847e-08 0 0
internal_weight=25536 19593 16672 16492 12185 10765 2921 5943
internal_count=25536 19593 16672 16492 12185 10765 2921 5943
is_linear=0
shrinkage=0.000132856


Tree=731
num_leaves=9
num_cat=0
split_feature=5 5 6 10 12 3 6 2
split_gain=4.72462e-06 0.000101444 4.27483e-05 2.80641e-05 3.36556e-05 9.92465e-06 1.40758e-09 1.22126e-11
threshold=-0.0025697584393127855 0.0054441873383550563 0.022911189001646463 67329.351025615077 0.0023053326492915274 16586.000000000004 0.022911189001646463 104573.395
decision_type=2 2 2 2 2 2 2 2
left_child=7 2 3 4 -2 -6 -3 -1
right_child=1 6 -4 -5 5 -7 -8 -9
leaf_value=6.2102860030869838e-12 0 1.0049318691043582e-10 0 0 0 -1.9108355414023754e-08 0 0
leaf_weight=5587 1420 2458 180 4307 105 10660 463 356
leaf_count=5587 1420 2458 180 4307 105 10660 463 356
internal_value=0 -2.06296e-09 -1.06013e-08 -1.26237e-08 -1.60101e-08 -1.85822e-08 0 0
internal_weight=25536 19593 16672 16492 12185 10765 2921 5943
internal_count=25536 19593 16672 16492 12185 10765 2921 5943
is_linear=0
shrinkage=0.000132856


Tree=732
num_leaves=9
num_cat=0
split_feature=5 5 6 10 12 3 6 2
split_gain=4.71831e-06 0.000101418 4.27421e-05 2.80538e-05 3.36477e-05 9.92304e-06 1.4072e-09 1.22092e-11
threshold=-0.0025697584393127855 0.0054441873383550563 0.022911189001646463 67329.351025615077 0.0023053326492915274 16586.000000000004 0.022911189001646463 104573.395
decision_type=2 2 2 2 2 2 2 2
left_child=7 2 3 4 -2 -6 -3 -1
right_child=1 6 -4 -5 5 -7 -8 -9
leaf_value=6.2094340195951413e-12 0 1.0047970915822229e-10 0 0 0 -1.9105817590972926e-08 0 0
leaf_weight=5587 1420 2458 180 4307 105 10660 463 356
leaf_count=5587 1420 2458 180 4307 105 10660 463 356
internal_value=0 -2.06158e-09 -1.05996e-08 -1.26221e-08 -1.60079e-08 -1.85797e-08 0 0
internal_weight=25536 19593 16672 16492 12185 10765 2921 5943
internal_count=25536 19593 16672 16492 12185 10765 2921 5943
is_linear=0
shrinkage=0.000132856


Tree=733
num_leaves=9
num_cat=0
split_feature=5 5 6 10 12 3 6 2
split_gain=4.712e-06 0.000101392 4.27359e-05 2.80434e-05 3.36398e-05 9.92143e-06 1.40681e-09 1.22068e-11
threshold=-0.0025697584393127855 0.0054441873383550563 0.022911189001646463 67329.351025615077 0.0023053326492915274 16586.000000000004 0.022911189001646463 104573.395
decision_type=2 2 2 2 2 2 2 2
left_child=7 2 3 4 -2 -6 -3 -1
right_child=1 6 -4 -5 5 -7 -8 -9
leaf_value=6.2088155970577542e-12 0 1.0046580781996667e-10 0 0 0 -1.9103279572545391e-08 0 0
leaf_weight=5587 1420 2458 180 4307 105 10660 463 356
leaf_count=5587 1420 2458 180 4307 105 10660 463 356
internal_value=0 -2.0602e-09 -1.0598e-08 -1.26205e-08 -1.60056e-08 -1.85772e-08 0 0
internal_weight=25536 19593 16672 16492 12185 10765 2921 5943
internal_count=25536 19593 16672 16492 12185 10765 2921 5943
is_linear=0
shrinkage=0.000132856


Tree=734
num_leaves=9
num_cat=0
split_feature=5 5 6 10 12 3 6 2
split_gain=4.70569e-06 0.000101365 4.27297e-05 2.8033e-05 3.36319e-05 9.91981e-06 1.40643e-09 1.22036e-11
threshold=-0.0025697584393127855 0.0054441873383550563 0.022911189001646463 67329.351025615077 0.0023053326492915274 16586.000000000004 0.022911189001646463 104573.395
decision_type=2 2 2 2 2 2 2 2
left_child=7 2 3 4 -2 -6 -3 -1
right_child=1 6 -4 -5 5 -7 -8 -9
leaf_value=6.2080189690362579e-12 0 1.0045237087061766e-10 0 0 0 -1.9100742449223319e-08 0 0
leaf_weight=5587 1420 2458 180 4307 105 10660 463 356
leaf_count=5587 1420 2458 180 4307 105 10660 463 356
internal_value=0 -2.05882e-09 -1.05964e-08 -1.26188e-08 -1.60034e-08 -1.85747e-08 0 0
internal_weight=25536 19593 16672 16492 12185 10765 2921 5943
internal_count=25536 19593 16672 16492 12185 10765 2921 5943
is_linear=0
shrinkage=0.000132856


Tree=735
num_leaves=9
num_cat=0
split_feature=5 5 6 10 12 3 6 2
split_gain=4.69939e-06 0.000101339 4.27235e-05 2.80226e-05 3.36241e-05 9.9182e-06 1.40604e-09 1.22006e-11
threshold=-0.0025697584393127855 0.0054441873383550563 0.022911189001646463 67329.351025615077 0.0023053326492915274 16586.000000000004 0.022911189001646463 104573.395
decision_type=2 2 2 2 2 2 2 2
left_child=7 2 3 4 -2 -6 -3 -1
right_child=1 6 -4 -5 5 -7 -8 -9
leaf_value=6.2072463273042947e-12 0 1.0043838146791897e-10 0 0 0 -1.9098205105102312e-08 0 0
leaf_weight=5587 1420 2458 180 4307 105 10660 463 356
leaf_count=5587 1420 2458 180 4307 105 10660 463 356
internal_value=0 -2.05744e-09 -1.05948e-08 -1.26172e-08 -1.60012e-08 -1.85722e-08 0 0
internal_weight=25536 19593 16672 16492 12185 10765 2921 5943
internal_count=25536 19593 16672 16492 12185 10765 2921 5943
is_linear=0
shrinkage=0.000132856


Tree=736
num_leaves=3
num_cat=0
split_feature=11 11
split_gain=2.54726e-07 8.35547e-07
threshold=36.340487697996558 84.106609212273156
decision_type=2 2
left_child=-1 -2
right_child=1 -3
leaf_value=0 9.847647877381547e-10 0
leaf_weight=4957 19842 516
leaf_count=4957 19842 516
internal_value=0 4.69924e-10
internal_weight=25315 20358
internal_count=25315 20358
is_linear=0
shrinkage=0.000132856


Tree=737
num_leaves=3
num_cat=0
split_feature=11 11
split_gain=2.54589e-07 8.35396e-07
threshold=36.340487697996558 84.106609212273156
decision_type=2 2
left_child=-1 -2
right_child=1 -3
leaf_value=0 9.8463448658266365e-10 0
leaf_weight=4957 19842 516
leaf_count=4957 19842 516
internal_value=0 4.69797e-10
internal_weight=25315 20358
internal_count=25315 20358
is_linear=0
shrinkage=0.000132856


Tree=738
num_leaves=3
num_cat=0
split_feature=11 11
split_gain=2.5445e-07 8.35244e-07
threshold=36.340487697996558 84.106609212273156
decision_type=2 2
left_child=-1 -2
right_child=1 -3
leaf_value=0 9.8450337527203127e-10 0
leaf_weight=4957 19842 516
leaf_count=4957 19842 516
internal_value=0 4.69669e-10
internal_weight=25315 20358
internal_count=25315 20358
is_linear=0
shrinkage=0.000132856


Tree=739
num_leaves=3
num_cat=0
split_feature=11 11
split_gain=2.54312e-07 8.35093e-07
threshold=36.340487697996558 84.106609212273156
decision_type=2 2
left_child=-1 -2
right_child=1 -3
leaf_value=0 9.8437277098966858e-10 0
leaf_weight=4957 19842 516
leaf_count=4957 19842 516
internal_value=0 4.69542e-10
internal_weight=25315 20358
internal_count=25315 20358
is_linear=0
shrinkage=0.000132856


Tree=740
num_leaves=3
num_cat=0
split_feature=11 11
split_gain=2.54174e-07 8.34942e-07
threshold=36.340487697996558 84.106609212273156
decision_type=2 2
left_child=-1 -2
right_child=1 -3
leaf_value=0 9.8424189986730709e-10 0
leaf_weight=4957 19842 516
leaf_count=4957 19842 516
internal_value=0 4.69414e-10
internal_weight=25315 20358
internal_count=25315 20358
is_linear=0
shrinkage=0.000132856


Tree=741
num_leaves=3
num_cat=0
split_feature=11 11
split_gain=2.54036e-07 8.3479e-07
threshold=36.340487697996558 84.106609212273156
decision_type=2 2
left_child=-1 -2
right_child=1 -3
leaf_value=0 9.8411132893804129e-10 0
leaf_weight=4957 19842 516
leaf_count=4957 19842 516
internal_value=0 4.69287e-10
internal_weight=25315 20358
internal_count=25315 20358
is_linear=0
shrinkage=0.000132856


Tree=742
num_leaves=3
num_cat=0
split_feature=11 11
split_gain=2.53898e-07 8.34639e-07
threshold=36.340487697996558 84.106609212273156
decision_type=2 2
left_child=-1 -2
right_child=1 -3
leaf_value=0 9.8398060240602328e-10 0
leaf_weight=4957 19842 516
leaf_count=4957 19842 516
internal_value=0 4.6916e-10
internal_weight=25315 20358
internal_count=25315 20358
is_linear=0
shrinkage=0.000132856


Tree=743
num_leaves=3
num_cat=0
split_feature=11 11
split_gain=2.53761e-07 8.34488e-07
threshold=36.340487697996558 84.106609212273156
decision_type=2 2
left_child=-1 -2
right_child=1 -3
leaf_value=0 9.8384998302436359e-10 0
leaf_weight=4957 19842 516
leaf_count=4957 19842 516
internal_value=0 4.69032e-10
internal_weight=25315 20358
internal_count=25315 20358
is_linear=0
shrinkage=0.000132856


Tree=744
num_leaves=6
num_cat=0
split_feature=13 6 12 5 9
split_gain=2.22195e-05 0.000165391 8.75303e-05 2.26485e-06 3.56016e-06
threshold=0.0068029975272084825 0.0069373739014164668 0.0064757302908755553 0.006596740420136916 30674.851931722893
decision_type=2 2 2 2 2
left_child=3 2 -2 4 -1
right_child=1 -3 -4 -5 -6
leaf_value=0 0 0 3.6784351333433232e-08 0 -2.89341006155415e-09
leaf_weight=6033 790 1868 3587 988 12279
leaf_count=6033 790 1868 3587 988 12279
internal_value=0 7.92332e-09 2.74989e-08 0 -1.47743e-09
internal_weight=25545 6245 4377 19300 18312
internal_count=25545 6245 4377 19300 18312
is_linear=0
shrinkage=0.000132856


Tree=745
num_leaves=6
num_cat=0
split_feature=13 6 12 5 9
split_gain=2.22038e-05 0.000165352 8.75118e-05 2.26406e-06 3.5594e-06
threshold=0.0068029975272084825 0.0069373739014164668 0.0064757302908755553 0.006596740420136916 30674.851931722893
decision_type=2 2 2 2 2
left_child=3 2 -2 4 -1
right_child=1 -3 -4 -5 -6
leaf_value=0 0 0 3.6779466749896106e-08 0 -2.8930256309779517e-09
leaf_weight=6033 790 1868 3587 988 12279
leaf_count=6033 790 1868 3587 988 12279
internal_value=0 7.92052e-09 2.74949e-08 0 -1.47717e-09
internal_weight=25545 6245 4377 19300 18312
internal_count=25545 6245 4377 19300 18312
is_linear=0
shrinkage=0.000132856


Tree=746
num_leaves=6
num_cat=0
split_feature=13 6 12 5 9
split_gain=2.2188e-05 0.000165313 8.74934e-05 2.26327e-06 3.55864e-06
threshold=0.0068029975272084825 0.0069373739014164668 0.0064757302908755553 0.006596740420136916 30674.851931722893
decision_type=2 2 2 2 2
left_child=3 2 -2 4 -1
right_child=1 -3 -4 -5 -6
leaf_value=0 0 0 3.6774584050125342e-08 0 -2.8926411912405966e-09
leaf_weight=6033 790 1868 3587 988 12279
leaf_count=6033 790 1868 3587 988 12279
internal_value=0 7.91771e-09 2.74909e-08 0 -1.47692e-09
internal_weight=25545 6245 4377 19300 18312
internal_count=25545 6245 4377 19300 18312
is_linear=0
shrinkage=0.000132856


Tree=747
num_leaves=6
num_cat=0
split_feature=13 6 12 5 9
split_gain=2.21723e-05 0.000165275 8.7475e-05 2.26248e-06 3.55789e-06
threshold=0.0068029975272084825 0.0069373739014164668 0.0064757302908755553 0.006596740420136916 30674.851931722893
decision_type=2 2 2 2 2
left_child=3 2 -2 4 -1
right_child=1 -3 -4 -5 -6
leaf_value=0 0 0 3.6769701274976658e-08 0 -2.8922572260576936e-09
leaf_weight=6033 790 1868 3587 988 12279
leaf_count=6033 790 1868 3587 988 12279
internal_value=0 7.91491e-09 2.74869e-08 0 -1.47666e-09
internal_weight=25545 6245 4377 19300 18312
internal_count=25545 6245 4377 19300 18312
is_linear=0
shrinkage=0.000132856


Tree=748
num_leaves=6
num_cat=0
split_feature=13 6 12 5 9
split_gain=2.21566e-05 0.000165236 8.74565e-05 2.26169e-06 3.55713e-06
threshold=0.0068029975272084825 0.0069373739014164668 0.0064757302908755553 0.006596740420136916 30674.851931722893
decision_type=2 2 2 2 2
left_child=3 2 -2 4 -1
right_child=1 -3 -4 -5 -6
leaf_value=0 0 0 3.6764819114828005e-08 0 -2.8918729387707717e-09
leaf_weight=6033 790 1868 3587 988 12279
leaf_count=6033 790 1868 3587 988 12279
internal_value=0 7.9121e-09 2.74829e-08 0 -1.4764e-09
internal_weight=25545 6245 4377 19300 18312
internal_count=25545 6245 4377 19300 18312
is_linear=0
shrinkage=0.000132856


Tree=749
num_leaves=6
num_cat=0
split_feature=13 6 12 5 9
split_gain=2.21409e-05 0.000165197 8.74381e-05 2.2609e-06 3.55637e-06
threshold=0.0068029975272084825 0.0069373739014164668 0.0064757302908755553 0.006596740420136916 30674.851931722893
decision_type=2 2 2 2 2
left_child=3 2 -2 4 -1
right_child=1 -3 -4 -5 -6
leaf_value=0 0 0 3.6759936603628301e-08 0 -2.8914887832457379e-09
leaf_weight=6033 790 1868 3587 988 12279
leaf_count=6033 790 1868 3587 988 12279
internal_value=0 7.9093e-09 2.74789e-08 0 -1.47614e-09
internal_weight=25545 6245 4377 19300 18312
internal_count=25545 6245 4377 19300 18312
is_linear=0
shrinkage=0.000132856


Tree=750
num_leaves=6
num_cat=0
split_feature=13 6 12 5 9
split_gain=2.21252e-05 0.000165158 8.74197e-05 2.26011e-06 3.55562e-06
threshold=0.0068029975272084825 0.0069373739014164668 0.0064757302908755553 0.006596740420136916 30674.851931722893
decision_type=2 2 2 2 2
left_child=3 2 -2 4 -1
right_child=1 -3 -4 -5 -6
leaf_value=0 0 0 3.675505655366595e-08 0 -2.8911047126566458e-09
leaf_weight=6033 790 1868 3587 988 12279
leaf_count=6033 790 1868 3587 988 12279
internal_value=0 7.90649e-09 2.74749e-08 0 -1.47589e-09
internal_weight=25545 6245 4377 19300 18312
internal_count=25545 6245 4377 19300 18312
is_linear=0
shrinkage=0.000132856


Tree=751
num_leaves=6
num_cat=0
split_feature=13 6 12 5 9
split_gain=2.21095e-05 0.000165119 8.74013e-05 2.25933e-06 3.55486e-06
threshold=0.0068029975272084825 0.0069373739014164668 0.0064757302908755553 0.006596740420136916 30674.851931722893
decision_type=2 2 2 2 2
left_child=3 2 -2 4 -1
right_child=1 -3 -4 -5 -6
leaf_value=0 0 0 3.6750175892995967e-08 0 -2.8907207222987006e-09
leaf_weight=6033 790 1868 3587 988 12279
leaf_count=6033 790 1868 3587 988 12279
internal_value=0 7.90369e-09 2.74709e-08 0 -1.47563e-09
internal_weight=25545 6245 4377 19300 18312
internal_count=25545 6245 4377 19300 18312
is_linear=0
shrinkage=0.000132856


Tree=752
num_leaves=7
num_cat=0
split_feature=5 13 6 5 13 14
split_gain=2.49568e-05 5.44678e-05 1.83371e-05 5.40409e-06 8.5599e-06 1.34782e-05
threshold=-0.0025697584393127855 0.004988508947796599 -0.019827680648273501 0.011679406640418223 0.0020459316848726208 0.0052552740482136881
decision_type=2 2 2 2 2 2
left_child=1 -1 -3 4 -2 -6
right_child=3 2 -4 -5 5 -7
leaf_value=0 0 0 2.3619201841032135e-08 0 -6.871234362030434e-09 0
leaf_weight=2282 2267 642 3091 808 10257 6310
leaf_count=2282 2267 642 3091 808 10257 6310
internal_value=0 8.55619e-09 1.93733e-08 0 -2.25033e-09 -3.85688e-09
internal_weight=25657 6015 3733 19642 18834 16567
internal_count=25657 6015 3733 19642 18834 16567
is_linear=0
shrinkage=0.000132856


Tree=753
num_leaves=7
num_cat=0
split_feature=5 13 6 5 13 14
split_gain=2.49474e-05 5.44559e-05 1.83325e-05 5.40171e-06 8.5582e-06 1.3475e-05
threshold=-0.0025697584393127855 0.004988508947796599 -0.019827680648273501 0.011679406640418223 0.0020459316848726208 0.0052552740482136881
decision_type=2 2 2 2 2 2
left_child=1 -1 -3 4 -2 -6
right_child=3 2 -4 -5 5 -7
leaf_value=0 0 0 2.3616065175691331e-08 0 -6.8703216779643068e-09 0
leaf_weight=2282 2267 642 3091 808 10257 6310
leaf_count=2282 2267 642 3091 808 10257 6310
internal_value=0 8.55457e-09 1.93707e-08 0 -2.24983e-09 -3.85631e-09
internal_weight=25657 6015 3733 19642 18834 16567
internal_count=25657 6015 3733 19642 18834 16567
is_linear=0
shrinkage=0.000132856


Tree=754
num_leaves=7
num_cat=0
split_feature=5 13 6 5 13 14
split_gain=2.4938e-05 5.4444e-05 1.83278e-05 5.39932e-06 8.5565e-06 1.34718e-05
threshold=-0.0025697584393127855 0.004988508947796599 -0.019827680648273501 0.011679406640418223 0.0020459316848726208 0.0052552740482136881
decision_type=2 2 2 2 2 2
left_child=1 -1 -3 4 -2 -6
right_child=3 2 -4 -5 5 -7
leaf_value=0 0 0 2.3612929330585007e-08 0 -6.8694089950273912e-09 0
leaf_weight=2282 2267 642 3091 808 10257 6310
leaf_count=2282 2267 642 3091 808 10257 6310
internal_value=0 8.55296e-09 1.93682e-08 0 -2.24934e-09 -3.85575e-09
internal_weight=25657 6015 3733 19642 18834 16567
internal_count=25657 6015 3733 19642 18834 16567
is_linear=0
shrinkage=0.000132856


Tree=755
num_leaves=7
num_cat=0
split_feature=5 13 6 5 13 14
split_gain=2.49286e-05 5.44321e-05 1.83232e-05 5.39693e-06 8.55479e-06 1.34686e-05
threshold=-0.0025697584393127855 0.004988508947796599 -0.019827680648273501 0.011679406640418223 0.0020459316848726208 0.0052552740482136881
decision_type=2 2 2 2 2 2
left_child=1 -1 -3 4 -2 -6
right_child=3 2 -4 -5 5 -7
leaf_value=0 0 0 2.3609795761446771e-08 0 -6.8684968004534044e-09 0
leaf_weight=2282 2267 642 3091 808 10257 6310
leaf_count=2282 2267 642 3091 808 10257 6310
internal_value=0 8.55135e-09 1.93656e-08 0 -2.24884e-09 -3.85518e-09
internal_weight=25657 6015 3733 19642 18834 16567
internal_count=25657 6015 3733 19642 18834 16567
is_linear=0
shrinkage=0.000132856


Tree=756
num_leaves=7
num_cat=0
split_feature=5 13 6 5 13 14
split_gain=2.49192e-05 5.44202e-05 1.83185e-05 5.39455e-06 8.55309e-06 1.34654e-05
threshold=-0.0025697584393127855 0.004988508947796599 -0.019827680648273501 0.011679406640418223 0.0020459316848726208 0.0052552740482136881
decision_type=2 2 2 2 2 2
left_child=1 -1 -3 4 -2 -6
right_child=3 2 -4 -5 5 -7
leaf_value=0 0 0 2.3606660616354352e-08 0 -6.8675844183566521e-09 0
leaf_weight=2282 2267 642 3091 808 10257 6310
leaf_count=2282 2267 642 3091 808 10257 6310
internal_value=0 8.54974e-09 1.9363e-08 0 -2.24834e-09 -3.85462e-09
internal_weight=25657 6015 3733 19642 18834 16567
internal_count=25657 6015 3733 19642 18834 16567
is_linear=0
shrinkage=0.000132856


Tree=757
num_leaves=7
num_cat=0
split_feature=5 13 6 5 13 14
split_gain=2.49098e-05 5.44083e-05 1.83138e-05 5.39217e-06 8.55138e-06 1.34622e-05
threshold=-0.0025697584393127855 0.004988508947796599 -0.019827680648273501 0.011679406640418223 0.0020459316848726208 0.0052552740482136881
decision_type=2 2 2 2 2 2
left_child=1 -1 -3 4 -2 -6
right_child=3 2 -4 -5 5 -7
leaf_value=0 0 0 2.3603526190085329e-08 0 -6.8666719644204241e-09 0
leaf_weight=2282 2267 642 3091 808 10257 6310
leaf_count=2282 2267 642 3091 808 10257 6310
internal_value=0 8.54813e-09 1.93604e-08 0 -2.24785e-09 -3.85405e-09
internal_weight=25657 6015 3733 19642 18834 16567
internal_count=25657 6015 3733 19642 18834 16567
is_linear=0
shrinkage=0.000132856


Tree=758
num_leaves=7
num_cat=0
split_feature=5 13 6 5 13 14
split_gain=2.49004e-05 5.43965e-05 1.83092e-05 5.38978e-06 8.54968e-06 1.3459e-05
threshold=-0.0025697584393127855 0.004988508947796599 -0.019827680648273501 0.011679406640418223 0.0020459316848726208 0.0052552740482136881
decision_type=2 2 2 2 2 2
left_child=1 -1 -3 4 -2 -6
right_child=3 2 -4 -5 5 -7
leaf_value=0 0 0 2.3600393591540324e-08 0 -6.865759756240136e-09 0
leaf_weight=2282 2267 642 3091 808 10257 6310
leaf_count=2282 2267 642 3091 808 10257 6310
internal_value=0 8.54652e-09 1.93578e-08 0 -2.24735e-09 -3.85349e-09
internal_weight=25657 6015 3733 19642 18834 16567
internal_count=25657 6015 3733 19642 18834 16567
is_linear=0
shrinkage=0.000132856


Tree=759
num_leaves=7
num_cat=0
split_feature=5 13 6 5 13 14
split_gain=2.4891e-05 5.43846e-05 1.83045e-05 5.3874e-06 8.54798e-06 1.34558e-05
threshold=-0.0025697584393127855 0.004988508947796599 -0.019827680648273501 0.011679406640418223 0.0020459316848726208 0.0052552740482136881
decision_type=2 2 2 2 2 2
left_child=1 -1 -3 4 -2 -6
right_child=3 2 -4 -5 5 -7
leaf_value=0 0 0 2.3597259712602131e-08 0 -6.8648478886283512e-09 0
leaf_weight=2282 2267 642 3091 808 10257 6310
leaf_count=2282 2267 642 3091 808 10257 6310
internal_value=0 8.54491e-09 1.93552e-08 0 -2.24685e-09 -3.85292e-09
internal_weight=25657 6015 3733 19642 18834 16567
internal_count=25657 6015 3733 19642 18834 16567
is_linear=0
shrinkage=0.000132856


Tree=760
num_leaves=10
num_cat=0
split_feature=5 5 13 6 13 6 12 6 6
split_gain=3.68601e-05 6.32511e-05 2.82328e-05 2.82089e-05 3.00606e-05 1.97366e-05 1.00875e-05 7.07933e-06 2.45356e-06
threshold=-0.0025697584393127855 0.011679406640418223 0.0050401358352324156 -0.005676067186676236 0.0026165449142086785 -0.025987472042939105 0.002210161930858445 0.032122975207200428 -0.0023727891596347912
decision_type=2 2 2 2 2 2 2 2 2
left_child=2 3 -1 -2 -5 -4 -6 8 -8
right_child=1 -3 5 4 6 -7 7 -9 -10
leaf_value=0 0 0 0 0 0 2.1282458378457873e-08 0 0 -1.5490554267482565e-08
leaf_weight=2383 1970 809 359 3684 518 3268 1974 128 10447
leaf_count=2383 1970 809 359 3684 518 3268 1974 128 10447
internal_value=0 -9.08193e-10 1.02731e-08 -7.77744e-09 -9.86518e-09 1.76677e-08 -1.2859e-08 -1.36515e-08 -1.40834e-08
internal_weight=25540 19530 6010 18721 16751 3627 13067 12549 12421
internal_count=25540 19530 6010 18721 16751 3627 13067 12549 12421
is_linear=0
shrinkage=0.000132856


Tree=761
num_leaves=10
num_cat=0
split_feature=5 5 13 6 13 6 12 6 6
split_gain=3.68471e-05 6.32343e-05 2.8225e-05 2.82039e-05 3.00533e-05 1.97329e-05 1.00855e-05 7.07828e-06 2.45013e-06
threshold=-0.0025697584393127855 0.011679406640418223 0.0050401358352324156 -0.005676067186676236 0.0026165449142086785 -0.025987472042939105 0.002210161930858445 0.032122975207200428 -0.0023727891596347912
decision_type=2 2 2 2 2 2 2 2 2
left_child=2 3 -1 -2 -5 -4 -6 8 -8
right_child=1 -3 5 4 6 -7 7 -9 -10
leaf_value=0 0 0 0 0 0 2.1279632900982267e-08 0 0 -1.5488496655145659e-08
leaf_weight=2383 1970 809 359 3684 518 3268 1974 128 10447
leaf_count=2383 1970 809 359 3684 518 3268 1974 128 10447
internal_value=0 -9.07092e-10 1.02715e-08 -7.77629e-09 -9.86389e-09 1.76651e-08 -1.28574e-08 -1.36498e-08 -1.40817e-08
internal_weight=25540 19530 6010 18721 16751 3627 13067 12549 12421
internal_count=25540 19530 6010 18721 16751 3627 13067 12549 12421
is_linear=0
shrinkage=0.000132856


Tree=762
num_leaves=10
num_cat=0
split_feature=5 5 13 6 13 6 12 6 6
split_gain=3.68341e-05 6.32176e-05 2.82173e-05 2.81988e-05 3.0046e-05 1.97291e-05 1.00836e-05 7.07723e-06 2.4467e-06
threshold=-0.0025697584393127855 0.011679406640418223 0.0050401358352324156 -0.005676067186676236 0.0026165449142086785 -0.025987472042939105 0.002210161930858445 0.032122975207200428 -0.0023727891596347912
decision_type=2 2 2 2 2 2 2 2 2
left_child=2 3 -1 -2 -5 -4 -6 8 -8
right_child=1 -3 5 4 6 -7 7 -9 -10
leaf_value=0 0 0 0 0 0 2.1276808330609881e-08 0 0 -1.5486439466864184e-08
leaf_weight=2383 1970 809 359 3684 518 3268 1974 128 10447
leaf_count=2383 1970 809 359 3684 518 3268 1974 128 10447
internal_value=0 -9.05991e-10 1.027e-08 -7.77514e-09 -9.86261e-09 1.76626e-08 -1.28557e-08 -1.36481e-08 -1.408e-08
internal_weight=25540 19530 6010 18721 16751 3627 13067 12549 12421
internal_count=25540 19530 6010 18721 16751 3627 13067 12549 12421
is_linear=0
shrinkage=0.000132856


Tree=763
num_leaves=10
num_cat=0
split_feature=5 5 13 6 13 6 12 6 6
split_gain=3.68212e-05 6.32009e-05 2.82096e-05 2.81937e-05 3.00387e-05 1.97253e-05 1.00817e-05 7.07618e-06 2.44328e-06
threshold=-0.0025697584393127855 0.011679406640418223 0.0050401358352324156 -0.005676067186676236 0.0026165449142086785 -0.025987472042939105 0.002210161930858445 0.032122975207200428 -0.0023727891596347912
decision_type=2 2 2 2 2 2 2 2 2
left_child=2 3 -1 -2 -5 -4 -6 8 -8
right_child=1 -3 5 4 6 -7 7 -9 -10
leaf_value=0 0 0 0 0 0 2.1273982220421508e-08 0 0 -1.5484382390576094e-08
leaf_weight=2383 1970 809 359 3684 518 3268 1974 128 10447
leaf_count=2383 1970 809 359 3684 518 3268 1974 128 10447
internal_value=0 -9.04891e-10 1.02684e-08 -7.774e-09 -9.86133e-09 1.766e-08 -1.28541e-08 -1.36464e-08 -1.40782e-08
internal_weight=25540 19530 6010 18721 16751 3627 13067 12549 12421
internal_count=25540 19530 6010 18721 16751 3627 13067 12549 12421
is_linear=0
shrinkage=0.000132856


Tree=764
num_leaves=10
num_cat=0
split_feature=5 5 13 6 13 6 12 6 6
split_gain=3.68082e-05 6.31841e-05 2.82018e-05 2.81886e-05 3.00315e-05 1.97215e-05 1.00797e-05 7.07512e-06 2.43985e-06
threshold=-0.0025697584393127855 0.011679406640418223 0.0050401358352324156 -0.005676067186676236 0.0026165449142086785 -0.025987472042939105 0.002210161930858445 0.032122975207200428 -0.0023727891596347912
decision_type=2 2 2 2 2 2 2 2 2
left_child=2 3 -1 -2 -5 -4 -6 8 -8
right_child=1 -3 5 4 6 -7 7 -9 -10
leaf_value=0 0 0 0 0 0 2.1271158665692871e-08 0 0 -1.5482325481881378e-08
leaf_weight=2383 1970 809 359 3684 518 3268 1974 128 10447
leaf_count=2383 1970 809 359 3684 518 3268 1974 128 10447
internal_value=0 -9.0379e-10 1.02669e-08 -7.77285e-09 -9.86004e-09 1.76575e-08 -1.28524e-08 -1.36447e-08 -1.40765e-08
internal_weight=25540 19530 6010 18721 16751 3627 13067 12549 12421
internal_count=25540 19530 6010 18721 16751 3627 13067 12549 12421
is_linear=0
shrinkage=0.000132856


Tree=765
num_leaves=10
num_cat=0
split_feature=5 5 13 6 13 6 12 6 6
split_gain=3.67953e-05 6.31674e-05 2.81941e-05 2.81835e-05 3.00242e-05 1.97177e-05 1.00778e-05 7.07407e-06 2.43643e-06
threshold=-0.0025697584393127855 0.011679406640418223 0.0050401358352324156 -0.005676067186676236 0.0026165449142086785 -0.025987472042939105 0.002210161930858445 0.032122975207200428 -0.0023727891596347912
decision_type=2 2 2 2 2 2 2 2 2
left_child=2 3 -1 -2 -5 -4 -6 8 -8
right_child=1 -3 5 4 6 -7 7 -9 -10
leaf_value=0 0 0 0 0 0 2.1268333772137595e-08 0 0 -1.5480269418827035e-08
leaf_weight=2383 1970 809 359 3684 518 3268 1974 128 10447
leaf_count=2383 1970 809 359 3684 518 3268 1974 128 10447
internal_value=0 -9.0269e-10 1.02654e-08 -7.7717e-09 -9.85876e-09 1.76549e-08 -1.28508e-08 -1.3643e-08 -1.40748e-08
internal_weight=25540 19530 6010 18721 16751 3627 13067 12549 12421
internal_count=25540 19530 6010 18721 16751 3627 13067 12549 12421
is_linear=0
shrinkage=0.000132856


Tree=766
num_leaves=10
num_cat=0
split_feature=5 5 13 6 13 6 12 6 6
split_gain=3.67823e-05 6.31507e-05 2.81864e-05 2.81784e-05 3.00169e-05 1.97139e-05 1.00759e-05 7.07302e-06 2.43301e-06
threshold=-0.0025697584393127855 0.011679406640418223 0.0050401358352324156 -0.005676067186676236 0.0026165449142086785 -0.025987472042939105 0.002210161930858445 0.032122975207200428 -0.0023727891596347912
decision_type=2 2 2 2 2 2 2 2 2
left_child=2 3 -1 -2 -5 -4 -6 8 -8
right_child=1 -3 5 4 6 -7 7 -9 -10
leaf_value=0 0 0 0 0 0 2.1265509842754765e-08 0 0 -1.5478212773070463e-08
leaf_weight=2383 1970 809 359 3684 518 3268 1974 128 10447
leaf_count=2383 1970 809 359 3684 518 3268 1974 128 10447
internal_value=0 -9.0159e-10 1.02638e-08 -7.77055e-09 -9.85748e-09 1.76524e-08 -1.28491e-08 -1.36413e-08 -1.4073e-08
internal_weight=25540 19530 6010 18721 16751 3627 13067 12549 12421
internal_count=25540 19530 6010 18721 16751 3627 13067 12549 12421
is_linear=0
shrinkage=0.000132856


Tree=767
num_leaves=10
num_cat=0
split_feature=5 5 13 6 13 6 12 6 6
split_gain=3.67694e-05 6.3134e-05 2.81786e-05 2.81734e-05 3.00096e-05 1.97102e-05 1.0074e-05 7.07197e-06 2.42959e-06
threshold=-0.0025697584393127855 0.011679406640418223 0.0050401358352324156 -0.005676067186676236 0.0026165449142086785 -0.025987472042939105 0.002210161930858445 0.032122975207200428 -0.0023727891596347912
decision_type=2 2 2 2 2 2 2 2 2
left_child=2 3 -1 -2 -5 -4 -6 8 -8
right_child=1 -3 5 4 6 -7 7 -9 -10
leaf_value=0 0 0 0 0 0 2.1262686972284095e-08 0 0 -1.5476156731232075e-08
leaf_weight=2383 1970 809 359 3684 518 3268 1974 128 10447
leaf_count=2383 1970 809 359 3684 518 3268 1974 128 10447
internal_value=0 -9.0049e-10 1.02623e-08 -7.76941e-09 -9.8562e-09 1.76498e-08 -1.28475e-08 -1.36395e-08 -1.40713e-08
internal_weight=25540 19530 6010 18721 16751 3627 13067 12549 12421
internal_count=25540 19530 6010 18721 16751 3627 13067 12549 12421
is_linear=0
shrinkage=0.000132856


Tree=768
num_leaves=5
num_cat=0
split_feature=14 14 11 14
split_gain=8.2642e-06 1.47936e-05 2.28345e-06 1.07448e-06
threshold=0.0052552740482136881 -0.016789224025037072 21.285131465716336 0.071236411869651031
decision_type=2 2 2 2
left_child=1 -1 -3 -2
right_child=3 2 -4 -5
leaf_value=0 2.0241103795529527e-09 0 -5.7261171614842361e-09 0
leaf_weight=3497 8457 110 13161 192
leaf_count=3497 8457 110 13161 192
internal_value=0 -2.78611e-09 -5.42956e-09 1.3468e-09
internal_weight=25417 16768 13271 8649
internal_count=25417 16768 13271 8649
is_linear=0
shrinkage=0.000132856


Tree=769
num_leaves=5
num_cat=0
split_feature=14 14 11 14
split_gain=8.26069e-06 1.47906e-05 2.28311e-06 1.0743e-06
threshold=0.0052552740482136881 -0.016789224025037072 21.285131465716336 0.071236411869651031
decision_type=2 2 2 2
left_child=1 -1 -3 -2
right_child=3 2 -4 -5
leaf_value=0 2.0238416299369291e-09 0 -5.7253564160744075e-09 0
leaf_weight=3497 8457 110 13161 192
leaf_count=3497 8457 110 13161 192
internal_value=0 -2.78552e-09 -5.42881e-09 1.34653e-09
internal_weight=25417 16768 13271 8649
internal_count=25417 16768 13271 8649
is_linear=0
shrinkage=0.000132856


Tree=770
num_leaves=5
num_cat=0
split_feature=14 14 11 14
split_gain=8.25718e-06 1.47876e-05 2.28278e-06 1.07413e-06
threshold=0.0052552740482136881 -0.016789224025037072 21.285131465716336 0.071236411869651031
decision_type=2 2 2 2
left_child=1 -1 -3 -2
right_child=3 2 -4 -5
leaf_value=0 2.0235723255071661e-09 0 -5.724595878457245e-09 0
leaf_weight=3497 8457 110 13161 192
leaf_count=3497 8457 110 13161 192
internal_value=0 -2.78492e-09 -5.42805e-09 1.34627e-09
internal_weight=25417 16768 13271 8649
internal_count=25417 16768 13271 8649
is_linear=0
shrinkage=0.000132856


Tree=771
num_leaves=5
num_cat=0
split_feature=14 14 11 14
split_gain=8.25368e-06 1.47846e-05 2.28244e-06 1.07396e-06
threshold=0.0052552740482136881 -0.016789224025037072 21.285131465716336 0.071236411869651031
decision_type=2 2 2 2
left_child=1 -1 -3 -2
right_child=3 2 -4 -5
leaf_value=0 2.0233036928596655e-09 0 -5.7238354831037914e-09 0
leaf_weight=3497 8457 110 13161 192
leaf_count=3497 8457 110 13161 192
internal_value=0 -2.78432e-09 -5.4273e-09 1.34601e-09
internal_weight=25417 16768 13271 8649
internal_count=25417 16768 13271 8649
is_linear=0
shrinkage=0.000132856


Tree=772
num_leaves=5
num_cat=0
split_feature=14 14 11 14
split_gain=8.25018e-06 1.47816e-05 2.2821e-06 1.07378e-06
threshold=0.0052552740482136881 -0.016789224025037072 21.285131465716336 0.071236411869651031
decision_type=2 2 2 2
left_child=1 -1 -3 -2
right_child=3 2 -4 -5
leaf_value=0 2.0230352140739944e-09 0 -5.7230750194949117e-09 0
leaf_weight=3497 8457 110 13161 192
leaf_count=3497 8457 110 13161 192
internal_value=0 -2.78372e-09 -5.42654e-09 1.34575e-09
internal_weight=25417 16768 13271 8649
internal_count=25417 16768 13271 8649
is_linear=0
shrinkage=0.000132856


Tree=773
num_leaves=5
num_cat=0
split_feature=14 14 11 14
split_gain=8.24667e-06 1.47786e-05 2.28177e-06 1.07361e-06
threshold=0.0052552740482136881 -0.016789224025037072 21.285131465716336 0.071236411869651031
decision_type=2 2 2 2
left_child=1 -1 -3 -2
right_child=3 2 -4 -5
leaf_value=0 2.0227664654855376e-09 0 -5.7223150302368538e-09 0
leaf_weight=3497 8457 110 13161 192
leaf_count=3497 8457 110 13161 192
internal_value=0 -2.78313e-09 -5.42579e-09 1.34548e-09
internal_weight=25417 16768 13271 8649
internal_count=25417 16768 13271 8649
is_linear=0
shrinkage=0.000132856


Tree=774
num_leaves=5
num_cat=0
split_feature=14 14 11 14
split_gain=8.24317e-06 1.47756e-05 2.28143e-06 1.07343e-06
threshold=0.0052552740482136881 -0.016789224025037072 21.285131465716336 0.071236411869651031
decision_type=2 2 2 2
left_child=1 -1 -3 -2
right_child=3 2 -4 -5
leaf_value=0 2.0224979597206595e-09 0 -5.7215548174734603e-09 0
leaf_weight=3497 8457 110 13161 192
leaf_count=3497 8457 110 13161 192
internal_value=0 -2.78253e-09 -5.42504e-09 1.34522e-09
internal_weight=25417 16768 13271 8649
internal_count=25417 16768 13271 8649
is_linear=0
shrinkage=0.000132856


Tree=775
num_leaves=5
num_cat=0
split_feature=14 14 11 14
split_gain=8.23967e-06 1.47726e-05 2.2811e-06 1.07326e-06
threshold=0.0052552740482136881 -0.016789224025037072 21.285131465716336 0.071236411869651031
decision_type=2 2 2 2
left_child=1 -1 -3 -2
right_child=3 2 -4 -5
leaf_value=0 2.0222298955916567e-09 0 -5.7207946660709326e-09 0
leaf_weight=3497 8457 110 13161 192
leaf_count=3497 8457 110 13161 192
internal_value=0 -2.78193e-09 -5.42428e-09 1.34496e-09
internal_weight=25417 16768 13271 8649
internal_count=25417 16768 13271 8649
is_linear=0
shrinkage=0.000132856


Tree=776
num_leaves=3
num_cat=0
split_feature=5 5
split_gain=3.2914e-07 5.12075e-05
threshold=-0.0021237906156552073 0.0060817964016657297
decision_type=2 2
left_child=-1 -2
right_child=1 -3
leaf_value=0 -7.4605564096393729e-09 0
leaf_weight=6812 16341 2462
leaf_count=6812 16341 2462
internal_value=0 -5.55819e-10
internal_weight=25615 18803
internal_count=25615 18803
is_linear=0
shrinkage=0.000132856


Tree=777
num_leaves=3
num_cat=0
split_feature=5 5
split_gain=3.28121e-07 5.11948e-05
threshold=-0.0021237906156552073 0.0060817964016657297
decision_type=2 2
left_child=-1 -2
right_child=1 -3
leaf_value=0 -7.4595654259514673e-09 0
leaf_weight=6812 16341 2462
leaf_count=6812 16341 2462
internal_value=0 -5.54958e-10
internal_weight=25615 18803
internal_count=25615 18803
is_linear=0
shrinkage=0.000132856


Tree=778
num_leaves=3
num_cat=0
split_feature=5 5
split_gain=3.27104e-07 5.11821e-05
threshold=-0.0021237906156552073 0.0060817964016657297
decision_type=2 2
left_child=-1 -2
right_child=1 -3
leaf_value=0 -7.4585745757649887e-09 0
leaf_weight=6812 16341 2462
leaf_count=6812 16341 2462
internal_value=0 -5.54096e-10
internal_weight=25615 18803
internal_count=25615 18803
is_linear=0
shrinkage=0.000132856


Tree=779
num_leaves=3
num_cat=0
split_feature=5 5
split_gain=3.26088e-07 5.11695e-05
threshold=-0.0021237906156552073 0.0060817964016657297
decision_type=2 2
left_child=-1 -2
right_child=1 -3
leaf_value=0 -7.4575837826382939e-09 0
leaf_weight=6812 16341 2462
leaf_count=6812 16341 2462
internal_value=0 -5.53235e-10
internal_weight=25615 18803
internal_count=25615 18803
is_linear=0
shrinkage=0.000132856


Tree=780
num_leaves=3
num_cat=0
split_feature=5 5
split_gain=3.25074e-07 5.11568e-05
threshold=-0.0021237906156552073 0.0060817964016657297
decision_type=2 2
left_child=-1 -2
right_child=1 -3
leaf_value=0 -7.4565932142609275e-09 0
leaf_weight=6812 16341 2462
leaf_count=6812 16341 2462
internal_value=0 -5.52374e-10
internal_weight=25615 18803
internal_count=25615 18803
is_linear=0
shrinkage=0.000132856


Tree=781
num_leaves=3
num_cat=0
split_feature=5 5
split_gain=3.24061e-07 5.11441e-05
threshold=-0.0021237906156552073 0.0060817964016657297
decision_type=2 2
left_child=-1 -2
right_child=1 -3
leaf_value=0 -7.4556026430278507e-09 0
leaf_weight=6812 16341 2462
leaf_count=6812 16341 2462
internal_value=0 -5.51514e-10
internal_weight=25615 18803
internal_count=25615 18803
is_linear=0
shrinkage=0.000132856


Tree=782
num_leaves=3
num_cat=0
split_feature=5 5
split_gain=3.2305e-07 5.11315e-05
threshold=-0.0021237906156552073 0.0060817964016657297
decision_type=2 2
left_child=-1 -2
right_child=1 -3
leaf_value=0 -7.4546122523770632e-09 0
leaf_weight=6812 16341 2462
leaf_count=6812 16341 2462
internal_value=0 -5.50653e-10
internal_weight=25615 18803
internal_count=25615 18803
is_linear=0
shrinkage=0.000132856


Tree=783
num_leaves=3
num_cat=0
split_feature=5 5
split_gain=3.22041e-07 5.11188e-05
threshold=-0.0021237906156552073 0.0060817964016657297
decision_type=2 2
left_child=-1 -2
right_child=1 -3
leaf_value=0 -7.4536220086580866e-09 0
leaf_weight=6812 16341 2462
leaf_count=6812 16341 2462
internal_value=0 -5.49792e-10
internal_weight=25615 18803
internal_count=25615 18803
is_linear=0
shrinkage=0.000132856


Tree=784
num_leaves=9
num_cat=0
split_feature=14 9 11 12 13 12 5 5
split_gain=9.03562e-05 8.53965e-05 9.89829e-05 4.31325e-05 3.57823e-05 2.44945e-05 1.7719e-07 1.36578e-05
threshold=0.0046431645099150884 97521.959166278801 84.106609212273156 0.0044353762785568837 0.0025016000088660456 0.03043696449142461 -0.0049446088441149052 0.0057329390645918252
decision_type=2 2 2 2 2 2 2 2
left_child=6 2 3 -2 -5 -6 -1 -8
right_child=1 -3 -4 4 5 -7 7 -9
leaf_value=0 0 0 0 0 3.3769718715165693e-08 0 -4.3302444358544827e-09 0
leaf_weight=2426 1332 1060 480 157 5862 139 13021 1097
leaf_count=2426 1332 1060 480 157 5862 139 13021 1097
internal_value=7.10553e-10 1.33418e-08 1.97673e-08 2.54749e-08 3.0214e-08 3.22795e-08 0 -4.70632e-10
internal_weight=25574 9030 7970 7490 6158 6001 16544 14118
internal_count=25574 9030 7970 7490 6158 6001 16544 14118
is_linear=0
shrinkage=0.000132856


Tree=785
num_leaves=9
num_cat=0
split_feature=14 9 11 12 13 12 5 5
split_gain=9.03179e-05 8.53773e-05 9.89659e-05 4.31184e-05 3.57762e-05 2.449e-05 1.76791e-07 1.36545e-05
threshold=0.0046431645099150884 97521.959166278801 84.106609212273156 0.0044353762785568837 0.0025016000088660456 0.03043696449142461 -0.0049446088441149052 0.0057329390645918252
decision_type=2 2 2 2 2 2 2 2
left_child=6 2 3 -2 -5 -6 -1 -8
right_child=1 -3 -4 4 5 -7 7 -9
leaf_value=0 0 0 0 0 3.3765233865331608e-08 0 -4.3296693320323767e-09 0
leaf_weight=2426 1332 1060 480 157 5862 139 13021 1097
leaf_count=2426 1332 1060 480 157 5862 139 13021 1097
internal_value=7.09818e-10 1.33389e-08 1.9764e-08 2.54714e-08 3.02097e-08 3.22752e-08 0 -4.70101e-10
internal_weight=25574 9030 7970 7490 6158 6001 16544 14118
internal_count=25574 9030 7970 7490 6158 6001 16544 14118
is_linear=0
shrinkage=0.000132856


Tree=786
num_leaves=9
num_cat=0
split_feature=14 9 11 12 13 12 5 5
split_gain=9.02797e-05 8.53582e-05 9.89488e-05 4.31043e-05 3.577e-05 2.44856e-05 1.76392e-07 1.36512e-05
threshold=0.0046431645099150884 97521.959166278801 84.106609212273156 0.0044353762785568837 0.0025016000088660456 0.03043696449142461 -0.0049446088441149052 0.0057329390645918252
decision_type=2 2 2 2 2 2 2 2
left_child=6 2 3 -2 -5 -6 -1 -8
right_child=1 -3 -4 4 5 -7 7 -9
leaf_value=0 0 0 0 0 3.376074933636656e-08 0 -4.329093803193504e-09 0
leaf_weight=2426 1332 1060 480 157 5862 139 13021 1097
leaf_count=2426 1332 1060 480 157 5862 139 13021 1097
internal_value=7.09082e-10 1.3336e-08 1.97607e-08 2.54679e-08 3.02055e-08 3.22708e-08 0 -4.6957e-10
internal_weight=25574 9030 7970 7490 6158 6001 16544 14118
internal_count=25574 9030 7970 7490 6158 6001 16544 14118
is_linear=0
shrinkage=0.000132856


Tree=787
num_leaves=9
num_cat=0
split_feature=14 9 11 12 13 12 5 5
split_gain=9.02415e-05 8.5339e-05 9.89318e-05 4.30902e-05 3.57639e-05 2.44812e-05 1.75994e-07 1.3648e-05
threshold=0.0046431645099150884 97521.959166278801 84.106609212273156 0.0044353762785568837 0.0025016000088660456 0.03043696449142461 -0.0049446088441149052 0.0057329390645918252
decision_type=2 2 2 2 2 2 2 2
left_child=6 2 3 -2 -5 -6 -1 -8
right_child=1 -3 -4 4 5 -7 7 -9
leaf_value=0 0 0 0 0 3.3756266044461918e-08 0 -4.3285189743501309e-09 0
leaf_weight=2426 1332 1060 480 157 5862 139 13021 1097
leaf_count=2426 1332 1060 480 157 5862 139 13021 1097
internal_value=7.08347e-10 1.33331e-08 1.97574e-08 2.54644e-08 3.02012e-08 3.22664e-08 0 -4.6904e-10
internal_weight=25574 9030 7970 7490 6158 6001 16544 14118
internal_count=25574 9030 7970 7490 6158 6001 16544 14118
is_linear=0
shrinkage=0.000132856


Tree=788
num_leaves=9
num_cat=0
split_feature=14 9 11 12 13 12 5 5
split_gain=9.02033e-05 8.53199e-05 9.89148e-05 4.30761e-05 3.57577e-05 2.44767e-05 1.75596e-07 1.36447e-05
threshold=0.0046431645099150884 97521.959166278801 84.106609212273156 0.0044353762785568837 0.0025016000088660456 0.03043696449142461 -0.0049446088441149052 0.0057329390645918252
decision_type=2 2 2 2 2 2 2 2
left_child=6 2 3 -2 -5 -6 -1 -8
right_child=1 -3 -4 4 5 -7 7 -9
leaf_value=0 0 0 0 0 3.3751782612084034e-08 0 -4.3279441112715257e-09 0
leaf_weight=2426 1332 1060 480 157 5862 139 13021 1097
leaf_count=2426 1332 1060 480 157 5862 139 13021 1097
internal_value=7.07612e-10 1.33302e-08 1.97541e-08 2.54609e-08 3.01969e-08 3.2262e-08 0 -4.6851e-10
internal_weight=25574 9030 7970 7490 6158 6001 16544 14118
internal_count=25574 9030 7970 7490 6158 6001 16544 14118
is_linear=0
shrinkage=0.000132856


Tree=789
num_leaves=9
num_cat=0
split_feature=14 9 11 12 13 12 5 5
split_gain=9.01651e-05 8.53008e-05 9.88978e-05 4.3062e-05 3.57515e-05 2.44723e-05 1.75199e-07 1.36414e-05
threshold=0.0046431645099150884 97521.959166278801 84.106609212273156 0.0044353762785568837 0.0025016000088660456 0.03043696449142461 -0.0049446088441149052 0.0057329390645918252
decision_type=2 2 2 2 2 2 2 2
left_child=6 2 3 -2 -5 -6 -1 -8
right_child=1 -3 -4 4 5 -7 7 -9
leaf_value=0 0 0 0 0 3.3747300352164166e-08 0 -4.3273690098405937e-09 0
leaf_weight=2426 1332 1060 480 157 5862 139 13021 1097
leaf_count=2426 1332 1060 480 157 5862 139 13021 1097
internal_value=7.06877e-10 1.33273e-08 1.97508e-08 2.54574e-08 3.01927e-08 3.22576e-08 0 -4.6798e-10
internal_weight=25574 9030 7970 7490 6158 6001 16544 14118
internal_count=25574 9030 7970 7490 6158 6001 16544 14118
is_linear=0
shrinkage=0.000132856


Tree=790
num_leaves=9
num_cat=0
split_feature=14 9 11 12 13 12 5 5
split_gain=9.01269e-05 8.52816e-05 9.88808e-05 4.30478e-05 3.57454e-05 2.44678e-05 1.74802e-07 1.36381e-05
threshold=0.0046431645099150884 97521.959166278801 84.106609212273156 0.0044353762785568837 0.0025016000088660456 0.03043696449142461 -0.0049446088441149052 0.0057329390645918252
decision_type=2 2 2 2 2 2 2 2
left_child=6 2 3 -2 -5 -6 -1 -8
right_child=1 -3 -4 4 5 -7 7 -9
leaf_value=0 0 0 0 0 3.3742818182198787e-08 0 -4.3267940756646195e-09 0
leaf_weight=2426 1332 1060 480 157 5862 139 13021 1097
leaf_count=2426 1332 1060 480 157 5862 139 13021 1097
internal_value=7.06142e-10 1.33244e-08 1.97475e-08 2.54539e-08 3.01884e-08 3.22533e-08 0 -4.67449e-10
internal_weight=25574 9030 7970 7490 6158 6001 16544 14118
internal_count=25574 9030 7970 7490 6158 6001 16544 14118
is_linear=0
shrinkage=0.000132856


Tree=791
num_leaves=9
num_cat=0
split_feature=14 9 11 12 13 12 5 5
split_gain=9.00887e-05 8.52625e-05 9.88639e-05 4.30338e-05 3.57392e-05 2.44634e-05 1.74406e-07 1.36349e-05
threshold=0.0046431645099150884 97521.959166278801 84.106609212273156 0.0044353762785568837 0.0025016000088660456 0.03043696449142461 -0.0049446088441149052 0.0057329390645918252
decision_type=2 2 2 2 2 2 2 2
left_child=6 2 3 -2 -5 -6 -1 -8
right_child=1 -3 -4 4 5 -7 7 -9
leaf_value=0 0 0 0 0 3.3738336958079491e-08 0 -4.3262195506022295e-09 0
leaf_weight=2426 1332 1060 480 157 5862 139 13021 1097
leaf_count=2426 1332 1060 480 157 5862 139 13021 1097
internal_value=7.05407e-10 1.33215e-08 1.97442e-08 2.54504e-08 3.01841e-08 3.22489e-08 0 -4.66919e-10
internal_weight=25574 9030 7970 7490 6158 6001 16544 14118
internal_count=25574 9030 7970 7490 6158 6001 16544 14118
is_linear=0
shrinkage=0.000132856


Tree=792
num_leaves=4
num_cat=0
split_feature=6 6 6
split_gain=5.7156e-07 3.11306e-06 2.11925e-06
threshold=0.0014731596350403555 0.014056132067128748 -0.025987472042939105
decision_type=2 2 2
left_child=2 -2 -1
right_child=1 -3 -4
leaf_value=0 -2.5318025411705392e-09 0 1.7911442354571461e-09
leaf_weight=502 8570 1709 14802
leaf_count=502 8570 1709 14802
internal_value=0 0 8.11856e-10
internal_weight=25583 10279 15304
internal_count=25583 10279 15304
is_linear=0
shrinkage=0.000132856


Tree=793
num_leaves=4
num_cat=0
split_feature=6 6 6
split_gain=5.71235e-07 3.11223e-06 2.11885e-06
threshold=0.0014731596350403555 0.014056132067128748 -0.025987472042939105
decision_type=2 2 2
left_child=2 -2 -1
right_child=1 -3 -4
leaf_value=0 -2.5314663711825092e-09 0 1.79090590566731e-09
leaf_weight=502 8570 1709 14802
leaf_count=502 8570 1709 14802
internal_value=0 0 8.11625e-10
internal_weight=25583 10279 15304
internal_count=25583 10279 15304
is_linear=0
shrinkage=0.000132856


Tree=794
num_leaves=4
num_cat=0
split_feature=6 6 6
split_gain=5.70912e-07 3.1114e-06 2.11846e-06
threshold=0.0014731596350403555 0.014056132067128748 -0.025987472042939105
decision_type=2 2 2
left_child=2 -2 -1
right_child=1 -3 -4
leaf_value=0 -2.5311302909780786e-09 0 1.790668332605262e-09
leaf_weight=502 8570 1709 14802
leaf_count=502 8570 1709 14802
internal_value=0 0 8.11396e-10
internal_weight=25583 10279 15304
internal_count=25583 10279 15304
is_linear=0
shrinkage=0.000132856


Tree=795
num_leaves=4
num_cat=0
split_feature=6 6 6
split_gain=5.70588e-07 3.11058e-06 2.11807e-06
threshold=0.0014731596350403555 0.014056132067128748 -0.025987472042939105
decision_type=2 2 2
left_child=2 -2 -1
right_child=1 -3 -4
leaf_value=0 -2.5307941827581205e-09 0 1.7904300858334143e-09
leaf_weight=502 8570 1709 14802
leaf_count=502 8570 1709 14802
internal_value=0 0 8.11165e-10
internal_weight=25583 10279 15304
internal_count=25583 10279 15304
is_linear=0
shrinkage=0.000132856


Tree=796
num_leaves=4
num_cat=0
split_feature=6 6 6
split_gain=5.70264e-07 3.10975e-06 2.11768e-06
threshold=0.0014731596350403555 0.014056132067128748 -0.025987472042939105
decision_type=2 2 2
left_child=2 -2 -1
right_child=1 -3 -4
leaf_value=0 -2.5304575280957354e-09 0 1.7901922977377381e-09
leaf_weight=502 8570 1709 14802
leaf_count=502 8570 1709 14802
internal_value=0 0 8.10935e-10
internal_weight=25583 10279 15304
internal_count=25583 10279 15304
is_linear=0
shrinkage=0.000132856


Tree=797
num_leaves=4
num_cat=0
split_feature=6 6 6
split_gain=5.69941e-07 3.10892e-06 2.11729e-06
threshold=0.0014731596350403555 0.014056132067128748 -0.025987472042939105
decision_type=2 2 2
left_child=2 -2 -1
right_child=1 -3 -4
leaf_value=0 -2.530121285401244e-09 0 1.7899546941140103e-09
leaf_weight=502 8570 1709 14802
leaf_count=502 8570 1709 14802
internal_value=0 0 8.10705e-10
internal_weight=25583 10279 15304
internal_count=25583 10279 15304
is_linear=0
shrinkage=0.000132856


Tree=798
num_leaves=4
num_cat=0
split_feature=6 6 6
split_gain=5.69617e-07 3.1081e-06 2.1169e-06
threshold=0.0014731596350403555 0.014056132067128748 -0.025987472042939105
decision_type=2 2 2
left_child=2 -2 -1
right_child=1 -3 -4
leaf_value=0 -2.5297860408097031e-09 0 1.7897167196313702e-09
leaf_weight=502 8570 1709 14802
leaf_count=502 8570 1709 14802
internal_value=0 0 8.10475e-10
internal_weight=25583 10279 15304
internal_count=25583 10279 15304
is_linear=0
shrinkage=0.000132856


Tree=799
num_leaves=4
num_cat=0
split_feature=6 6 6
split_gain=5.69294e-07 3.10727e-06 2.11651e-06
threshold=0.0014731596350403555 0.014056132067128748 -0.025987472042939105
decision_type=2 2 2
left_child=2 -2 -1
right_child=1 -3 -4
leaf_value=0 -2.5294494974782055e-09 0 1.7894788641428805e-09
leaf_weight=502 8570 1709 14802
leaf_count=502 8570 1709 14802
internal_value=0 0 8.10245e-10
internal_weight=25583 10279 15304
internal_count=25583 10279 15304
is_linear=0
shrinkage=0.000132856


Tree=800
num_leaves=9
num_cat=0
split_feature=13 14 12 12 14 13 14 12
split_gain=2.54914e-05 3.05647e-05 5.02826e-05 2.36952e-05 6.69852e-06 9.81961e-06 1.56616e-05 4.24435e-06
threshold=0.0068029975272084825 -0.060532102766851718 0.0087277781166600673 0.022521435699879109 0.027067761153316442 0.0026455970176038198 -0.034133262501218113 0.002210161930858445
decision_type=2 2 2 2 2 2 2 2
left_child=4 -2 -3 -4 5 -1 -7 -8
right_child=1 2 3 -5 -6 6 7 -9
leaf_value=0 0 0 2.6054544846109375e-08 0 0 0 0 -6.9244807756031134e-09
leaf_weight=4280 289 1783 3378 840 770 271 480 13419
leaf_count=4280 289 1783 3378 840 770 271 480 13419
internal_value=0 8.4505e-09 1.28342e-08 2.10859e-08 -1.78566e-10 -2.53787e-09 -4.54046e-09 -6.39559e-09
internal_weight=25510 6290 6001 4218 19220 18450 14170 13899
internal_count=25510 6290 6001 4218 19220 18450 14170 13899
is_linear=0
shrinkage=0.000132856


Tree=801
num_leaves=9
num_cat=0
split_feature=13 14 12 12 14 13 14 12
split_gain=2.548e-05 3.05589e-05 5.02716e-05 2.36886e-05 6.69522e-06 9.81681e-06 1.5659e-05 4.24361e-06
threshold=0.0068029975272084825 -0.060532102766851718 0.0087277781166600673 0.022521435699879109 0.027067761153316442 0.0026455970176038198 -0.034133262501218113 0.002210161930858445
decision_type=2 2 2 2 2 2 2 2
left_child=4 -2 -3 -4 5 -1 -7 -8
right_child=1 2 3 -5 -6 6 7 -9
leaf_value=0 0 0 2.6051085795687924e-08 0 0 0 0 -6.9235608980429307e-09
leaf_weight=4280 289 1783 3378 840 770 271 480 13419
leaf_count=4280 289 1783 3378 840 770 271 480 13419
internal_value=0 8.44864e-09 1.28322e-08 2.10831e-08 -1.77924e-10 -2.5372e-09 -4.53959e-09 -6.39471e-09
internal_weight=25510 6290 6001 4218 19220 18450 14170 13899
internal_count=25510 6290 6001 4218 19220 18450 14170 13899
is_linear=0
shrinkage=0.000132856


Tree=802
num_leaves=9
num_cat=0
split_feature=13 14 12 12 14 13 14 12
split_gain=2.54685e-05 3.05531e-05 5.02607e-05 2.3682e-05 6.69192e-06 9.81401e-06 1.56564e-05 4.24287e-06
threshold=0.0068029975272084825 -0.060532102766851718 0.0087277781166600673 0.022521435699879109 0.027067761153316442 0.0026455970176038198 -0.034133262501218113 0.002210161930858445
decision_type=2 2 2 2 2 2 2 2
left_child=4 -2 -3 -4 5 -1 -7 -8
right_child=1 2 3 -5 -6 6 7 -9
leaf_value=0 0 0 2.6047627348568189e-08 0 0 0 0 -6.922641593435795e-09
leaf_weight=4280 289 1783 3378 840 770 271 480 13419
leaf_count=4280 289 1783 3378 840 770 271 480 13419
internal_value=0 8.44679e-09 1.28303e-08 2.10804e-08 -1.77282e-10 -2.53654e-09 -4.53872e-09 -6.39382e-09
internal_weight=25510 6290 6001 4218 19220 18450 14170 13899
internal_count=25510 6290 6001 4218 19220 18450 14170 13899
is_linear=0
shrinkage=0.000132856


Tree=803
num_leaves=9
num_cat=0
split_feature=13 14 12 12 14 13 14 12
split_gain=2.54571e-05 3.05473e-05 5.02498e-05 2.36754e-05 6.68862e-06 9.81121e-06 1.56538e-05 4.24213e-06
threshold=0.0068029975272084825 -0.060532102766851718 0.0087277781166600673 0.022521435699879109 0.027067761153316442 0.0026455970176038198 -0.034133262501218113 0.002210161930858445
decision_type=2 2 2 2 2 2 2 2
left_child=4 -2 -3 -4 5 -1 -7 -8
right_child=1 2 3 -5 -6 6 7 -9
leaf_value=0 0 0 2.6044168735870476e-08 0 0 0 0 -6.9217217656798675e-09
leaf_weight=4280 289 1783 3378 840 770 271 480 13419
leaf_count=4280 289 1783 3378 840 770 271 480 13419
internal_value=0 8.44493e-09 1.28283e-08 2.10776e-08 -1.7664e-10 -2.53587e-09 -4.53785e-09 -6.39293e-09
internal_weight=25510 6290 6001 4218 19220 18450 14170 13899
internal_count=25510 6290 6001 4218 19220 18450 14170 13899
is_linear=0
shrinkage=0.000132856


Tree=804
num_leaves=9
num_cat=0
split_feature=13 14 12 12 14 13 14 12
split_gain=2.54457e-05 3.05415e-05 5.02388e-05 2.36689e-05 6.68532e-06 9.80841e-06 1.56512e-05 4.24139e-06
threshold=0.0068029975272084825 -0.060532102766851718 0.0087277781166600673 0.022521435699879109 0.027067761153316442 0.0026455970176038198 -0.034133262501218113 0.002210161930858445
decision_type=2 2 2 2 2 2 2 2
left_child=4 -2 -3 -4 5 -1 -7 -8
right_child=1 2 3 -5 -6 6 7 -9
leaf_value=0 0 0 2.6040710578122332e-08 0 0 0 0 -6.9208023786902288e-09
leaf_weight=4280 289 1783 3378 840 770 271 480 13419
leaf_count=4280 289 1783 3378 840 770 271 480 13419
internal_value=0 8.44307e-09 1.28264e-08 2.10748e-08 -1.75998e-10 -2.5352e-09 -4.53698e-09 -6.39204e-09
internal_weight=25510 6290 6001 4218 19220 18450 14170 13899
internal_count=25510 6290 6001 4218 19220 18450 14170 13899
is_linear=0
shrinkage=0.000132856


Tree=805
num_leaves=9
num_cat=0
split_feature=13 14 12 12 14 13 14 12
split_gain=2.54342e-05 3.05357e-05 5.02279e-05 2.36623e-05 6.68202e-06 9.80561e-06 1.56486e-05 4.24065e-06
threshold=0.0068029975272084825 -0.060532102766851718 0.0087277781166600673 0.022521435699879109 0.027067761153316442 0.0026455970176038198 -0.034133262501218113 0.002210161930858445
decision_type=2 2 2 2 2 2 2 2
left_child=4 -2 -3 -4 5 -1 -7 -8
right_child=1 2 3 -5 -6 6 7 -9
leaf_value=0 0 0 2.6037252664404532e-08 0 0 0 0 -6.9198829640611018e-09
leaf_weight=4280 289 1783 3378 840 770 271 480 13419
leaf_count=4280 289 1783 3378 840 770 271 480 13419
internal_value=0 8.44121e-09 1.28245e-08 2.1072e-08 -1.75356e-10 -2.53453e-09 -4.5361e-09 -6.39115e-09
internal_weight=25510 6290 6001 4218 19220 18450 14170 13899
internal_count=25510 6290 6001 4218 19220 18450 14170 13899
is_linear=0
shrinkage=0.000132856


Tree=806
num_leaves=9
num_cat=0
split_feature=13 14 12 12 14 13 14 12
split_gain=2.54228e-05 3.05299e-05 5.0217e-05 2.36557e-05 6.67873e-06 9.80281e-06 1.5646e-05 4.23991e-06
threshold=0.0068029975272084825 -0.060532102766851718 0.0087277781166600673 0.022521435699879109 0.027067761153316442 0.0026455970176038198 -0.034133262501218113 0.002210161930858445
decision_type=2 2 2 2 2 2 2 2
left_child=4 -2 -3 -4 5 -1 -7 -8
right_child=1 2 3 -5 -6 6 7 -9
leaf_value=0 0 0 2.6033795443075699e-08 0 0 0 0 -6.9189639086462988e-09
leaf_weight=4280 289 1783 3378 840 770 271 480 13419
leaf_count=4280 289 1783 3378 840 770 271 480 13419
internal_value=0 8.43936e-09 1.28225e-08 2.10693e-08 -1.74714e-10 -2.53386e-09 -4.53523e-09 -6.39027e-09
internal_weight=25510 6290 6001 4218 19220 18450 14170 13899
internal_count=25510 6290 6001 4218 19220 18450 14170 13899
is_linear=0
shrinkage=0.000132856


Tree=807
num_leaves=9
num_cat=0
split_feature=13 14 12 12 14 13 14 12
split_gain=2.54114e-05 3.05241e-05 5.02061e-05 2.36491e-05 6.67543e-06 9.80002e-06 1.56434e-05 4.23917e-06
threshold=0.0068029975272084825 -0.060532102766851718 0.0087277781166600673 0.022521435699879109 0.027067761153316442 0.0026455970176038198 -0.034133262501218113 0.002210161930858445
decision_type=2 2 2 2 2 2 2 2
left_child=4 -2 -3 -4 5 -1 -7 -8
right_child=1 2 3 -5 -6 6 7 -9
leaf_value=0 0 0 2.6030338863584392e-08 0 0 0 0 -6.9180446144793711e-09
leaf_weight=4280 289 1783 3378 840 770 271 480 13419
leaf_count=4280 289 1783 3378 840 770 271 480 13419
internal_value=0 8.4375e-09 1.28206e-08 2.10665e-08 -1.74072e-10 -2.53319e-09 -4.53436e-09 -6.38938e-09
internal_weight=25510 6290 6001 4218 19220 18450 14170 13899
internal_count=25510 6290 6001 4218 19220 18450 14170 13899
is_linear=0
shrinkage=0.000132856


Tree=808
num_leaves=7
num_cat=0
split_feature=6 13 5 13 13 5
split_gain=1.59164e-05 2.71097e-05 3.42489e-05 2.68241e-05 1.09181e-05 2.894e-06
threshold=0.0011727788417853493 0.017335809236692756 0.018123033512737145 0.003113132407578237 0.0035743728930791303 -0.0073786450244897042
decision_type=2 2 2 2 2 2
left_child=4 2 3 -2 -1 -5
right_child=1 -3 -4 5 -6 -7
leaf_value=0 0 0 0 0 4.4567833593212769e-09 -1.5299317555898259e-08
leaf_weight=5098 2148 149 248 181 9700 8066
leaf_count=5098 2148 149 248 181 9700 8066
internal_value=0 -5.10164e-09 -8.4464e-09 -1.14536e-08 0 -1.49245e-08
internal_weight=25590 10792 10643 10395 14798 8247
internal_count=25590 10792 10643 10395 14798 8247
is_linear=0
shrinkage=0.000132856


Tree=809
num_leaves=7
num_cat=0
split_feature=6 13 5 13 13 5
split_gain=1.5907e-05 2.71035e-05 3.42433e-05 2.68176e-05 1.09152e-05 2.89331e-06
threshold=0.0011727788417853493 0.017335809236692756 0.018123033512737145 0.003113132407578237 0.0035743728930791303 -0.0073786450244897042
decision_type=2 2 2 2 2 2
left_child=4 2 3 -2 -1 -5
right_child=1 -3 -4 5 -6 -7
leaf_value=0 0 0 0 0 4.4561914747551799e-09 -1.5297285878607456e-08
leaf_weight=5098 2148 149 248 181 9700 8066
leaf_count=5098 2148 149 248 181 9700 8066
internal_value=0 -5.10012e-09 -8.44486e-09 -1.14521e-08 0 -1.49225e-08
internal_weight=25590 10792 10643 10395 14798 8247
internal_count=25590 10792 10643 10395 14798 8247
is_linear=0
shrinkage=0.000132856


Tree=810
num_leaves=7
num_cat=0
split_feature=6 13 5 13 13 5
split_gain=1.58975e-05 2.70973e-05 3.42377e-05 2.68112e-05 1.09123e-05 2.89261e-06
threshold=0.0011727788417853493 0.017335809236692756 0.018123033512737145 0.003113132407578237 0.0035743728930791303 -0.0073786450244897042
decision_type=2 2 2 2 2 2
left_child=4 2 3 -2 -1 -5
right_child=1 -3 -4 5 -6 -7
leaf_value=0 0 0 0 0 4.4555992955512018e-09 -1.5295254143960777e-08
leaf_weight=5098 2148 149 248 181 9700 8066
leaf_count=5098 2148 149 248 181 9700 8066
internal_value=0 -5.0986e-09 -8.44332e-09 -1.14505e-08 0 -1.49205e-08
internal_weight=25590 10792 10643 10395 14798 8247
internal_count=25590 10792 10643 10395 14798 8247
is_linear=0
shrinkage=0.000132856


Tree=811
num_leaves=7
num_cat=0
split_feature=6 13 5 13 13 5
split_gain=1.5888e-05 2.70911e-05 3.42321e-05 2.68047e-05 1.09094e-05 2.89192e-06
threshold=0.0011727788417853493 0.017335809236692756 0.018123033512737145 0.003113132407578237 0.0035743728930791303 -0.0073786450244897042
decision_type=2 2 2 2 2 2
left_child=4 2 3 -2 -1 -5
right_child=1 -3 -4 5 -6 -7
leaf_value=0 0 0 0 0 4.4550077799831002e-09 -1.529322247665736e-08
leaf_weight=5098 2148 149 248 181 9700 8066
leaf_count=5098 2148 149 248 181 9700 8066
internal_value=0 -5.09708e-09 -8.44178e-09 -1.14489e-08 0 -1.49185e-08
internal_weight=25590 10792 10643 10395 14798 8247
internal_count=25590 10792 10643 10395 14798 8247
is_linear=0
shrinkage=0.000132856


Tree=812
num_leaves=7
num_cat=0
split_feature=6 13 5 13 13 5
split_gain=1.58786e-05 2.70849e-05 3.42265e-05 2.67983e-05 1.09065e-05 2.89122e-06
threshold=0.0011727788417853493 0.017335809236692756 0.018123033512737145 0.003113132407578237 0.0035743728930791303 -0.0073786450244897042
decision_type=2 2 2 2 2 2
left_child=4 2 3 -2 -1 -5
right_child=1 -3 -4 5 -6 -7
leaf_value=0 0 0 0 0 4.4544161412638825e-09 -1.5291190651021551e-08
leaf_weight=5098 2148 149 248 181 9700 8066
leaf_count=5098 2148 149 248 181 9700 8066
internal_value=0 -5.09557e-09 -8.44024e-09 -1.14473e-08 0 -1.49166e-08
internal_weight=25590 10792 10643 10395 14798 8247
internal_count=25590 10792 10643 10395 14798 8247
is_linear=0
shrinkage=0.000132856


Tree=813
num_leaves=7
num_cat=0
split_feature=6 13 5 13 13 5
split_gain=1.58691e-05 2.70787e-05 3.4221e-05 2.67918e-05 1.09036e-05 2.89052e-06
threshold=0.0011727788417853493 0.017335809236692756 0.018123033512737145 0.003113132407578237 0.0035743728930791303 -0.0073786450244897042
decision_type=2 2 2 2 2 2
left_child=4 2 3 -2 -1 -5
right_child=1 -3 -4 5 -6 -7
leaf_value=0 0 0 0 0 4.4538244530632343e-09 -1.528916013393948e-08
leaf_weight=5098 2148 149 248 181 9700 8066
leaf_count=5098 2148 149 248 181 9700 8066
internal_value=0 -5.09405e-09 -8.4387e-09 -1.14458e-08 0 -1.49146e-08
internal_weight=25590 10792 10643 10395 14798 8247
internal_count=25590 10792 10643 10395 14798 8247
is_linear=0
shrinkage=0.000132856


Tree=814
num_leaves=7
num_cat=0
split_feature=6 13 5 13 13 5
split_gain=1.58596e-05 2.70725e-05 3.42154e-05 2.67854e-05 1.09008e-05 2.88983e-06
threshold=0.0011727788417853493 0.017335809236692756 0.018123033512737145 0.003113132407578237 0.0035743728930791303 -0.0073786450244897042
decision_type=2 2 2 2 2 2
left_child=4 2 3 -2 -1 -5
right_child=1 -3 -4 5 -6 -7
leaf_value=0 0 0 0 0 4.4532327720007502e-09 -1.5287130058982314e-08
leaf_weight=5098 2148 149 248 181 9700 8066
leaf_count=5098 2148 149 248 181 9700 8066
internal_value=0 -5.09253e-09 -8.43716e-09 -1.14442e-08 0 -1.49126e-08
internal_weight=25590 10792 10643 10395 14798 8247
internal_count=25590 10792 10643 10395 14798 8247
is_linear=0
shrinkage=0.000132856


Tree=815
num_leaves=7
num_cat=0
split_feature=6 13 5 13 13 5
split_gain=1.58502e-05 2.70662e-05 3.42098e-05 2.6779e-05 1.08979e-05 2.88913e-06
threshold=0.0011727788417853493 0.017335809236692756 0.018123033512737145 0.003113132407578237 0.0035743728930791303 -0.0073786450244897042
decision_type=2 2 2 2 2 2
left_child=4 2 3 -2 -1 -5
right_child=1 -3 -4 5 -6 -7
leaf_value=0 0 0 0 0 4.4526411208098881e-09 -1.5285099230839443e-08
leaf_weight=5098 2148 149 248 181 9700 8066
leaf_count=5098 2148 149 248 181 9700 8066
internal_value=0 -5.09101e-09 -8.43562e-09 -1.14426e-08 0 -1.49106e-08
internal_weight=25590 10792 10643 10395 14798 8247
internal_count=25590 10792 10643 10395 14798 8247
is_linear=0
shrinkage=0.000132856


Tree=816
num_leaves=8
num_cat=0
split_feature=13 12 5 5 4 12 4
split_gain=7.46066e-05 2.93513e-05 1.82696e-05 7.37577e-05 9.49899e-05 1.30203e-05 4.59687e-06
threshold=0.010341561085232931 0.014679205810491175 -0.0025697584393127855 0.006596740420136916 709.89353500000016 0.0028494289711873222 16825.837900000002
decision_type=2 2 2 2 2 2 2
left_child=2 -2 -1 4 -4 -6 -7
right_child=1 -3 3 -5 5 6 -8
leaf_value=0 0 3.8465690777913102e-08 0 0 0 -1.869080619433861e-08 0
leaf_weight=5249 814 1238 5103 1643 1091 10337 195
leaf_count=5249 814 1238 5103 1643 1091 10337 195
internal_value=0 2.53194e-08 0 -4.18965e-09 -9.85407e-09 -1.68509e-08 -1.83078e-08
internal_weight=25670 2052 23618 18369 16726 11623 10532
internal_count=25670 2052 23618 18369 16726 11623 10532
is_linear=0
shrinkage=0.000132856


Tree=817
num_leaves=8
num_cat=0
split_feature=13 12 5 5 4 12 4
split_gain=7.45885e-05 2.93419e-05 1.82574e-05 7.37412e-05 9.49695e-05 1.30161e-05 4.59576e-06
threshold=0.010341561085232931 0.014679205810491175 -0.0025697584393127855 0.006596740420136916 709.89353500000016 0.0028494289711873222 16825.837900000002
decision_type=2 2 2 2 2 2 2
left_child=2 -2 -1 4 -4 -6 -7
right_child=1 -3 3 -5 5 6 -8
leaf_value=0 0 3.8460588334445199e-08 0 0 0 -1.868832354467902e-08 0
leaf_weight=5249 814 1238 5103 1643 1091 10337 195
leaf_count=5249 814 1238 5103 1643 1091 10337 195
internal_value=0 2.53164e-08 0 -4.18825e-09 -9.85253e-09 -1.68487e-08 -1.83054e-08
internal_weight=25670 2052 23618 18369 16726 11623 10532
internal_count=25670 2052 23618 18369 16726 11623 10532
is_linear=0
shrinkage=0.000132856


Tree=818
num_leaves=8
num_cat=0
split_feature=13 12 5 5 4 12 4
split_gain=7.45703e-05 2.93325e-05 1.82452e-05 7.37247e-05 9.49492e-05 1.30119e-05 4.59465e-06
threshold=0.010341561085232931 0.014679205810491175 -0.0025697584393127855 0.006596740420136916 709.89353500000016 0.0028494289711873222 16825.837900000002
decision_type=2 2 2 2 2 2 2
left_child=2 -2 -1 4 -4 -6 -7
right_child=1 -3 3 -5 5 6 -8
leaf_value=0 0 3.8455484791147941e-08 0 0 0 -1.868584119998276e-08 0
leaf_weight=5249 814 1238 5103 1643 1091 10337 195
leaf_count=5249 814 1238 5103 1643 1091 10337 195
internal_value=0 2.53133e-08 0 -4.18685e-09 -9.851e-09 -1.68465e-08 -1.8303e-08
internal_weight=25670 2052 23618 18369 16726 11623 10532
internal_count=25670 2052 23618 18369 16726 11623 10532
is_linear=0
shrinkage=0.000132856


Tree=819
num_leaves=8
num_cat=0
split_feature=13 12 5 5 4 12 4
split_gain=7.45522e-05 2.93231e-05 1.82331e-05 7.37083e-05 9.49289e-05 1.30076e-05 4.59353e-06
threshold=0.010341561085232931 0.014679205810491175 -0.0025697584393127855 0.006596740420136916 709.89353500000016 0.0028494289711873222 16825.837900000002
decision_type=2 2 2 2 2 2 2
left_child=2 -2 -1 4 -4 -6 -7
right_child=1 -3 3 -5 5 6 -8
leaf_value=0 0 3.8450386885450485e-08 0 0 0 -1.8683359139155113e-08 0
leaf_weight=5249 814 1238 5103 1643 1091 10337 195
leaf_count=5249 814 1238 5103 1643 1091 10337 195
internal_value=0 2.53102e-08 0 -4.18545e-09 -9.84946e-09 -1.68443e-08 -1.83005e-08
internal_weight=25670 2052 23618 18369 16726 11623 10532
internal_count=25670 2052 23618 18369 16726 11623 10532
is_linear=0
shrinkage=0.000132856


Tree=820
num_leaves=8
num_cat=0
split_feature=13 12 5 5 4 12 4
split_gain=7.45341e-05 2.93137e-05 1.82209e-05 7.36918e-05 9.49085e-05 1.30034e-05 4.59242e-06
threshold=0.010341561085232931 0.014679205810491175 -0.0025697584393127855 0.006596740420136916 709.89353500000016 0.0028494289711873222 16825.837900000002
decision_type=2 2 2 2 2 2 2
left_child=2 -2 -1 4 -4 -6 -7
right_child=1 -3 3 -5 5 6 -8
leaf_value=0 0 3.8445287469728632e-08 0 0 0 -1.8680877120082307e-08 0
leaf_weight=5249 814 1238 5103 1643 1091 10337 195
leaf_count=5249 814 1238 5103 1643 1091 10337 195
internal_value=0 2.53071e-08 0 -4.18406e-09 -9.84793e-09 -1.6842e-08 -1.82981e-08
internal_weight=25670 2052 23618 18369 16726 11623 10532
internal_count=25670 2052 23618 18369 16726 11623 10532
is_linear=0
shrinkage=0.000132856


Tree=821
num_leaves=8
num_cat=0
split_feature=13 12 5 5 4 12 4
split_gain=7.45159e-05 2.93042e-05 1.82087e-05 7.36753e-05 9.48882e-05 1.29992e-05 4.59131e-06
threshold=0.010341561085232931 0.014679205810491175 -0.0025697584393127855 0.006596740420136916 709.89353500000016 0.0028494289711873222 16825.837900000002
decision_type=2 2 2 2 2 2 2
left_child=2 -2 -1 4 -4 -6 -7
right_child=1 -3 3 -5 5 6 -8
leaf_value=0 0 3.8440188003146488e-08 0 0 0 -1.8678395943185524e-08 0
leaf_weight=5249 814 1238 5103 1643 1091 10337 195
leaf_count=5249 814 1238 5103 1643 1091 10337 195
internal_value=0 2.5304e-08 0 -4.18266e-09 -9.8464e-09 -1.68398e-08 -1.82957e-08
internal_weight=25670 2052 23618 18369 16726 11623 10532
internal_count=25670 2052 23618 18369 16726 11623 10532
is_linear=0
shrinkage=0.000132856


Tree=822
num_leaves=8
num_cat=0
split_feature=13 12 5 5 4 12 4
split_gain=7.44978e-05 2.92948e-05 1.81966e-05 7.36589e-05 9.48679e-05 1.29949e-05 4.5902e-06
threshold=0.010341561085232931 0.014679205810491175 -0.0025697584393127855 0.006596740420136916 709.89353500000016 0.0028494289711873222 16825.837900000002
decision_type=2 2 2 2 2 2 2
left_child=2 -2 -1 4 -4 -6 -7
right_child=1 -3 3 -5 5 6 -8
leaf_value=0 0 3.8435093074042478e-08 0 0 0 -1.8675914951039193e-08 0
leaf_weight=5249 814 1238 5103 1643 1091 10337 195
leaf_count=5249 814 1238 5103 1643 1091 10337 195
internal_value=0 2.5301e-08 0 -4.18127e-09 -9.84486e-09 -1.68376e-08 -1.82932e-08
internal_weight=25670 2052 23618 18369 16726 11623 10532
internal_count=25670 2052 23618 18369 16726 11623 10532
is_linear=0
shrinkage=0.000132856


Tree=823
num_leaves=8
num_cat=0
split_feature=13 12 5 5 4 12 4
split_gain=7.44797e-05 2.92854e-05 1.81844e-05 7.36424e-05 9.48475e-05 1.29907e-05 4.58908e-06
threshold=0.010341561085232931 0.014679205810491175 -0.0025697584393127855 0.006596740420136916 709.89353500000016 0.0028494289711873222 16825.837900000002
decision_type=2 2 2 2 2 2 2
left_child=2 -2 -1 4 -4 -6 -7
right_child=1 -3 3 -5 5 6 -8
leaf_value=0 0 3.8429991089388943e-08 0 0 0 -1.8673434418272765e-08 0
leaf_weight=5249 814 1238 5103 1643 1091 10337 195
leaf_count=5249 814 1238 5103 1643 1091 10337 195
internal_value=0 2.52979e-08 0 -4.17987e-09 -9.84333e-09 -1.68354e-08 -1.82908e-08
internal_weight=25670 2052 23618 18369 16726 11623 10532
internal_count=25670 2052 23618 18369 16726 11623 10532
is_linear=0
shrinkage=0.000132856


Tree=824
num_leaves=6
num_cat=0
split_feature=14 5 5 12 12
split_gain=4.5169e-06 2.78425e-05 5.67938e-05 2.91856e-05 1.46772e-05
threshold=0.022260593163273449 0.0060817964016657297 -0.00586002551363246 0.0028494289711873222 0.0041845415633522337
decision_type=2 2 2 2 2
left_child=1 2 -1 -4 -2
right_child=4 -3 3 -5 -6
leaf_value=0 0 0 0 -1.1547511845112096e-08 1.0233781340351797e-08
leaf_weight=2283 157 1733 3288 15522 2650
leaf_count=2283 157 1733 3288 15522 2650
internal_value=0 -1.63506e-09 -5.11756e-09 -9.09149e-09 2.57989e-09
internal_weight=25633 22826 21093 18810 2807
internal_count=25633 22826 21093 18810 2807
is_linear=0
shrinkage=0.000132856


Tree=825
num_leaves=6
num_cat=0
split_feature=14 5 5 12 12
split_gain=4.51144e-06 2.78331e-05 5.67831e-05 2.9179e-05 1.46741e-05
threshold=0.022260593163273449 0.0060817964016657297 -0.00586002551363246 0.0028494289711873222 0.0041845415633522337
decision_type=2 2 2 2 2
left_child=1 2 -1 -4 -2
right_child=4 -3 3 -5 -6
leaf_value=0 0 0 0 -1.1545977834516666e-08 1.0232422228059507e-08
leaf_weight=2283 157 1733 3288 15522 2650
leaf_count=2283 157 1733 3288 15522 2650
internal_value=0 -1.63402e-09 -5.11643e-09 -9.09022e-09 2.5786e-09
internal_weight=25633 22826 21093 18810 2807
internal_count=25633 22826 21093 18810 2807
is_linear=0
shrinkage=0.000132856


Tree=826
num_leaves=6
num_cat=0
split_feature=14 5 5 12 12
split_gain=4.50598e-06 2.78237e-05 5.67724e-05 2.91723e-05 1.46709e-05
threshold=0.022260593163273449 0.0060817964016657297 -0.00586002551363246 0.0028494289711873222 0.0041845415633522337
decision_type=2 2 2 2 2
left_child=1 2 -1 -4 -2
right_child=4 -3 3 -5 -6
leaf_value=0 0 0 0 -1.1544444555253116e-08 1.0231063524747991e-08
leaf_weight=2283 157 1733 3288 15522 2650
leaf_count=2283 157 1733 3288 15522 2650
internal_value=0 -1.63298e-09 -5.1153e-09 -9.08896e-09 2.57732e-09
internal_weight=25633 22826 21093 18810 2807
internal_count=25633 22826 21093 18810 2807
is_linear=0
shrinkage=0.000132856


Tree=827
num_leaves=6
num_cat=0
split_feature=14 5 5 12 12
split_gain=4.50052e-06 2.78144e-05 5.67617e-05 2.91657e-05 1.46678e-05
threshold=0.022260593163273449 0.0060817964016657297 -0.00586002551363246 0.0028494289711873222 0.0041845415633522337
decision_type=2 2 2 2 2
left_child=1 2 -1 -4 -2
right_child=4 -3 3 -5 -6
leaf_value=0 0 0 0 -1.1542911174305763e-08 1.0229705197522925e-08
leaf_weight=2283 157 1733 3288 15522 2650
leaf_count=2283 157 1733 3288 15522 2650
internal_value=0 -1.63193e-09 -5.11418e-09 -9.08769e-09 2.57604e-09
internal_weight=25633 22826 21093 18810 2807
internal_count=25633 22826 21093 18810 2807
is_linear=0
shrinkage=0.000132856


Tree=828
num_leaves=6
num_cat=0
split_feature=14 5 5 12 12
split_gain=4.49507e-06 2.7805e-05 5.6751e-05 2.91591e-05 1.46647e-05
threshold=0.022260593163273449 0.0060817964016657297 -0.00586002551363246 0.0028494289711873222 0.0041845415633522337
decision_type=2 2 2 2 2
left_child=1 2 -1 -4 -2
right_child=4 -3 3 -5 -6
leaf_value=0 0 0 0 -1.1541377612559485e-08 1.0228348785868262e-08
leaf_weight=2283 157 1733 3288 15522 2650
leaf_count=2283 157 1733 3288 15522 2650
internal_value=0 -1.63089e-09 -5.11305e-09 -9.08643e-09 2.57476e-09
internal_weight=25633 22826 21093 18810 2807
internal_count=25633 22826 21093 18810 2807
is_linear=0
shrinkage=0.000132856


Tree=829
num_leaves=6
num_cat=0
split_feature=14 5 5 12 12
split_gain=4.48962e-06 2.77956e-05 5.67402e-05 2.91525e-05 1.46616e-05
threshold=0.022260593163273449 0.0060817964016657297 -0.00586002551363246 0.0028494289711873222 0.0041845415633522337
decision_type=2 2 2 2 2
left_child=1 2 -1 -4 -2
right_child=4 -3 3 -5 -6
leaf_value=0 0 0 0 -1.1539844415555099e-08 1.022698954693055e-08
leaf_weight=2283 157 1733 3288 15522 2650
leaf_count=2283 157 1733 3288 15522 2650
internal_value=0 -1.62985e-09 -5.11192e-09 -9.08516e-09 2.57348e-09
internal_weight=25633 22826 21093 18810 2807
internal_count=25633 22826 21093 18810 2807
is_linear=0
shrinkage=0.000132856


Tree=830
num_leaves=6
num_cat=0
split_feature=14 5 5 12 12
split_gain=4.48418e-06 2.77862e-05 5.67295e-05 2.91459e-05 1.46585e-05
threshold=0.022260593163273449 0.0060817964016657297 -0.00586002551363246 0.0028494289711873222 0.0041845415633522337
decision_type=2 2 2 2 2
left_child=1 2 -1 -4 -2
right_child=4 -3 3 -5 -6
leaf_value=0 0 0 0 -1.1538311247534914e-08 1.0225632810307761e-08
leaf_weight=2283 157 1733 3288 15522 2650
leaf_count=2283 157 1733 3288 15522 2650
internal_value=0 -1.6288e-09 -5.11079e-09 -9.0839e-09 2.57219e-09
internal_weight=25633 22826 21093 18810 2807
internal_count=25633 22826 21093 18810 2807
is_linear=0
shrinkage=0.000132856


Tree=831
num_leaves=6
num_cat=0
split_feature=14 5 5 12 12
split_gain=4.47874e-06 2.77768e-05 5.67188e-05 2.91392e-05 1.46553e-05
threshold=0.022260593163273449 0.0060817964016657297 -0.00586002551363246 0.0028494289711873222 0.0041845415633522337
decision_type=2 2 2 2 2
left_child=1 2 -1 -4 -2
right_child=4 -3 3 -5 -6
leaf_value=0 0 0 0 -1.1536778919904763e-08 1.0224275128497114e-08
leaf_weight=2283 157 1733 3288 15522 2650
leaf_count=2283 157 1733 3288 15522 2650
internal_value=0 -1.62776e-09 -5.10966e-09 -9.08263e-09 2.57091e-09
internal_weight=25633 22826 21093 18810 2807
internal_count=25633 22826 21093 18810 2807
is_linear=0
shrinkage=0.000132856


Tree=832
num_leaves=8
num_cat=0
split_feature=5 7 1 5 2 0 9
split_gain=5.06056e-05 1.85439e-05 3.64785e-05 2.76138e-05 9.51516e-06 6.68432e-06 5.92156e-06
threshold=-0.0025697584393127855 0.003103723312667173 21164.860000000004 0.011679406640418223 111942.53500000002 27932.880000000001 105461.32593196727
decision_type=2 2 2 2 2 2 2
left_child=4 -2 -3 6 5 -1 -4
right_child=1 2 3 -5 -6 -7 -8
leaf_value=0 0 0 -1.4878409447434782e-08 0 0 1.5830668381089988e-08 0
leaf_weight=1093 10539 738 7059 477 172 4703 754
leaf_count=1093 10539 738 7059 477 172 4703 754
internal_value=0 0 -6.02052e-09 -1.08222e-08 1.22317e-08 1.35285e-08 -1.36615e-08
internal_weight=25535 19567 9028 8290 5968 5796 7813
internal_count=25535 19567 9028 8290 5968 5796 7813
is_linear=0
shrinkage=0.000132856


Tree=833
num_leaves=8
num_cat=0
split_feature=5 7 1 5 2 0 9
split_gain=5.05919e-05 1.85343e-05 3.64709e-05 2.76093e-05 9.51371e-06 6.68174e-06 5.91964e-06
threshold=-0.0025697584393127855 0.003103723312667173 21164.860000000004 0.011679406640418223 111942.53500000002 27932.880000000001 105461.32593196727
decision_type=2 2 2 2 2 2 2
left_child=4 -2 -3 6 5 -1 -4
right_child=1 2 3 -5 -6 -7 -8
leaf_value=0 0 0 -1.4876433450166247e-08 0 0 1.5828567078561244e-08 0
leaf_weight=1093 10539 738 7059 477 172 4703 754
leaf_count=1093 10539 738 7059 477 172 4703 754
internal_value=0 0 -6.01897e-09 -1.08206e-08 1.22301e-08 1.35268e-08 -1.36597e-08
internal_weight=25535 19567 9028 8290 5968 5796 7813
internal_count=25535 19567 9028 8290 5968 5796 7813
is_linear=0
shrinkage=0.000132856


Tree=834
num_leaves=8
num_cat=0
split_feature=5 7 1 5 2 0 9
split_gain=5.05782e-05 1.85248e-05 3.64633e-05 2.76048e-05 9.51226e-06 6.67916e-06 5.91771e-06
threshold=-0.0025697584393127855 0.003103723312667173 21164.860000000004 0.011679406640418223 111942.53500000002 27932.880000000001 105461.32593196727
decision_type=2 2 2 2 2 2 2
left_child=4 -2 -3 6 5 -1 -4
right_child=1 2 3 -5 -6 -7 -8
leaf_value=0 0 0 -1.48744575825676e-08 0 0 1.5826464163832022e-08 0
leaf_weight=1093 10539 738 7059 477 172 4703 754
leaf_count=1093 10539 738 7059 477 172 4703 754
internal_value=0 0 -6.01743e-09 -1.08189e-08 1.22284e-08 1.35251e-08 -1.36579e-08
internal_weight=25535 19567 9028 8290 5968 5796 7813
internal_count=25535 19567 9028 8290 5968 5796 7813
is_linear=0
shrinkage=0.000132856


Tree=835
num_leaves=8
num_cat=0
split_feature=5 7 1 5 2 0 9
split_gain=5.05645e-05 1.85153e-05 3.64557e-05 2.76003e-05 9.5108e-06 6.67658e-06 5.91579e-06
threshold=-0.0025697584393127855 0.003103723312667173 21164.860000000004 0.011679406640418223 111942.53500000002 27932.880000000001 105461.32593196727
decision_type=2 2 2 2 2 2 2
left_child=4 -2 -3 6 5 -1 -4
right_child=1 2 3 -5 -6 -7 -8
leaf_value=0 0 0 -1.4872482127984914e-08 0 0 1.5824362946987182e-08 0
leaf_weight=1093 10539 738 7059 477 172 4703 754
leaf_count=1093 10539 738 7059 477 172 4703 754
internal_value=0 0 -6.01588e-09 -1.08172e-08 1.22268e-08 1.35234e-08 -1.36561e-08
internal_weight=25535 19567 9028 8290 5968 5796 7813
internal_count=25535 19567 9028 8290 5968 5796 7813
is_linear=0
shrinkage=0.000132856


Tree=836
num_leaves=8
num_cat=0
split_feature=5 7 1 5 2 0 9
split_gain=5.05508e-05 1.85058e-05 3.64481e-05 2.75958e-05 9.50935e-06 6.674e-06 5.91387e-06
threshold=-0.0025697584393127855 0.003103723312667173 21164.860000000004 0.011679406640418223 111942.53500000002 27932.880000000001 105461.32593196727
decision_type=2 2 2 2 2 2 2
left_child=4 -2 -3 6 5 -1 -4
right_child=1 2 3 -5 -6 -7 -8
leaf_value=0 0 0 -1.4870506876577601e-08 0 0 1.5822260951302244e-08 0
leaf_weight=1093 10539 738 7059 477 172 4703 754
leaf_count=1093 10539 738 7059 477 172 4703 754
internal_value=0 0 -6.01434e-09 -1.08155e-08 1.22251e-08 1.35216e-08 -1.36543e-08
internal_weight=25535 19567 9028 8290 5968 5796 7813
internal_count=25535 19567 9028 8290 5968 5796 7813
is_linear=0
shrinkage=0.000132856


Tree=837
num_leaves=8
num_cat=0
split_feature=5 7 1 5 2 0 9
split_gain=5.05371e-05 1.84963e-05 3.64405e-05 2.75913e-05 9.5079e-06 6.67143e-06 5.91195e-06
threshold=-0.0025697584393127855 0.003103723312667173 21164.860000000004 0.011679406640418223 111942.53500000002 27932.880000000001 105461.32593196727
decision_type=2 2 2 2 2 2 2
left_child=4 -2 -3 6 5 -1 -4
right_child=1 2 3 -5 -6 -7 -8
leaf_value=0 0 0 -1.4868531784591894e-08 0 0 1.5820160558392941e-08 0
leaf_weight=1093 10539 738 7059 477 172 4703 754
leaf_count=1093 10539 738 7059 477 172 4703 754
internal_value=0 0 -6.01279e-09 -1.08138e-08 1.22234e-08 1.35199e-08 -1.36525e-08
internal_weight=25535 19567 9028 8290 5968 5796 7813
internal_count=25535 19567 9028 8290 5968 5796 7813
is_linear=0
shrinkage=0.000132856


Tree=838
num_leaves=8
num_cat=0
split_feature=5 7 1 5 2 0 9
split_gain=5.05234e-05 1.84868e-05 3.64329e-05 2.75869e-05 9.50645e-06 6.66885e-06 5.91003e-06
threshold=-0.0025697584393127855 0.003103723312667173 21164.860000000004 0.011679406640418223 111942.53500000002 27932.880000000001 105461.32593196727
decision_type=2 2 2 2 2 2 2
left_child=4 -2 -3 6 5 -1 -4
right_child=1 2 3 -5 -6 -7 -8
leaf_value=0 0 0 -1.4866556965060332e-08 0 0 1.5818059512209683e-08 0
leaf_weight=1093 10539 738 7059 477 172 4703 754
leaf_count=1093 10539 738 7059 477 172 4703 754
internal_value=0 0 -6.01125e-09 -1.08121e-08 1.22218e-08 1.35182e-08 -1.36508e-08
internal_weight=25535 19567 9028 8290 5968 5796 7813
internal_count=25535 19567 9028 8290 5968 5796 7813
is_linear=0
shrinkage=0.000132856


Tree=839
num_leaves=8
num_cat=0
split_feature=5 7 1 5 2 0 9
split_gain=5.05097e-05 1.84773e-05 3.64253e-05 2.75824e-05 9.50499e-06 6.66628e-06 5.90811e-06
threshold=-0.0025697584393127855 0.003103723312667173 21164.860000000004 0.011679406640418223 111942.53500000002 27932.880000000001 105461.32593196727
decision_type=2 2 2 2 2 2 2
left_child=4 -2 -3 6 5 -1 -4
right_child=1 2 3 -5 -6 -7 -8
leaf_value=0 0 0 -1.4864582384036579e-08 0 0 1.5815959116392029e-08 0
leaf_weight=1093 10539 738 7059 477 172 4703 754
leaf_count=1093 10539 738 7059 477 172 4703 754
internal_value=0 0 -6.0097e-09 -1.08105e-08 1.22201e-08 1.35165e-08 -1.3649e-08
internal_weight=25535 19567 9028 8290 5968 5796 7813
internal_count=25535 19567 9028 8290 5968 5796 7813
is_linear=0
shrinkage=0.000132856


Tree=840
num_leaves=10
num_cat=0
split_feature=5 13 5 12 6 12 13 6 7
split_gain=2.68444e-05 6.37513e-05 5.91732e-05 3.64285e-05 4.0552e-05 3.48956e-05 1.71381e-05 1.95293e-05 2.75887e-05
threshold=-0.0023375999585267255 0.0068029975272084825 0.0054441873383550563 0.003089093159623709 0.017240024818897085 0.0080152915877539799 0.0031375997178010426 -0.0048614122397679918 -0.0351233868025198
decision_type=2 2 2 2 2 2 2 2 2
left_child=1 -1 3 -2 6 -3 -5 -8 -9
right_child=2 5 -4 4 -6 -7 7 8 -10
leaf_value=0 0 0 0 0 0 3.2339918014597426e-08 0 0 -2.2819499503614898e-08
leaf_weight=4123 3923 309 2809 2612 361 1927 1756 496 7170
leaf_count=4123 3923 309 2809 2612 361 1927 1756 496 7170
internal_value=0 6.59235e-09 -3.21216e-09 -8.72304e-09 -1.23303e-08 2.50256e-08 -1.46991e-08 -1.75513e-08 -2.05802e-08
internal_weight=25486 6359 19127 16318 12395 2236 12034 9422 7666
internal_count=25486 6359 19127 16318 12395 2236 12034 9422 7666
is_linear=0
shrinkage=0.000132856


Tree=841
num_leaves=10
num_cat=0
split_feature=5 13 5 12 6 12 13 6 7
split_gain=2.68303e-05 6.3734e-05 5.91596e-05 3.64196e-05 4.05461e-05 3.48887e-05 1.71311e-05 1.95219e-05 2.75831e-05
threshold=-0.0023375999585267255 0.0068029975272084825 0.0054441873383550563 0.003089093159623709 0.017240024818897085 0.0080152915877539799 0.0031375997178010426 -0.0048614122397679918 -0.0351233868025198
decision_type=2 2 2 2 2 2 2 2 2
left_child=1 -1 3 -2 6 -3 -5 -8 -9
right_child=2 5 -4 4 -6 -7 7 8 -10
leaf_value=0 0 0 0 0 0 3.2335627156030996e-08 0 0 -2.2816468081190557e-08
leaf_weight=4123 3923 309 2809 2612 361 1927 1756 496 7170
leaf_count=4123 3923 309 2809 2612 361 1927 1756 496 7170
internal_value=0 6.59104e-09 -3.21102e-09 -8.7217e-09 -1.23285e-08 2.50219e-08 -1.46973e-08 -1.7549e-08 -2.05773e-08
internal_weight=25486 6359 19127 16318 12395 2236 12034 9422 7666
internal_count=25486 6359 19127 16318 12395 2236 12034 9422 7666
is_linear=0
shrinkage=0.000132856


Tree=842
num_leaves=10
num_cat=0
split_feature=5 13 5 12 6 12 13 6 7
split_gain=2.68162e-05 6.37167e-05 5.9146e-05 3.64108e-05 4.05403e-05 3.48819e-05 1.71241e-05 1.95144e-05 2.75776e-05
threshold=-0.0023375999585267255 0.0068029975272084825 0.0054441873383550563 0.003089093159623709 0.017240024818897085 0.0080152915877539799 0.0031375997178010426 -0.0048614122397679918 -0.0351233868025198
decision_type=2 2 2 2 2 2 2 2 2
left_child=1 -1 3 -2 6 -3 -5 -8 -9
right_child=2 5 -4 4 -6 -7 7 8 -10
leaf_value=0 0 0 0 0 0 3.2331334748817797e-08 0 0 -2.2813438319702052e-08
leaf_weight=4123 3923 309 2809 2612 361 1927 1756 496 7170
leaf_count=4123 3923 309 2809 2612 361 1927 1756 496 7170
internal_value=0 6.58974e-09 -3.20988e-09 -8.72037e-09 -1.23268e-08 2.50182e-08 -1.46955e-08 -1.75467e-08 -2.05745e-08
internal_weight=25486 6359 19127 16318 12395 2236 12034 9422 7666
internal_count=25486 6359 19127 16318 12395 2236 12034 9422 7666
is_linear=0
shrinkage=0.000132856


Tree=843
num_leaves=10
num_cat=0
split_feature=5 13 5 12 6 12 13 6 7
split_gain=2.68021e-05 6.36994e-05 5.91325e-05 3.64019e-05 4.05345e-05 3.4875e-05 1.71171e-05 1.9507e-05 2.75721e-05
threshold=-0.0023375999585267255 0.0068029975272084825 0.0054441873383550563 0.003089093159623709 0.017240024818897085 0.0080152915877539799 0.0031375997178010426 -0.0048614122397679918 -0.0351233868025198
decision_type=2 2 2 2 2 2 2 2 2
left_child=1 -1 3 -2 6 -3 -5 -8 -9
right_child=2 5 -4 4 -6 -7 7 8 -10
leaf_value=0 0 0 0 0 0 3.2327045153533741e-08 0 0 -2.2810407635876926e-08
leaf_weight=4123 3923 309 2809 2612 361 1927 1756 496 7170
leaf_count=4123 3923 309 2809 2612 361 1927 1756 496 7170
internal_value=0 6.58844e-09 -3.20875e-09 -8.71904e-09 -1.2325e-08 2.50145e-08 -1.46937e-08 -1.75444e-08 -2.05717e-08
internal_weight=25486 6359 19127 16318 12395 2236 12034 9422 7666
internal_count=25486 6359 19127 16318 12395 2236 12034 9422 7666
is_linear=0
shrinkage=0.000132856


Tree=844
num_leaves=10
num_cat=0
split_feature=5 13 5 12 6 12 13 6 7
split_gain=2.67881e-05 6.36822e-05 5.91189e-05 3.6393e-05 4.05286e-05 3.48682e-05 1.711e-05 1.94995e-05 2.75666e-05
threshold=-0.0023375999585267255 0.0068029975272084825 0.0054441873383550563 0.003089093159623709 0.017240024818897085 0.0080152915877539799 0.0031375997178010426 -0.0048614122397679918 -0.0351233868025198
decision_type=2 2 2 2 2 2 2 2 2
left_child=1 -1 3 -2 6 -3 -5 -8 -9
right_child=2 5 -4 4 -6 -7 7 8 -10
leaf_value=0 0 0 0 0 0 3.2322756020056476e-08 0 0 -2.2807378668057471e-08
leaf_weight=4123 3923 309 2809 2612 361 1927 1756 496 7170
leaf_count=4123 3923 309 2809 2612 361 1927 1756 496 7170
internal_value=0 6.58714e-09 -3.20761e-09 -8.71771e-09 -1.23233e-08 2.50108e-08 -1.46919e-08 -1.75421e-08 -2.05688e-08
internal_weight=25486 6359 19127 16318 12395 2236 12034 9422 7666
internal_count=25486 6359 19127 16318 12395 2236 12034 9422 7666
is_linear=0
shrinkage=0.000132856


Tree=845
num_leaves=10
num_cat=0
split_feature=5 13 5 12 6 12 13 6 7
split_gain=2.6774e-05 6.36649e-05 5.91053e-05 3.63841e-05 4.05228e-05 3.48613e-05 1.7103e-05 1.94921e-05 2.75611e-05
threshold=-0.0023375999585267255 0.0068029975272084825 0.0054441873383550563 0.003089093159623709 0.017240024818897085 0.0080152915877539799 0.0031375997178010426 -0.0048614122397679918 -0.0351233868025198
decision_type=2 2 2 2 2 2 2 2 2
left_child=1 -1 3 -2 6 -3 -5 -8 -9
right_child=2 5 -4 4 -6 -7 7 8 -10
leaf_value=0 0 0 0 0 0 3.2318464324500487e-08 0 0 -2.2804348871313744e-08
leaf_weight=4123 3923 309 2809 2612 361 1927 1756 496 7170
leaf_count=4123 3923 309 2809 2612 361 1927 1756 496 7170
internal_value=0 6.58584e-09 -3.20648e-09 -8.71638e-09 -1.23215e-08 2.50071e-08 -1.46901e-08 -1.75397e-08 -2.0566e-08
internal_weight=25486 6359 19127 16318 12395 2236 12034 9422 7666
internal_count=25486 6359 19127 16318 12395 2236 12034 9422 7666
is_linear=0
shrinkage=0.000132856


Tree=846
num_leaves=10
num_cat=0
split_feature=5 13 5 12 6 12 13 6 7
split_gain=2.67599e-05 6.36476e-05 5.90918e-05 3.63753e-05 4.0517e-05 3.48545e-05 1.7096e-05 1.94846e-05 2.75556e-05
threshold=-0.0023375999585267255 0.0068029975272084825 0.0054441873383550563 0.003089093159623709 0.017240024818897085 0.0080152915877539799 0.0031375997178010426 -0.0048614122397679918 -0.0351233868025198
decision_type=2 2 2 2 2 2 2 2 2
left_child=1 -1 3 -2 6 -3 -5 -8 -9
right_child=2 5 -4 4 -6 -7 7 8 -10
leaf_value=0 0 0 0 0 0 3.2314177413746294e-08 0 0 -2.2801320419611357e-08
leaf_weight=4123 3923 309 2809 2612 361 1927 1756 496 7170
leaf_count=4123 3923 309 2809 2612 361 1927 1756 496 7170
internal_value=0 6.58454e-09 -3.20534e-09 -8.71505e-09 -1.23198e-08 2.50034e-08 -1.46883e-08 -1.75374e-08 -2.05632e-08
internal_weight=25486 6359 19127 16318 12395 2236 12034 9422 7666
internal_count=25486 6359 19127 16318 12395 2236 12034 9422 7666
is_linear=0
shrinkage=0.000132856


Tree=847
num_leaves=10
num_cat=0
split_feature=5 13 5 12 6 12 13 6 7
split_gain=2.67459e-05 6.36304e-05 5.90782e-05 3.63664e-05 4.05112e-05 3.48476e-05 1.7089e-05 1.94772e-05 2.75501e-05
threshold=-0.0023375999585267255 0.0068029975272084825 0.0054441873383550563 0.003089093159623709 0.017240024818897085 0.0080152915877539799 0.0031375997178010426 -0.0048614122397679918 -0.0351233868025198
decision_type=2 2 2 2 2 2 2 2 2
left_child=1 -1 3 -2 6 -3 -5 -8 -9
right_child=2 5 -4 4 -6 -7 7 8 -10
leaf_value=0 0 0 0 0 0 3.2309889391473969e-08 0 0 -2.2798291457391551e-08
leaf_weight=4123 3923 309 2809 2612 361 1927 1756 496 7170
leaf_count=4123 3923 309 2809 2612 361 1927 1756 496 7170
internal_value=0 6.58324e-09 -3.2042e-09 -8.71371e-09 -1.2318e-08 2.49997e-08 -1.46865e-08 -1.75351e-08 -2.05603e-08
internal_weight=25486 6359 19127 16318 12395 2236 12034 9422 7666
internal_count=25486 6359 19127 16318 12395 2236 12034 9422 7666
is_linear=0
shrinkage=0.000132856


Tree=848
num_leaves=7
num_cat=0
split_feature=14 7 4 10 4 15
split_gain=4.51999e-05 7.44375e-05 0.000163609 0.000162677 5.2163e-05 6.39502e-05
threshold=0.0046431645099150884 -0.058121738133028782 1660.9699300000002 23151.257872734863 11708.638891500001 -937.3584485839491
decision_type=2 2 2 2 2 2
left_child=1 -1 -3 -4 5 -5
right_child=-2 2 3 4 -6 -7
leaf_value=0 0 0 0 0 0 -4.931931381628455e-08
leaf_weight=751 9235 9210 2137 113 174 4157
leaf_count=751 9235 9210 2137 113 174 4157
internal_value=-2.75988e-09 -7.75189e-09 -1.20889e-08 -2.80939e-08 -4.25961e-08 -4.58677e-08
internal_weight=25777 16542 15791 6581 4444 4270
internal_count=25777 16542 15791 6581 4444 4270
is_linear=0
shrinkage=0.000132856


Tree=849
num_leaves=7
num_cat=0
split_feature=14 7 4 10 4 15
split_gain=4.51845e-05 7.44241e-05 0.000163559 0.000162632 5.21529e-05 6.39395e-05
threshold=0.0046431645099150884 -0.058121738133028782 1660.9699300000002 23151.257872734863 11708.638891500001 -937.3584485839491
decision_type=2 2 2 2 2 2
left_child=1 -1 -3 -4 5 -5
right_child=-2 2 3 4 -6 -7
leaf_value=0 0 0 0 0 0 -4.9312764767291377e-08
leaf_weight=751 9235 9210 2137 113 174 4157
leaf_count=751 9235 9210 2137 113 174 4157
internal_value=-2.75882e-09 -7.75024e-09 -1.20872e-08 -2.80897e-08 -4.259e-08 -4.58613e-08
internal_weight=25777 16542 15791 6581 4444 4270
internal_count=25777 16542 15791 6581 4444 4270
is_linear=0
shrinkage=0.000132856


Tree=850
num_leaves=7
num_cat=0
split_feature=14 7 4 10 4 15
split_gain=4.51691e-05 7.44107e-05 0.00016351 0.000162587 5.21428e-05 6.39289e-05
threshold=0.0046431645099150884 -0.058121738133028782 1660.9699300000002 23151.257872734863 11708.638891500001 -937.3584485839491
decision_type=2 2 2 2 2 2
left_child=1 -1 -3 -4 5 -5
right_child=-2 2 3 4 -6 -7
leaf_value=0 0 0 0 0 0 -4.9306216110341329e-08
leaf_weight=751 9235 9210 2137 113 174 4157
leaf_count=751 9235 9210 2137 113 174 4157
internal_value=-2.75777e-09 -7.7486e-09 -1.20855e-08 -2.80856e-08 -4.25838e-08 -4.58549e-08
internal_weight=25777 16542 15791 6581 4444 4270
internal_count=25777 16542 15791 6581 4444 4270
is_linear=0
shrinkage=0.000132856


Tree=851
num_leaves=7
num_cat=0
split_feature=14 7 4 10 4 15
split_gain=4.51537e-05 7.43973e-05 0.00016346 0.000162542 5.21327e-05 6.39182e-05
threshold=0.0046431645099150884 -0.058121738133028782 1660.9699300000002 23151.257872734863 11708.638891500001 -937.3584485839491
decision_type=2 2 2 2 2 2
left_child=1 -1 -3 -4 5 -5
right_child=-2 2 3 4 -6 -7
leaf_value=0 0 0 0 0 0 -4.9299668236533333e-08
leaf_weight=751 9235 9210 2137 113 174 4157
leaf_count=751 9235 9210 2137 113 174 4157
internal_value=-2.75671e-09 -7.74695e-09 -1.20837e-08 -2.80815e-08 -4.25777e-08 -4.58485e-08
internal_weight=25777 16542 15791 6581 4444 4270
internal_count=25777 16542 15791 6581 4444 4270
is_linear=0
shrinkage=0.000132856


Tree=852
num_leaves=7
num_cat=0
split_feature=14 7 4 10 4 15
split_gain=4.51383e-05 7.43839e-05 0.000163411 0.000162498 5.21226e-05 6.39076e-05
threshold=0.0046431645099150884 -0.058121738133028782 1660.9699300000002 23151.257872734863 11708.638891500001 -937.3584485839491
decision_type=2 2 2 2 2 2
left_child=1 -1 -3 -4 5 -5
right_child=-2 2 3 4 -6 -7
leaf_value=0 0 0 0 0 0 -4.929312286185682e-08
leaf_weight=751 9235 9210 2137 113 174 4157
leaf_count=751 9235 9210 2137 113 174 4157
internal_value=-2.75565e-09 -7.74531e-09 -1.2082e-08 -2.80773e-08 -4.25716e-08 -4.58422e-08
internal_weight=25777 16542 15791 6581 4444 4270
internal_count=25777 16542 15791 6581 4444 4270
is_linear=0
shrinkage=0.000132856


Tree=853
num_leaves=7
num_cat=0
split_feature=14 7 4 10 4 15
split_gain=4.51229e-05 7.43706e-05 0.000163362 0.000162453 5.21125e-05 6.38969e-05
threshold=0.0046431645099150884 -0.058121738133028782 1660.9699300000002 23151.257872734863 11708.638891500001 -937.3584485839491
decision_type=2 2 2 2 2 2
left_child=1 -1 -3 -4 5 -5
right_child=-2 2 3 4 -6 -7
leaf_value=0 0 0 0 0 0 -4.9286575831110776e-08
leaf_weight=751 9235 9210 2137 113 174 4157
leaf_count=751 9235 9210 2137 113 174 4157
internal_value=-2.7546e-09 -7.74366e-09 -1.20803e-08 -2.80732e-08 -4.25655e-08 -4.58358e-08
internal_weight=25777 16542 15791 6581 4444 4270
internal_count=25777 16542 15791 6581 4444 4270
is_linear=0
shrinkage=0.000132856


Tree=854
num_leaves=7
num_cat=0
split_feature=14 7 4 10 4 15
split_gain=4.51075e-05 7.43572e-05 0.000163312 0.000162408 5.21024e-05 6.38863e-05
threshold=0.0046431645099150884 -0.058121738133028782 1660.9699300000002 23151.257872734863 11708.638891500001 -937.3584485839491
decision_type=2 2 2 2 2 2
left_child=1 -1 -3 -4 5 -5
right_child=-2 2 3 4 -6 -7
leaf_value=0 0 0 0 0 0 -4.9280032276415549e-08
leaf_weight=751 9235 9210 2137 113 174 4157
leaf_count=751 9235 9210 2137 113 174 4157
internal_value=-2.75354e-09 -7.74202e-09 -1.20786e-08 -2.80691e-08 -4.25593e-08 -4.58294e-08
internal_weight=25777 16542 15791 6581 4444 4270
internal_count=25777 16542 15791 6581 4444 4270
is_linear=0
shrinkage=0.000132856


Tree=855
num_leaves=7
num_cat=0
split_feature=14 7 4 10 4 15
split_gain=4.50921e-05 7.43438e-05 0.000163263 0.000162364 5.20923e-05 6.38756e-05
threshold=0.0046431645099150884 -0.058121738133028782 1660.9699300000002 23151.257872734863 11708.638891500001 -937.3584485839491
decision_type=2 2 2 2 2 2
left_child=1 -1 -3 -4 5 -5
right_child=-2 2 3 4 -6 -7
leaf_value=0 0 0 0 0 0 -4.9273487702791687e-08
leaf_weight=751 9235 9210 2137 113 174 4157
leaf_count=751 9235 9210 2137 113 174 4157
internal_value=-2.75249e-09 -7.74037e-09 -1.20769e-08 -2.80649e-08 -4.25532e-08 -4.5823e-08
internal_weight=25777 16542 15791 6581 4444 4270
internal_count=25777 16542 15791 6581 4444 4270
is_linear=0
shrinkage=0.000132856


Tree=856
num_leaves=6
num_cat=0
split_feature=11 5 5 14 14
split_gain=4.28015e-06 5.56448e-05 4.31281e-05 1.91305e-06 3.89212e-07
threshold=64.333030498404256 -0.0020786733495172789 0.0045445677991116104 0.071236411869651031 0.0012031788329013306
decision_type=2 2 2 2 2
left_child=1 -1 -3 4 -2
right_child=3 2 -4 -5 -6
leaf_value=0 0 -1.2336959989715459e-08 0 0 2.9215460174204837e-09
leaf_weight=5876 119 11929 2400 196 5114
leaf_count=5876 119 11929 2400 196 5114
internal_value=0 -1.89436e-09 -8.57869e-09 7.47163e-10 2.65126e-09
internal_weight=25634 20205 14329 5429 5233
internal_count=25634 20205 14329 5429 5233
is_linear=0
shrinkage=0.000132856


Tree=857
num_leaves=6
num_cat=0
split_feature=11 5 5 14 14
split_gain=4.27578e-06 5.563e-05 4.31198e-05 1.91262e-06 3.89151e-07
threshold=64.333030498404256 -0.0020786733495172789 0.0045445677991116104 0.071236411869651031 0.0012031788329013306
decision_type=2 2 2 2 2
left_child=1 -1 -3 4 -2
right_child=3 2 -4 -5 -6
leaf_value=0 0 -1.2335320933120704e-08 0 0 2.9211577786261555e-09
leaf_weight=5876 119 11929 2400 196 5114
leaf_count=5876 119 11929 2400 196 5114
internal_value=0 -1.8934e-09 -8.57733e-09 7.46798e-10 2.65088e-09
internal_weight=25634 20205 14329 5429 5233
internal_count=25634 20205 14329 5429 5233
is_linear=0
shrinkage=0.000132856


Tree=858
num_leaves=6
num_cat=0
split_feature=11 5 5 14 14
split_gain=4.27142e-06 5.56152e-05 4.31115e-05 1.91219e-06 3.8909e-07
threshold=64.333030498404256 -0.0020786733495172789 0.0045445677991116104 0.071236411869651031 0.0012031788329013306
decision_type=2 2 2 2 2
left_child=1 -1 -3 4 -2
right_child=3 2 -4 -5 -6
leaf_value=0 0 -1.2333682679777672e-08 0 0 2.9207692758770429e-09
leaf_weight=5876 119 11929 2400 196 5114
leaf_count=5876 119 11929 2400 196 5114
internal_value=0 -1.89243e-09 -8.57596e-09 7.46432e-10 2.6505e-09
internal_weight=25634 20205 14329 5429 5233
internal_count=25634 20205 14329 5429 5233
is_linear=0
shrinkage=0.000132856


Tree=859
num_leaves=6
num_cat=0
split_feature=11 5 5 14 14
split_gain=4.26706e-06 5.56004e-05 4.31032e-05 1.91177e-06 3.89029e-07
threshold=64.333030498404256 -0.0020786733495172789 0.0045445677991116104 0.071236411869651031 0.0012031788329013306
decision_type=2 2 2 2 2
left_child=1 -1 -3 4 -2
right_child=3 2 -4 -5 -6
leaf_value=0 0 -1.2332044252347988e-08 0 0 2.9203819577419692e-09
leaf_weight=5876 119 11929 2400 196 5114
leaf_count=5876 119 11929 2400 196 5114
internal_value=0 -1.89146e-09 -8.5746e-09 7.46067e-10 2.65012e-09
internal_weight=25634 20205 14329 5429 5233
internal_count=25634 20205 14329 5429 5233
is_linear=0
shrinkage=0.000132856


Tree=860
num_leaves=6
num_cat=0
split_feature=11 5 5 14 14
split_gain=4.26271e-06 5.55856e-05 4.30948e-05 1.91134e-06 3.88969e-07
threshold=64.333030498404256 -0.0020786733495172789 0.0045445677991116104 0.071236411869651031 0.0012031788329013306
decision_type=2 2 2 2 2
left_child=1 -1 -3 4 -2
right_child=3 2 -4 -5 -6
leaf_value=0 0 -1.2330405937978351e-08 0 0 2.9199943864225372e-09
leaf_weight=5876 119 11929 2400 196 5114
leaf_count=5876 119 11929 2400 196 5114
internal_value=0 -1.89049e-09 -8.57323e-09 7.45702e-10 2.64974e-09
internal_weight=25634 20205 14329 5429 5233
internal_count=25634 20205 14329 5429 5233
is_linear=0
shrinkage=0.000132856


Tree=861
num_leaves=6
num_cat=0
split_feature=11 5 5 14 14
split_gain=4.25835e-06 5.55708e-05 4.30865e-05 1.91091e-06 3.88908e-07
threshold=64.333030498404256 -0.0020786733495172789 0.0045445677991116104 0.071236411869651031 0.0012031788329013306
decision_type=2 2 2 2 2
left_child=1 -1 -3 4 -2
right_child=3 2 -4 -5 -6
leaf_value=0 0 -1.2328768340163341e-08 0 0 2.9196068360771323e-09
leaf_weight=5876 119 11929 2400 196 5114
leaf_count=5876 119 11929 2400 196 5114
internal_value=0 -1.88953e-09 -8.57187e-09 7.45337e-10 2.64936e-09
internal_weight=25634 20205 14329 5429 5233
internal_count=25634 20205 14329 5429 5233
is_linear=0
shrinkage=0.000132856


Tree=862
num_leaves=6
num_cat=0
split_feature=11 5 5 14 14
split_gain=4.254e-06 5.5556e-05 4.30782e-05 1.91048e-06 3.88847e-07
threshold=64.333030498404256 -0.0020786733495172789 0.0045445677991116104 0.071236411869651031 0.0012031788329013306
decision_type=2 2 2 2 2
left_child=1 -1 -3 4 -2
right_child=3 2 -4 -5 -6
leaf_value=0 0 -1.2327130627265329e-08 0 0 2.9192181346364242e-09
leaf_weight=5876 119 11929 2400 196 5114
leaf_count=5876 119 11929 2400 196 5114
internal_value=0 -1.88856e-09 -8.57051e-09 7.44971e-10 2.64898e-09
internal_weight=25634 20205 14329 5429 5233
internal_count=25634 20205 14329 5429 5233
is_linear=0
shrinkage=0.000132856


Tree=863
num_leaves=6
num_cat=0
split_feature=11 5 5 14 14
split_gain=4.24966e-06 5.55412e-05 4.30699e-05 1.91005e-06 3.88786e-07
threshold=64.333030498404256 -0.0020786733495172789 0.0045445677991116104 0.071236411869651031 0.0012031788329013306
decision_type=2 2 2 2 2
left_child=1 -1 -3 4 -2
right_child=3 2 -4 -5 -6
leaf_value=0 0 -1.2325493029662994e-08 0 0 2.9188310739007368e-09
leaf_weight=5876 119 11929 2400 196 5114
leaf_count=5876 119 11929 2400 196 5114
internal_value=0 -1.88759e-09 -8.56914e-09 7.44606e-10 2.6486e-09
internal_weight=25634 20205 14329 5429 5233
internal_count=25634 20205 14329 5429 5233
is_linear=0
shrinkage=0.000132856


Tree=864
num_leaves=10
num_cat=0
split_feature=4 14 4 11 11 5 10 7 10
split_gain=1.6985e-05 3.86837e-05 6.31935e-05 9.41929e-05 8.36999e-05 9.55833e-05 0.00013538 7.97622e-05 6.86639e-05
threshold=7744.7547760000007 0.027067761153316442 2346.7892700000007 15.13883709560721 64.569397841349286 0.01611157229307492 22980.293481177301 0.032857569465956867 83658.360349535258
decision_type=2 2 2 2 2 2 2 2 2
left_child=1 2 -1 -4 5 6 -5 8 -8
right_child=-2 -3 3 4 -6 -7 7 -9 -10
leaf_value=0 0 0 0 0 0 0 -6.384169722901735e-08 0 0
leaf_weight=15708 2594 1765 114 1186 711 133 2926 245 180
leaf_count=15708 2594 1765 114 1186 711 133 2926 245 180
internal_value=0 -3.6127e-09 -6.80716e-09 -1.95359e-08 -2.64307e-08 -3.34828e-08 -3.90593e-08 -5.27055e-08 -5.87349e-08
internal_weight=25562 22968 21203 5495 5381 4670 4537 3351 3106
internal_count=25562 22968 21203 5495 5381 4670 4537 3351 3106
is_linear=0
shrinkage=0.000132856


Tree=865
num_leaves=10
num_cat=0
split_feature=4 14 4 11 11 5 10 7 10
split_gain=1.69749e-05 3.86747e-05 6.31577e-05 9.41735e-05 8.36801e-05 9.55676e-05 0.000135342 7.97452e-05 6.86496e-05
threshold=7744.7547760000007 0.027067761153316442 2346.7892700000007 15.13883709560721 64.569397841349286 0.01611157229307492 22980.293481177301 0.032857569465956867 83658.360349535258
decision_type=2 2 2 2 2 2 2 2 2
left_child=1 2 -1 -4 5 6 -5 8 -8
right_child=-2 -3 3 4 -6 -7 7 -9 -10
leaf_value=0 0 0 0 0 0 0 -6.3833222271432871e-08 0 0
leaf_weight=15708 2594 1765 114 1186 711 133 2926 245 180
leaf_count=15708 2594 1765 114 1186 711 133 2926 245 180
internal_value=0 -3.61162e-09 -6.80599e-09 -1.95314e-08 -2.64261e-08 -3.34775e-08 -3.90538e-08 -5.26981e-08 -5.8727e-08
internal_weight=25562 22968 21203 5495 5381 4670 4537 3351 3106
internal_count=25562 22968 21203 5495 5381 4670 4537 3351 3106
is_linear=0
shrinkage=0.000132856


Tree=866
num_leaves=10
num_cat=0
split_feature=4 14 4 11 11 5 10 7 10
split_gain=1.69647e-05 3.86657e-05 6.31219e-05 9.41542e-05 8.36602e-05 9.55519e-05 0.000135303 7.97283e-05 6.86352e-05
threshold=7744.7547760000007 0.027067761153316442 2346.7892700000007 15.13883709560721 64.569397841349286 0.01611157229307492 22980.293481177301 0.032857569465956867 83658.360349535258
decision_type=2 2 2 2 2 2 2 2 2
left_child=1 2 -1 -4 5 6 -5 8 -8
right_child=-2 -3 3 4 -6 -7 7 -9 -10
leaf_value=0 0 0 0 0 0 0 -6.3824746293937422e-08 0 0
leaf_weight=15708 2594 1765 114 1186 711 133 2926 245 180
leaf_count=15708 2594 1765 114 1186 711 133 2926 245 180
internal_value=0 -3.61054e-09 -6.80482e-09 -1.95269e-08 -2.64215e-08 -3.34722e-08 -3.90484e-08 -5.26907e-08 -5.8719e-08
internal_weight=25562 22968 21203 5495 5381 4670 4537 3351 3106
internal_count=25562 22968 21203 5495 5381 4670 4537 3351 3106
is_linear=0
shrinkage=0.000132856


Tree=867
num_leaves=10
num_cat=0
split_feature=4 14 4 11 11 5 10 7 10
split_gain=1.69546e-05 3.86567e-05 6.30862e-05 9.41348e-05 8.36404e-05 9.55362e-05 0.000135265 7.97113e-05 6.86209e-05
threshold=7744.7547760000007 0.027067761153316442 2346.7892700000007 15.13883709560721 64.569397841349286 0.01611157229307492 22980.293481177301 0.032857569465956867 83658.360349535258
decision_type=2 2 2 2 2 2 2 2 2
left_child=1 2 -1 -4 5 6 -5 8 -8
right_child=-2 -3 3 4 -6 -7 7 -9 -10
leaf_value=0 0 0 0 0 0 0 -6.3816274781217966e-08 0 0
leaf_weight=15708 2594 1765 114 1186 711 133 2926 245 180
leaf_count=15708 2594 1765 114 1186 711 133 2926 245 180
internal_value=0 -3.60946e-09 -6.80365e-09 -1.95224e-08 -2.64169e-08 -3.34669e-08 -3.90429e-08 -5.26833e-08 -5.8711e-08
internal_weight=25562 22968 21203 5495 5381 4670 4537 3351 3106
internal_count=25562 22968 21203 5495 5381 4670 4537 3351 3106
is_linear=0
shrinkage=0.000132856


Tree=868
num_leaves=10
num_cat=0
split_feature=4 14 4 11 11 5 10 7 10
split_gain=1.69444e-05 3.86477e-05 6.30504e-05 9.41154e-05 8.36206e-05 9.55205e-05 0.000135227 7.96944e-05 6.86065e-05
threshold=7744.7547760000007 0.027067761153316442 2346.7892700000007 15.13883709560721 64.569397841349286 0.01611157229307492 22980.293481177301 0.032857569465956867 83658.360349535258
decision_type=2 2 2 2 2 2 2 2 2
left_child=1 2 -1 -4 5 6 -5 8 -8
right_child=-2 -3 3 4 -6 -7 7 -9 -10
leaf_value=0 0 0 0 0 0 0 -6.3807801618812126e-08 0 0
leaf_weight=15708 2594 1765 114 1186 711 133 2926 245 180
leaf_count=15708 2594 1765 114 1186 711 133 2926 245 180
internal_value=0 -3.60838e-09 -6.80248e-09 -1.95179e-08 -2.64123e-08 -3.34616e-08 -3.90374e-08 -5.26759e-08 -5.8703e-08
internal_weight=25562 22968 21203 5495 5381 4670 4537 3351 3106
internal_count=25562 22968 21203 5495 5381 4670 4537 3351 3106
is_linear=0
shrinkage=0.000132856


Tree=869
num_leaves=10
num_cat=0
split_feature=4 14 4 11 11 5 10 7 10
split_gain=1.69343e-05 3.86388e-05 6.30147e-05 9.4096e-05 8.36008e-05 9.55049e-05 0.000135188 7.96775e-05 6.85922e-05
threshold=7744.7547760000007 0.027067761153316442 2346.7892700000007 15.13883709560721 64.569397841349286 0.01611157229307492 22980.293481177301 0.032857569465956867 83658.360349535258
decision_type=2 2 2 2 2 2 2 2 2
left_child=1 2 -1 -4 5 6 -5 8 -8
right_child=-2 -3 3 4 -6 -7 7 -9 -10
leaf_value=0 0 0 0 0 0 0 -6.379933127973873e-08 0 0
leaf_weight=15708 2594 1765 114 1186 711 133 2926 245 180
leaf_count=15708 2594 1765 114 1186 711 133 2926 245 180
internal_value=0 -3.6073e-09 -6.80131e-09 -1.95134e-08 -2.64077e-08 -3.34563e-08 -3.9032e-08 -5.26685e-08 -5.8695e-08
internal_weight=25562 22968 21203 5495 5381 4670 4537 3351 3106
internal_count=25562 22968 21203 5495 5381 4670 4537 3351 3106
is_linear=0
shrinkage=0.000132856


Tree=870
num_leaves=10
num_cat=0
split_feature=4 14 4 11 11 5 10 7 10
split_gain=1.69242e-05 3.86298e-05 6.29789e-05 9.40766e-05 8.3581e-05 9.54892e-05 0.00013515 7.96605e-05 6.85778e-05
threshold=7744.7547760000007 0.027067761153316442 2346.7892700000007 15.13883709560721 64.569397841349286 0.01611157229307492 22980.293481177301 0.032857569465956867 83658.360349535258
decision_type=2 2 2 2 2 2 2 2 2
left_child=1 2 -1 -4 5 6 -5 8 -8
right_child=-2 -3 3 4 -6 -7 7 -9 -10
leaf_value=0 0 0 0 0 0 0 -6.3790859680062262e-08 0 0
leaf_weight=15708 2594 1765 114 1186 711 133 2926 245 180
leaf_count=15708 2594 1765 114 1186 711 133 2926 245 180
internal_value=0 -3.60622e-09 -6.80014e-09 -1.95089e-08 -2.64031e-08 -3.34509e-08 -3.90265e-08 -5.26611e-08 -5.8687e-08
internal_weight=25562 22968 21203 5495 5381 4670 4537 3351 3106
internal_count=25562 22968 21203 5495 5381 4670 4537 3351 3106
is_linear=0
shrinkage=0.000132856


Tree=871
num_leaves=10
num_cat=0
split_feature=4 14 4 11 11 5 10 7 10
split_gain=1.6914e-05 3.86208e-05 6.29432e-05 9.40573e-05 8.35612e-05 9.54735e-05 0.000135112 7.96436e-05 6.85635e-05
threshold=7744.7547760000007 0.027067761153316442 2346.7892700000007 15.13883709560721 64.569397841349286 0.01611157229307492 22980.293481177301 0.032857569465956867 83658.360349535258
decision_type=2 2 2 2 2 2 2 2 2
left_child=1 2 -1 -4 5 6 -5 8 -8
right_child=-2 -3 3 4 -6 -7 7 -9 -10
leaf_value=0 0 0 0 0 0 0 -6.3782392523476685e-08 0 0
leaf_weight=15708 2594 1765 114 1186 711 133 2926 245 180
leaf_count=15708 2594 1765 114 1186 711 133 2926 245 180
internal_value=0 -3.60514e-09 -6.79897e-09 -1.95043e-08 -2.63985e-08 -3.34456e-08 -3.9021e-08 -5.26537e-08 -5.86791e-08
internal_weight=25562 22968 21203 5495 5381 4670 4537 3351 3106
internal_count=25562 22968 21203 5495 5381 4670 4537 3351 3106
is_linear=0
shrinkage=0.000132856


Tree=872
num_leaves=15
num_cat=0
split_feature=12 5 6 4 5 4 13 6 15 4 7 12 13 15
split_gain=3.74612e-05 5.30901e-05 6.82321e-05 5.46777e-05 6.97546e-05 4.73243e-05 4.26226e-05 3.72604e-05 2.44078e-05 2.0273e-05 1.66492e-05 1.73281e-05 1.65364e-05 1.31943e-05
threshold=0.015117989945162639 0.0060817964016657297 -0.005676067186676236 648.19859000000008 -0.0025697584393127855 10422.870945000001 0.001344793122143051 -0.0026561294326404856 924.5494298003033 21995.201495000005 -0.048049618726535674 0.0021117660892345665 0.0058755683532553966 924.5494298003033
decision_type=2 2 2 2 2 2 2 2 2 2 2 2 2 2
left_child=1 2 -1 -4 -5 6 -6 -8 9 12 -9 -12 -2 -13
right_child=8 -3 3 4 5 -7 7 10 -10 -11 11 13 -14 -15
leaf_value=0 0 0 0 0 0 0 0 0 0 0 0 -3.1970202348881574e-08 2.3382417164166292e-08 0
leaf_weight=3352 556 1213 4562 2405 267 554 1443 163 121 194 344 7690 2367 199
leaf_count=3352 556 1213 4562 2405 267 554 1443 163 121 194 344 7690 2367 199
internal_value=0 -4.48501e-09 -8.12041e-09 -1.21159e-08 -1.64894e-08 -2.11827e-08 -2.35783e-08 -2.54454e-08 8.1416e-09 1.43867e-08 -2.89314e-08 -2.98208e-08 1.85212e-08 -3.10935e-08
internal_weight=25430 22192 20979 17627 13065 10660 10106 9839 3238 3117 8396 8233 2923 7889
internal_count=25430 22192 20979 17627 13065 10660 10106 9839 3238 3117 8396 8233 2923 7889
is_linear=0
shrinkage=0.000132856


Tree=873
num_leaves=15
num_cat=0
split_feature=12 5 6 4 5 4 13 6 15 4 7 12 13 15
split_gain=3.74379e-05 5.30766e-05 6.82173e-05 5.46615e-05 6.97372e-05 4.73155e-05 4.26157e-05 3.72475e-05 2.44026e-05 2.02696e-05 1.6646e-05 1.73234e-05 1.65323e-05 1.31911e-05
threshold=0.015117989945162639 0.0060817964016657297 -0.005676067186676236 648.19859000000008 -0.0025697584393127855 10422.870945000001 0.001344793122143051 -0.0026561294326404856 924.5494298003033 21995.201495000005 -0.048049618726535674 0.0021117660892345665 0.0058755683532553966 924.5494298003033
decision_type=2 2 2 2 2 2 2 2 2 2 2 2 2 2
left_child=1 2 -1 -4 -5 6 -6 -8 9 12 -9 -12 -2 -13
right_child=8 -3 3 4 5 -7 7 10 -10 -11 11 13 -14 -15
leaf_value=0 0 0 0 0 0 0 0 0 0 0 0 -3.1965956265581181e-08 2.3379316403755213e-08 0
leaf_weight=3352 556 1213 4562 2405 267 554 1443 163 121 194 344 7690 2367 199
leaf_count=3352 556 1213 4562 2405 267 554 1443 163 121 194 344 7690 2367 199
internal_value=0 -4.48354e-09 -8.11885e-09 -1.2114e-08 -1.64869e-08 -2.11796e-08 -2.35751e-08 -2.5442e-08 8.13933e-09 1.43843e-08 -2.89275e-08 -2.98168e-08 1.85186e-08 -3.10894e-08
internal_weight=25430 22192 20979 17627 13065 10660 10106 9839 3238 3117 8396 8233 2923 7889
internal_count=25430 22192 20979 17627 13065 10660 10106 9839 3238 3117 8396 8233 2923 7889
is_linear=0
shrinkage=0.000132856


Tree=874
num_leaves=15
num_cat=0
split_feature=12 5 6 4 5 4 13 6 15 4 7 12 13 15
split_gain=3.74145e-05 5.30632e-05 6.82025e-05 5.46453e-05 6.97199e-05 4.73066e-05 4.26088e-05 3.72346e-05 2.43973e-05 2.02661e-05 1.66427e-05 1.73187e-05 1.65283e-05 1.31878e-05
threshold=0.015117989945162639 0.0060817964016657297 -0.005676067186676236 648.19859000000008 -0.0025697584393127855 10422.870945000001 0.001344793122143051 -0.0026561294326404856 924.5494298003033 21995.201495000005 -0.048049618726535674 0.0021117660892345665 0.0058755683532553966 924.5494298003033
decision_type=2 2 2 2 2 2 2 2 2 2 2 2 2 2
left_child=1 2 -1 -4 -5 6 -6 -8 9 12 -9 -12 -2 -13
right_child=8 -3 3 4 5 -7 7 10 -10 -11 11 13 -14 -15
leaf_value=0 0 0 0 0 0 0 0 0 0 0 0 -3.1961710672746143e-08 2.3376209994589654e-08 0
leaf_weight=3352 556 1213 4562 2405 267 554 1443 163 121 194 344 7690 2367 199
leaf_count=3352 556 1213 4562 2405 267 554 1443 163 121 194 344 7690 2367 199
internal_value=0 -4.48206e-09 -8.1173e-09 -1.21122e-08 -1.64844e-08 -2.11766e-08 -2.35718e-08 -2.54387e-08 8.13706e-09 1.4382e-08 -2.89237e-08 -2.98129e-08 1.85161e-08 -3.10852e-08
internal_weight=25430 22192 20979 17627 13065 10660 10106 9839 3238 3117 8396 8233 2923 7889
internal_count=25430 22192 20979 17627 13065 10660 10106 9839 3238 3117 8396 8233 2923 7889
is_linear=0
shrinkage=0.000132856


Tree=875
num_leaves=15
num_cat=0
split_feature=12 5 6 4 5 4 13 6 15 4 7 12 13 15
split_gain=3.73911e-05 5.30497e-05 6.81877e-05 5.46292e-05 6.97025e-05 4.72977e-05 4.26019e-05 3.72217e-05 2.43921e-05 2.02627e-05 1.66394e-05 1.7314e-05 1.65242e-05 1.31846e-05
threshold=0.015117989945162639 0.0060817964016657297 -0.005676067186676236 648.19859000000008 -0.0025697584393127855 10422.870945000001 0.001344793122143051 -0.0026561294326404856 924.5494298003033 21995.201495000005 -0.048049618726535674 0.0021117660892345665 0.0058755683532553966 924.5494298003033
decision_type=2 2 2 2 2 2 2 2 2 2 2 2 2 2
left_child=1 2 -1 -4 -5 6 -6 -8 9 12 -9 -12 -2 -13
right_child=8 -3 3 4 5 -7 7 10 -10 -11 11 13 -14 -15
leaf_value=0 0 0 0 0 0 0 0 0 0 0 0 -3.1957465740978234e-08 2.3373108843934846e-08 0
leaf_weight=3352 556 1213 4562 2405 267 554 1443 163 121 194 344 7690 2367 199
leaf_count=3352 556 1213 4562 2405 267 554 1443 163 121 194 344 7690 2367 199
internal_value=0 -4.48059e-09 -8.11574e-09 -1.21103e-08 -1.64819e-08 -2.11735e-08 -2.35686e-08 -2.54354e-08 8.1348e-09 1.43796e-08 -2.89198e-08 -2.98089e-08 1.85136e-08 -3.10811e-08
internal_weight=25430 22192 20979 17627 13065 10660 10106 9839 3238 3117 8396 8233 2923 7889
internal_count=25430 22192 20979 17627 13065 10660 10106 9839 3238 3117 8396 8233 2923 7889
is_linear=0
shrinkage=0.000132856


Tree=876
num_leaves=15
num_cat=0
split_feature=12 5 6 4 5 4 13 6 15 4 7 12 13 15
split_gain=3.73678e-05 5.30363e-05 6.81729e-05 5.4613e-05 6.96852e-05 4.72889e-05 4.2595e-05 3.72088e-05 2.43869e-05 2.02592e-05 1.66361e-05 1.73092e-05 1.65202e-05 1.31814e-05
threshold=0.015117989945162639 0.0060817964016657297 -0.005676067186676236 648.19859000000008 -0.0025697584393127855 10422.870945000001 0.001344793122143051 -0.0026561294326404856 924.5494298003033 21995.201495000005 -0.048049618726535674 0.0021117660892345665 0.0058755683532553966 924.5494298003033
decision_type=2 2 2 2 2 2 2 2 2 2 2 2 2 2
left_child=1 2 -1 -4 -5 6 -6 -8 9 12 -9 -12 -2 -13
right_child=8 -3 3 4 5 -7 7 10 -10 -11 11 13 -14 -15
leaf_value=0 0 0 0 0 0 0 0 0 0 0 0 -3.1953220693138528e-08 2.3370006509211739e-08 0
leaf_weight=3352 556 1213 4562 2405 267 554 1443 163 121 194 344 7690 2367 199
leaf_count=3352 556 1213 4562 2405 267 554 1443 163 121 194 344 7690 2367 199
internal_value=0 -4.47912e-09 -8.11419e-09 -1.21085e-08 -1.64794e-08 -2.11705e-08 -2.35654e-08 -2.54321e-08 8.13253e-09 1.43772e-08 -2.89159e-08 -2.98049e-08 1.85111e-08 -3.10769e-08
internal_weight=25430 22192 20979 17627 13065 10660 10106 9839 3238 3117 8396 8233 2923 7889
internal_count=25430 22192 20979 17627 13065 10660 10106 9839 3238 3117 8396 8233 2923 7889
is_linear=0
shrinkage=0.000132856


Tree=877
num_leaves=15
num_cat=0
split_feature=12 5 6 4 5 4 13 6 15 4 7 12 13 15
split_gain=3.73444e-05 5.30228e-05 6.81582e-05 5.45968e-05 6.96678e-05 4.728e-05 4.25881e-05 3.7196e-05 2.43817e-05 2.02558e-05 1.66328e-05 1.73045e-05 1.65161e-05 1.31781e-05
threshold=0.015117989945162639 0.0060817964016657297 -0.005676067186676236 648.19859000000008 -0.0025697584393127855 10422.870945000001 0.001344793122143051 -0.0026561294326404856 924.5494298003033 21995.201495000005 -0.048049618726535674 0.0021117660892345665 0.0058755683532553966 924.5494298003033
decision_type=2 2 2 2 2 2 2 2 2 2 2 2 2 2
left_child=1 2 -1 -4 -5 6 -6 -8 9 12 -9 -12 -2 -13
right_child=8 -3 3 4 5 -7 7 10 -10 -11 11 13 -14 -15
leaf_value=0 0 0 0 0 0 0 0 0 0 0 0 -3.1948977273987663e-08 2.3366903560115497e-08 0
leaf_weight=3352 556 1213 4562 2405 267 554 1443 163 121 194 344 7690 2367 199
leaf_count=3352 556 1213 4562 2405 267 554 1443 163 121 194 344 7690 2367 199
internal_value=0 -4.47765e-09 -8.11263e-09 -1.21066e-08 -1.64769e-08 -2.11674e-08 -2.35622e-08 -2.54288e-08 8.13026e-09 1.43749e-08 -2.8912e-08 -2.9801e-08 1.85086e-08 -3.10728e-08
internal_weight=25430 22192 20979 17627 13065 10660 10106 9839 3238 3117 8396 8233 2923 7889
internal_count=25430 22192 20979 17627 13065 10660 10106 9839 3238 3117 8396 8233 2923 7889
is_linear=0
shrinkage=0.000132856


Tree=878
num_leaves=15
num_cat=0
split_feature=12 5 6 4 5 4 13 6 15 4 7 12 13 15
split_gain=3.73211e-05 5.30094e-05 6.81434e-05 5.45806e-05 6.96505e-05 4.72712e-05 4.25812e-05 3.71831e-05 2.43765e-05 2.02523e-05 1.66295e-05 1.72998e-05 1.65121e-05 1.31749e-05
threshold=0.015117989945162639 0.0060817964016657297 -0.005676067186676236 648.19859000000008 -0.0025697584393127855 10422.870945000001 0.001344793122143051 -0.0026561294326404856 924.5494298003033 21995.201495000005 -0.048049618726535674 0.0021117660892345665 0.0058755683532553966 924.5494298003033
decision_type=2 2 2 2 2 2 2 2 2 2 2 2 2 2
left_child=1 2 -1 -4 -5 6 -6 -8 9 12 -9 -12 -2 -13
right_child=8 -3 3 4 5 -7 7 10 -10 -11 11 13 -14 -15
leaf_value=0 0 0 0 0 0 0 0 0 0 0 0 -3.1944733260395157e-08 2.3363802679645118e-08 0
leaf_weight=3352 556 1213 4562 2405 267 554 1443 163 121 194 344 7690 2367 199
leaf_count=3352 556 1213 4562 2405 267 554 1443 163 121 194 344 7690 2367 199
internal_value=0 -4.47618e-09 -8.11107e-09 -1.21048e-08 -1.64744e-08 -2.11643e-08 -2.35589e-08 -2.54254e-08 8.12799e-09 1.43725e-08 -2.89081e-08 -2.9797e-08 1.85061e-08 -3.10687e-08
internal_weight=25430 22192 20979 17627 13065 10660 10106 9839 3238 3117 8396 8233 2923 7889
internal_count=25430 22192 20979 17627 13065 10660 10106 9839 3238 3117 8396 8233 2923 7889
is_linear=0
shrinkage=0.000132856


Tree=879
num_leaves=15
num_cat=0
split_feature=12 5 6 4 5 4 13 6 15 4 7 12 13 15
split_gain=3.72978e-05 5.29959e-05 6.81286e-05 5.45645e-05 6.96331e-05 4.72623e-05 4.25743e-05 3.71702e-05 2.43713e-05 2.02489e-05 1.66262e-05 1.72951e-05 1.65081e-05 1.31716e-05
threshold=0.015117989945162639 0.0060817964016657297 -0.005676067186676236 648.19859000000008 -0.0025697584393127855 10422.870945000001 0.001344793122143051 -0.0026561294326404856 924.5494298003033 21995.201495000005 -0.048049618726535674 0.0021117660892345665 0.0058755683532553966 924.5494298003033
decision_type=2 2 2 2 2 2 2 2 2 2 2 2 2 2
left_child=1 2 -1 -4 -5 6 -6 -8 9 12 -9 -12 -2 -13
right_child=8 -3 3 4 5 -7 7 10 -10 -11 11 13 -14 -15
leaf_value=0 0 0 0 0 0 0 0 0 0 0 0 -3.1940490815053176e-08 2.3360701596338784e-08 0
leaf_weight=3352 556 1213 4562 2405 267 554 1443 163 121 194 344 7690 2367 199
leaf_count=3352 556 1213 4562 2405 267 554 1443 163 121 194 344 7690 2367 199
internal_value=0 -4.47471e-09 -8.10952e-09 -1.21029e-08 -1.64719e-08 -2.11613e-08 -2.35557e-08 -2.54221e-08 8.12572e-09 1.43702e-08 -2.89042e-08 -2.97931e-08 1.85036e-08 -3.10645e-08
internal_weight=25430 22192 20979 17627 13065 10660 10106 9839 3238 3117 8396 8233 2923 7889
internal_count=25430 22192 20979 17627 13065 10660 10106 9839 3238 3117 8396 8233 2923 7889
is_linear=0
shrinkage=0.000132856


Tree=880
num_leaves=9
num_cat=0
split_feature=11 5 5 9 13 1 15 9
split_gain=1.61486e-05 2.96274e-05 3.07803e-05 2.35176e-05 2.8347e-05 3.25945e-06 4.86112e-06 2.46081e-06
threshold=54.450462890080736 -0.0049446088441149052 0.01611157229307492 19107.00894868558 0.005667200448026888 83312.020000000019 1044.7216027545694 25131.044083743473
decision_type=2 2 2 2 2 2 2 2
left_child=1 -1 3 -3 -5 6 7 -2
right_child=5 2 -4 4 -6 -7 -8 -9
leaf_value=0 0 0 0 0 -2.4572152035170782e-08 0 0 5.2558413473984987e-09
leaf_weight=2488 1530 592 140 8196 3752 2107 172 6759
leaf_count=2488 1530 592 140 8196 3752 2107 172 6759
internal_value=0 -4.33464e-09 -7.98185e-09 -1.03797e-08 -1.21578e-08 0 2.60728e-09 4.15783e-09
internal_weight=25736 15168 12680 12540 11948 10568 8461 8289
internal_count=25736 15168 12680 12540 11948 10568 8461 8289
is_linear=0
shrinkage=0.000132856


Tree=881
num_leaves=9
num_cat=0
split_feature=11 5 5 9 13 1 15 9
split_gain=1.61425e-05 2.96223e-05 3.0777e-05 2.35151e-05 2.83298e-05 3.25806e-06 4.86029e-06 2.46023e-06
threshold=54.450462890080736 -0.0049446088441149052 0.01611157229307492 19107.00894868558 0.005667200448026888 83312.020000000019 1044.7216027545694 25131.044083743473
decision_type=2 2 2 2 2 2 2 2
left_child=1 -1 3 -3 -5 6 7 -2
right_child=5 2 -4 4 -6 -7 -8 -9
leaf_value=0 0 0 0 0 -2.4568889440513676e-08 0 0 5.2551430711646508e-09
leaf_weight=2488 1530 592 140 8196 3752 2107 172 6759
leaf_count=2488 1530 592 140 8196 3752 2107 172 6759
internal_value=0 -4.33383e-09 -7.98088e-09 -1.03787e-08 -1.21568e-08 0 2.60672e-09 4.15727e-09
internal_weight=25736 15168 12680 12540 11948 10568 8461 8289
internal_count=25736 15168 12680 12540 11948 10568 8461 8289
is_linear=0
shrinkage=0.000132856


Tree=882
num_leaves=9
num_cat=0
split_feature=11 5 5 9 13 1 15 9
split_gain=1.61365e-05 2.96173e-05 3.07737e-05 2.35126e-05 2.83125e-05 3.25666e-06 4.85947e-06 2.45964e-06
threshold=54.450462890080736 -0.0049446088441149052 0.01611157229307492 19107.00894868558 0.005667200448026888 83312.020000000019 1044.7216027545694 25131.044083743473
decision_type=2 2 2 2 2 2 2 2
left_child=1 -1 3 -3 -5 6 7 -2
right_child=5 2 -4 4 -6 -7 -8 -9
leaf_value=0 0 0 0 0 -2.4565628115510628e-08 0 0 5.2544450194191334e-09
leaf_weight=2488 1530 592 140 8196 3752 2107 172 6759
leaf_count=2488 1530 592 140 8196 3752 2107 172 6759
internal_value=0 -4.33302e-09 -7.97991e-09 -1.03778e-08 -1.21557e-08 0 2.60616e-09 4.1567e-09
internal_weight=25736 15168 12680 12540 11948 10568 8461 8289
internal_count=25736 15168 12680 12540 11948 10568 8461 8289
is_linear=0
shrinkage=0.000132856


Tree=883
num_leaves=9
num_cat=0
split_feature=11 5 5 9 13 1 15 9
split_gain=1.61305e-05 2.96122e-05 3.07703e-05 2.35102e-05 2.82953e-05 3.25527e-06 4.85864e-06 2.45905e-06
threshold=54.450462890080736 -0.0049446088441149052 0.01611157229307492 19107.00894868558 0.005667200448026888 83312.020000000019 1044.7216027545694 25131.044083743473
decision_type=2 2 2 2 2 2 2 2
left_child=1 -1 3 -3 -5 6 7 -2
right_child=5 2 -4 4 -6 -7 -8 -9
leaf_value=0 0 0 0 0 -2.4562365365003794e-08 0 0 5.253747778237554e-09
leaf_weight=2488 1530 592 140 8196 3752 2107 172 6759
leaf_count=2488 1530 592 140 8196 3752 2107 172 6759
internal_value=0 -4.33222e-09 -7.97895e-09 -1.03768e-08 -1.21547e-08 0 2.60561e-09 4.15613e-09
internal_weight=25736 15168 12680 12540 11948 10568 8461 8289
internal_count=25736 15168 12680 12540 11948 10568 8461 8289
is_linear=0
shrinkage=0.000132856


Tree=884
num_leaves=9
num_cat=0
split_feature=11 5 5 9 13 1 15 9
split_gain=1.61245e-05 2.96071e-05 3.0767e-05 2.35077e-05 2.82781e-05 3.25388e-06 4.85781e-06 2.45847e-06
threshold=54.450462890080736 -0.0049446088441149052 0.01611157229307492 19107.00894868558 0.005667200448026888 83312.020000000019 1044.7216027545694 25131.044083743473
decision_type=2 2 2 2 2 2 2 2
left_child=1 -1 3 -3 -5 6 7 -2
right_child=5 2 -4 4 -6 -7 -8 -9
leaf_value=0 0 0 0 0 -2.455910416017606e-08 0 0 5.2530497138099773e-09
leaf_weight=2488 1530 592 140 8196 3752 2107 172 6759
leaf_count=2488 1530 592 140 8196 3752 2107 172 6759
internal_value=0 -4.33141e-09 -7.97798e-09 -1.03758e-08 -1.21537e-08 0 2.60505e-09 4.15556e-09
internal_weight=25736 15168 12680 12540 11948 10568 8461 8289
internal_count=25736 15168 12680 12540 11948 10568 8461 8289
is_linear=0
shrinkage=0.000132856


Tree=885
num_leaves=9
num_cat=0
split_feature=11 5 5 9 13 1 15 9
split_gain=1.61185e-05 2.96021e-05 3.07637e-05 2.35052e-05 2.82609e-05 3.25249e-06 4.85698e-06 2.45788e-06
threshold=54.450462890080736 -0.0049446088441149052 0.01611157229307492 19107.00894868558 0.005667200448026888 83312.020000000019 1044.7216027545694 25131.044083743473
decision_type=2 2 2 2 2 2 2 2
left_child=1 -1 3 -3 -5 6 7 -2
right_child=5 2 -4 4 -6 -7 -8 -9
leaf_value=0 0 0 0 0 -2.4555843022138769e-08 0 0 5.2523516711833908e-09
leaf_weight=2488 1530 592 140 8196 3752 2107 172 6759
leaf_count=2488 1530 592 140 8196 3752 2107 172 6759
internal_value=0 -4.3306e-09 -7.97702e-09 -1.03748e-08 -1.21527e-08 0 2.60449e-09 4.15499e-09
internal_weight=25736 15168 12680 12540 11948 10568 8461 8289
internal_count=25736 15168 12680 12540 11948 10568 8461 8289
is_linear=0
shrinkage=0.000132856


Tree=886
num_leaves=9
num_cat=0
split_feature=11 5 5 9 13 1 15 9
split_gain=1.61125e-05 2.9597e-05 3.07604e-05 2.35028e-05 2.82437e-05 3.2511e-06 4.85615e-06 2.45729e-06
threshold=54.450462890080736 -0.0049446088441149052 0.01611157229307492 19107.00894868558 0.005667200448026888 83312.020000000019 1044.7216027545694 25131.044083743473
decision_type=2 2 2 2 2 2 2 2
left_child=1 -1 3 -3 -5 6 7 -2
right_child=5 2 -4 4 -6 -7 -8 -9
leaf_value=0 0 0 0 0 -2.4552583143769759e-08 0 0 5.2516546615225751e-09
leaf_weight=2488 1530 592 140 8196 3752 2107 172 6759
leaf_count=2488 1530 592 140 8196 3752 2107 172 6759
internal_value=0 -4.3298e-09 -7.97605e-09 -1.03739e-08 -1.21516e-08 0 2.60393e-09 4.15442e-09
internal_weight=25736 15168 12680 12540 11948 10568 8461 8289
internal_count=25736 15168 12680 12540 11948 10568 8461 8289
is_linear=0
shrinkage=0.000132856


Tree=887
num_leaves=9
num_cat=0
split_feature=11 5 5 9 13 1 15 9
split_gain=1.61065e-05 2.9592e-05 3.0757e-05 2.35003e-05 2.82265e-05 3.2497e-06 4.85532e-06 2.45671e-06
threshold=54.450462890080736 -0.0049446088441149052 0.01611157229307492 19107.00894868558 0.005667200448026888 83312.020000000019 1044.7216027545694 25131.044083743473
decision_type=2 2 2 2 2 2 2 2
left_child=1 -1 3 -3 -5 6 7 -2
right_child=5 2 -4 4 -6 -7 -8 -9
leaf_value=0 0 0 0 0 -2.4549322679112557e-08 0 0 5.2509569838498103e-09
leaf_weight=2488 1530 592 140 8196 3752 2107 172 6759
leaf_count=2488 1530 592 140 8196 3752 2107 172 6759
internal_value=0 -4.32899e-09 -7.97509e-09 -1.03729e-08 -1.21506e-08 0 2.60338e-09 4.15385e-09
internal_weight=25736 15168 12680 12540 11948 10568 8461 8289
internal_count=25736 15168 12680 12540 11948 10568 8461 8289
is_linear=0
shrinkage=0.000132856


Tree=888
num_leaves=3
num_cat=0
split_feature=5 5
split_gain=5.3443e-07 2.83861e-05
threshold=0.0054441873383550563 -0.0013195663014947121
decision_type=2 2
left_child=1 -1
right_child=-2 -3
leaf_value=0 1.8053703877719485e-09 -5.9724893295669813e-09
leaf_weight=8739 2892 14044
leaf_count=8739 2892 14044
internal_value=0 0
internal_weight=25675 22783
internal_count=25675 22783
is_linear=0
shrinkage=0.000132856


Tree=889
num_leaves=3
num_cat=0
split_feature=5 5
split_gain=5.34288e-07 2.83786e-05
threshold=0.0054441873383550563 -0.0013195663014947121
decision_type=2 2
left_child=1 -1
right_child=-2 -3
leaf_value=0 1.8051305874793376e-09 -5.9716961787075947e-09
leaf_weight=8739 2892 14044
leaf_count=8739 2892 14044
internal_value=0 0
internal_weight=25675 22783
internal_count=25675 22783
is_linear=0
shrinkage=0.000132856


Tree=890
num_leaves=3
num_cat=0
split_feature=5 5
split_gain=5.34147e-07 2.8371e-05
threshold=0.0054441873383550563 -0.0013195663014947121
decision_type=2 2
left_child=1 -1
right_child=-2 -3
leaf_value=0 1.8048919374418707e-09 -5.9709029228387163e-09
leaf_weight=8739 2892 14044
leaf_count=8739 2892 14044
internal_value=0 0
internal_weight=25675 22783
internal_count=25675 22783
is_linear=0
shrinkage=0.000132856


Tree=891
num_leaves=3
num_cat=0
split_feature=5 5
split_gain=5.34006e-07 2.83635e-05
threshold=0.0054441873383550563 -0.0013195663014947121
decision_type=2 2
left_child=1 -1
right_child=-2 -3
leaf_value=0 1.8046530317144474e-09 -5.9701095290563701e-09
leaf_weight=8739 2892 14044
leaf_count=8739 2892 14044
internal_value=0 0
internal_weight=25675 22783
internal_count=25675 22783
is_linear=0
shrinkage=0.000132856


Tree=892
num_leaves=3
num_cat=0
split_feature=5 5
split_gain=5.33864e-07 2.8356e-05
threshold=0.0054441873383550563 -0.0013195663014947121
decision_type=2 2
left_child=1 -1
right_child=-2 -3
leaf_value=0 1.8044136643005384e-09 -5.9693165256366321e-09
leaf_weight=8739 2892 14044
leaf_count=8739 2892 14044
internal_value=0 0
internal_weight=25675 22783
internal_count=25675 22783
is_linear=0
shrinkage=0.000132856


Tree=893
num_leaves=3
num_cat=0
split_feature=5 5
split_gain=5.33722e-07 2.83484e-05
threshold=0.0054441873383550563 -0.0013195663014947121
decision_type=2 2
left_child=1 -1
right_child=-2 -3
leaf_value=0 1.8041739729138751e-09 -5.9685234990229746e-09
leaf_weight=8739 2892 14044
leaf_count=8739 2892 14044
internal_value=0 0
internal_weight=25675 22783
internal_count=25675 22783
is_linear=0
shrinkage=0.000132856


Tree=894
num_leaves=3
num_cat=0
split_feature=5 5
split_gain=5.3358e-07 2.83409e-05
threshold=0.0054441873383550563 -0.0013195663014947121
decision_type=2 2
left_child=1 -1
right_child=-2 -3
leaf_value=0 1.8039346522865208e-09 -5.9677310165634368e-09
leaf_weight=8739 2892 14044
leaf_count=8739 2892 14044
internal_value=0 0
internal_weight=25675 22783
internal_count=25675 22783
is_linear=0
shrinkage=0.000132856


Tree=895
num_leaves=3
num_cat=0
split_feature=5 5
split_gain=5.33439e-07 2.83334e-05
threshold=0.0054441873383550563 -0.0013195663014947121
decision_type=2 2
left_child=1 -1
right_child=-2 -3
leaf_value=0 1.803694849019193e-09 -5.9669382371942804e-09
leaf_weight=8739 2892 14044
leaf_count=8739 2892 14044
internal_value=0 0
internal_weight=25675 22783
internal_count=25675 22783
is_linear=0
shrinkage=0.000132856


Tree=896
num_leaves=5
num_cat=0
split_feature=6 6 6 6
split_gain=6.83369e-07 1.03207e-05 2.99342e-07 2.61605e-08
threshold=0.00061528038305491705 0.036943601099421637 -0.030990389130038484 0.0011727788417853493
decision_type=2 2 2 2
left_child=2 3 -1 -2
right_child=1 -3 -4 -5
leaf_value=0 0 0 6.2710973537611404e-10 -4.2747841139890337e-09
leaf_weight=291 983 203 13433 10652
leaf_count=291 983 203 13433 10652
internal_value=0 -1.00932e-09 0 -4.0854e-09
internal_weight=25562 11838 13724 11635
internal_count=25562 11838 13724 11635
is_linear=0
shrinkage=0.000132856


Tree=897
num_leaves=5
num_cat=0
split_feature=6 6 6 6
split_gain=6.82677e-07 1.03186e-05 2.99262e-07 2.60307e-08
threshold=0.00061528038305491705 0.036943601099421637 -0.030990389130038484 0.0011727788417853493
decision_type=2 2 2 2
left_child=2 3 -1 -2
right_child=1 -3 -4 -5
leaf_value=0 0 0 6.2702650260116257e-10 -4.274216405689322e-09
leaf_weight=291 983 203 13433 10652
leaf_count=291 983 203 13433 10652
internal_value=0 -1.00881e-09 0 -4.08488e-09
internal_weight=25562 11838 13724 11635
internal_count=25562 11838 13724 11635
is_linear=0
shrinkage=0.000132856


Tree=898
num_leaves=5
num_cat=0
split_feature=6 6 6 6
split_gain=6.81986e-07 1.03165e-05 2.99183e-07 2.5901e-08
threshold=0.00061528038305491705 0.036943601099421637 -0.030990389130038484 0.0011727788417853493
decision_type=2 2 2 2
left_child=2 3 -1 -2
right_child=1 -3 -4 -5
leaf_value=0 0 0 6.2694335231988515e-10 -4.2736487853654408e-09
leaf_weight=291 983 203 13433 10652
leaf_count=291 983 203 13433 10652
internal_value=0 -1.0083e-09 0 -4.08436e-09
internal_weight=25562 11838 13724 11635
internal_count=25562 11838 13724 11635
is_linear=0
shrinkage=0.000132856


Tree=899
num_leaves=5
num_cat=0
split_feature=6 6 6 6
split_gain=6.81295e-07 1.03144e-05 2.99103e-07 2.57712e-08
threshold=0.00061528038305491705 0.036943601099421637 -0.030990389130038484 0.0011727788417853493
decision_type=2 2 2 2
left_child=2 3 -1 -2
right_child=1 -3 -4 -5
leaf_value=0 0 0 6.2686000768567457e-10 -4.2730806655780845e-09
leaf_weight=291 983 203 13433 10652
leaf_count=291 983 203 13433 10652
internal_value=0 -1.00779e-09 0 -4.08384e-09
internal_weight=25562 11838 13724 11635
internal_count=25562 11838 13724 11635
is_linear=0
shrinkage=0.000132856


Tree=900
num_leaves=5
num_cat=0
split_feature=6 6 6 6
split_gain=6.80605e-07 1.03123e-05 2.99024e-07 2.56416e-08
threshold=0.00061528038305491705 0.036943601099421637 -0.030990389130038484 0.0011727788417853493
decision_type=2 2 2 2
left_child=2 3 -1 -2
right_child=1 -3 -4 -5
leaf_value=0 0 0 6.2677660069695326e-10 -4.2725132904742335e-09
leaf_weight=291 983 203 13433 10652
leaf_count=291 983 203 13433 10652
internal_value=0 -1.00728e-09 0 -4.08332e-09
internal_weight=25562 11838 13724 11635
internal_count=25562 11838 13724 11635
is_linear=0
shrinkage=0.000132856


Tree=901
num_leaves=5
num_cat=0
split_feature=6 6 6 6
split_gain=6.79915e-07 1.03102e-05 2.98945e-07 2.5512e-08
threshold=0.00061528038305491705 0.036943601099421637 -0.030990389130038484 0.0011727788417853493
decision_type=2 2 2 2
left_child=2 3 -1 -2
right_child=1 -3 -4 -5
leaf_value=0 0 0 6.2669381778958831e-10 -4.2719461873955587e-09
leaf_weight=291 983 203 13433 10652
leaf_count=291 983 203 13433 10652
internal_value=0 -1.00677e-09 0 -4.0828e-09
internal_weight=25562 11838 13724 11635
internal_count=25562 11838 13724 11635
is_linear=0
shrinkage=0.000132856


Tree=902
num_leaves=5
num_cat=0
split_feature=6 6 6 6
split_gain=6.79226e-07 1.03081e-05 2.98865e-07 2.53825e-08
threshold=0.00061528038305491705 0.036943601099421637 -0.030990389130038484 0.0011727788417853493
decision_type=2 2 2 2
left_child=2 3 -1 -2
right_child=1 -3 -4 -5
leaf_value=0 0 0 6.2661012028944248e-10 -4.271378693204582e-09
leaf_weight=291 983 203 13433 10652
leaf_count=291 983 203 13433 10652
internal_value=0 -1.00626e-09 0 -4.08228e-09
internal_weight=25562 11838 13724 11635
internal_count=25562 11838 13724 11635
is_linear=0
shrinkage=0.000132856


Tree=903
num_leaves=5
num_cat=0
split_feature=6 6 6 6
split_gain=6.78536e-07 1.0306e-05 2.98786e-07 2.52529e-08
threshold=0.00061528038305491705 0.036943601099421637 -0.030990389130038484 0.0011727788417853493
decision_type=2 2 2 2
left_child=2 3 -1 -2
right_child=1 -3 -4 -5
leaf_value=0 0 0 6.2652699966604566e-10 -4.2708107528946117e-09
leaf_weight=291 983 203 13433 10652
leaf_count=291 983 203 13433 10652
internal_value=0 -1.00575e-09 0 -4.08176e-09
internal_weight=25562 11838 13724 11635
internal_count=25562 11838 13724 11635
is_linear=0
shrinkage=0.000132856


Tree=904
num_leaves=7
num_cat=0
split_feature=5 5 9 9 9 8
split_gain=8.83573e-07 4.03089e-05 1.64518e-05 9.99403e-06 6.11221e-06 1.20752e-06
threshold=-0.0025697584393127855 0.0024292966828320943 17729.5523756568 109103.8867457926 113307.74963696045 17755.380621360153
decision_type=2 2 2 2 2 2
left_child=4 2 -2 -4 5 -1
right_child=1 -3 3 -5 -6 -7
leaf_value=0 0 0 -1.0166392088987578e-08 0 0 5.0506639604110048e-09
leaf_weight=116 678 6467 11398 1011 171 5674
leaf_count=116 678 6467 11398 1011 171 5674
internal_value=0 0 -7.37269e-09 -8.9846e-09 1.6172e-09 4.61721e-09
internal_weight=25515 19554 13087 12409 5961 5790
internal_count=25515 19554 13087 12409 5961 5790
is_linear=0
shrinkage=0.000132856


Tree=905
num_leaves=7
num_cat=0
split_feature=5 5 9 9 9 8
split_gain=8.82874e-07 4.0296e-05 1.6449e-05 9.99197e-06 6.11091e-06 1.20733e-06
threshold=-0.0025697584393127855 0.0024292966828320943 17729.5523756568 109103.8867457926 113307.74963696045 17755.380621360153
decision_type=2 2 2 2 2 2
left_child=4 2 -2 -4 5 -1
right_child=1 -3 3 -5 -6 -7
leaf_value=0 0 0 -1.0165041821000927e-08 0 0 5.0499920147762388e-09
leaf_weight=116 678 6467 11398 1011 171 5674
leaf_count=116 678 6467 11398 1011 171 5674
internal_value=0 0 -7.37151e-09 -8.98336e-09 1.61656e-09 4.61655e-09
internal_weight=25515 19554 13087 12409 5961 5790
internal_count=25515 19554 13087 12409 5961 5790
is_linear=0
shrinkage=0.000132856


Tree=906
num_leaves=7
num_cat=0
split_feature=5 5 9 9 9 8
split_gain=8.82178e-07 4.02832e-05 1.64462e-05 9.9899e-06 6.10962e-06 1.20714e-06
threshold=-0.0025697584393127855 0.0024292966828320943 17729.5523756568 109103.8867457926 113307.74963696045 17755.380621360153
decision_type=2 2 2 2 2 2
left_child=4 2 -2 -4 5 -1
right_child=1 -3 3 -5 -6 -7
leaf_value=0 0 0 -1.0163691581254372e-08 0 0 5.0493223306772408e-09
leaf_weight=116 678 6467 11398 1011 171 5674
leaf_count=116 678 6467 11398 1011 171 5674
internal_value=0 0 -7.37033e-09 -8.98212e-09 1.61593e-09 4.61589e-09
internal_weight=25515 19554 13087 12409 5961 5790
internal_count=25515 19554 13087 12409 5961 5790
is_linear=0
shrinkage=0.000132856


Tree=907
num_leaves=7
num_cat=0
split_feature=5 5 9 9 9 8
split_gain=8.81481e-07 4.02703e-05 1.64434e-05 9.98784e-06 6.10832e-06 1.20696e-06
threshold=-0.0025697584393127855 0.0024292966828320943 17729.5523756568 109103.8867457926 113307.74963696045 17755.380621360153
decision_type=2 2 2 2 2 2
left_child=4 2 -2 -4 5 -1
right_child=1 -3 3 -5 -6 -7
leaf_value=0 0 0 -1.0162341353636551e-08 0 0 5.0486514947888068e-09
leaf_weight=116 678 6467 11398 1011 171 5674
leaf_count=116 678 6467 11398 1011 171 5674
internal_value=0 0 -7.36916e-09 -8.98088e-09 1.61529e-09 4.61524e-09
internal_weight=25515 19554 13087 12409 5961 5790
internal_count=25515 19554 13087 12409 5961 5790
is_linear=0
shrinkage=0.000132856


Tree=908
num_leaves=7
num_cat=0
split_feature=5 5 9 9 9 8
split_gain=8.80784e-07 4.02575e-05 1.64406e-05 9.98578e-06 6.10703e-06 1.20677e-06
threshold=-0.0025697584393127855 0.0024292966828320943 17729.5523756568 109103.8867457926 113307.74963696045 17755.380621360153
decision_type=2 2 2 2 2 2
left_child=4 2 -2 -4 5 -1
right_child=1 -3 3 -5 -6 -7
leaf_value=0 0 0 -1.0160991730493912e-08 0 0 5.0479805583907476e-09
leaf_weight=116 678 6467 11398 1011 171 5674
leaf_count=116 678 6467 11398 1011 171 5674
internal_value=0 0 -7.36798e-09 -8.97964e-09 1.61465e-09 4.61458e-09
internal_weight=25515 19554 13087 12409 5961 5790
internal_count=25515 19554 13087 12409 5961 5790
is_linear=0
shrinkage=0.000132856


Tree=909
num_leaves=7
num_cat=0
split_feature=5 5 9 9 9 8
split_gain=8.80088e-07 4.02446e-05 1.64378e-05 9.98372e-06 6.10574e-06 1.20658e-06
threshold=-0.0025697584393127855 0.0024292966828320943 17729.5523756568 109103.8867457926 113307.74963696045 17755.380621360153
decision_type=2 2 2 2 2 2
left_child=4 2 -2 -4 5 -1
right_child=1 -3 3 -5 -6 -7
leaf_value=0 0 0 -1.015964177403666e-08 0 0 5.0473102976626086e-09
leaf_weight=116 678 6467 11398 1011 171 5674
leaf_count=116 678 6467 11398 1011 171 5674
internal_value=0 0 -7.36681e-09 -8.9784e-09 1.61401e-09 4.61392e-09
internal_weight=25515 19554 13087 12409 5961 5790
internal_count=25515 19554 13087 12409 5961 5790
is_linear=0
shrinkage=0.000132856


Tree=910
num_leaves=7
num_cat=0
split_feature=5 5 9 9 9 8
split_gain=8.79393e-07 4.02318e-05 1.6435e-05 9.98166e-06 6.10444e-06 1.2064e-06
threshold=-0.0025697584393127855 0.0024292966828320943 17729.5523756568 109103.8867457926 113307.74963696045 17755.380621360153
decision_type=2 2 2 2 2 2
left_child=4 2 -2 -4 5 -1
right_child=1 -3 3 -5 -6 -7
leaf_value=0 0 0 -1.015829206411485e-08 0 0 5.0466403697242557e-09
leaf_weight=116 678 6467 11398 1011 171 5674
leaf_count=116 678 6467 11398 1011 171 5674
internal_value=0 0 -7.36563e-09 -8.97716e-09 1.61337e-09 4.61326e-09
internal_weight=25515 19554 13087 12409 5961 5790
internal_count=25515 19554 13087 12409 5961 5790
is_linear=0
shrinkage=0.000132856


Tree=911
num_leaves=7
num_cat=0
split_feature=5 5 9 9 9 8
split_gain=8.78697e-07 4.02189e-05 1.64322e-05 9.97961e-06 6.10315e-06 1.20621e-06
threshold=-0.0025697584393127855 0.0024292966828320943 17729.5523756568 109103.8867457926 113307.74963696045 17755.380621360153
decision_type=2 2 2 2 2 2
left_child=4 2 -2 -4 5 -1
right_child=1 -3 3 -5 -6 -7
leaf_value=0 0 0 -1.0156942944919806e-08 0 0 5.0459696138773754e-09
leaf_weight=116 678 6467 11398 1011 171 5674
leaf_count=116 678 6467 11398 1011 171 5674
internal_value=0 0 -7.36446e-09 -8.97593e-09 1.61273e-09 4.61261e-09
internal_weight=25515 19554 13087 12409 5961 5790
internal_count=25515 19554 13087 12409 5961 5790
is_linear=0
shrinkage=0.000132856


Tree=912
num_leaves=9
num_cat=0
split_feature=13 12 13 12 5 13 5 13
split_gain=2.57579e-05 1.49638e-05 7.34088e-06 4.85717e-06 7.65291e-06 3.80004e-06 2.40938e-06 4.76461e-06
threshold=0.0063853556043479706 0.0077797547389128864 0.021694903188116146 0.002562832507364369 0.0060817964016657297 0.0015689738414607682 -0.0025697584393127855 0.0059863354073552413
decision_type=2 2 2 2 2 2 2 2
left_child=3 -2 -3 -1 5 -5 -7 -8
right_child=1 2 -4 4 -6 6 7 -9
leaf_value=0 0 1.2540149813488414e-08 0 0 0 0 -6.4875440897033097e-09 0
leaf_weight=2585 1863 5326 105 364 1012 3459 10095 677
leaf_count=2585 1863 5326 105 364 1012 3459 10095 677
internal_value=0 7.80253e-09 1.14179e-08 -7.58222e-10 -2.48245e-09 -3.9804e-09 -4.57835e-09 -5.62476e-09
internal_weight=25486 7294 5431 18192 15607 14595 14231 10772
internal_count=25486 7294 5431 18192 15607 14595 14231 10772
is_linear=0
shrinkage=0.000132856


Tree=913
num_leaves=9
num_cat=0
split_feature=13 12 13 12 5 13 5 13
split_gain=2.57493e-05 1.49602e-05 7.33975e-06 4.85547e-06 7.65143e-06 3.79945e-06 2.40835e-06 4.76376e-06
threshold=0.0063853556043479706 0.0077797547389128864 0.021694903188116146 0.002562832507364369 0.0060817964016657297 0.0015689738414607682 -0.0025697584393127855 0.0059863354073552413
decision_type=2 2 2 2 2 2 2 2
left_child=3 -2 -3 -1 5 -5 -7 -8
right_child=1 2 -4 4 -6 6 7 -9
leaf_value=0 0 1.2538483555346248e-08 0 0 0 0 -6.4866823986658901e-09 0
leaf_weight=2585 1863 5326 105 364 1012 3459 10095 677
leaf_count=2585 1863 5326 105 364 1012 3459 10095 677
internal_value=0 7.80131e-09 1.14162e-08 -7.57744e-10 -2.48189e-09 -3.97981e-09 -4.57774e-09 -5.62396e-09
internal_weight=25486 7294 5431 18192 15607 14595 14231 10772
internal_count=25486 7294 5431 18192 15607 14595 14231 10772
is_linear=0
shrinkage=0.000132856


Tree=914
num_leaves=9
num_cat=0
split_feature=13 12 13 12 5 13 5 13
split_gain=2.57407e-05 1.49566e-05 7.33862e-06 4.85377e-06 7.64995e-06 3.79886e-06 2.40732e-06 4.76291e-06
threshold=0.0063853556043479706 0.0077797547389128864 0.021694903188116146 0.002562832507364369 0.0060817964016657297 0.0015689738414607682 -0.0025697584393127855 0.0059863354073552413
decision_type=2 2 2 2 2 2 2 2
left_child=3 -2 -3 -1 5 -5 -7 -8
right_child=1 2 -4 4 -6 6 7 -9
leaf_value=0 0 1.2536818365338745e-08 0 0 0 0 -6.4858208984501697e-09 0
leaf_weight=2585 1863 5326 105 364 1012 3459 10095 677
leaf_count=2585 1863 5326 105 364 1012 3459 10095 677
internal_value=0 7.8001e-09 1.14146e-08 -7.57265e-10 -2.48134e-09 -3.97921e-09 -4.57713e-09 -5.62315e-09
internal_weight=25486 7294 5431 18192 15607 14595 14231 10772
internal_count=25486 7294 5431 18192 15607 14595 14231 10772
is_linear=0
shrinkage=0.000132856


Tree=915
num_leaves=9
num_cat=0
split_feature=13 12 13 12 5 13 5 13
split_gain=2.57321e-05 1.49529e-05 7.33749e-06 4.85208e-06 7.64848e-06 3.79827e-06 2.40629e-06 4.76206e-06
threshold=0.0063853556043479706 0.0077797547389128864 0.021694903188116146 0.002562832507364369 0.0060817964016657297 0.0015689738414607682 -0.0025697584393127855 0.0059863354073552413
decision_type=2 2 2 2 2 2 2 2
left_child=3 -2 -3 -1 5 -5 -7 -8
right_child=1 2 -4 4 -6 6 7 -9
leaf_value=0 0 1.2535154287464093e-08 0 0 0 0 -6.484959574968179e-09 0
leaf_weight=2585 1863 5326 105 364 1012 3459 10095 677
leaf_count=2585 1863 5326 105 364 1012 3459 10095 677
internal_value=0 7.79888e-09 1.1413e-08 -7.56787e-10 -2.48078e-09 -3.97862e-09 -4.57652e-09 -5.62234e-09
internal_weight=25486 7294 5431 18192 15607 14595 14231 10772
internal_count=25486 7294 5431 18192 15607 14595 14231 10772
is_linear=0
shrinkage=0.000132856


Tree=916
num_leaves=9
num_cat=0
split_feature=13 12 13 12 5 13 5 13
split_gain=2.57236e-05 1.49493e-05 7.33636e-06 4.85038e-06 7.647e-06 3.79768e-06 2.40526e-06 4.76121e-06
threshold=0.0063853556043479706 0.0077797547389128864 0.021694903188116146 0.002562832507364369 0.0060817964016657297 0.0015689738414607682 -0.0025697584393127855 0.0059863354073552413
decision_type=2 2 2 2 2 2 2 2
left_child=3 -2 -3 -1 5 -5 -7 -8
right_child=1 2 -4 4 -6 6 7 -9
leaf_value=0 0 1.2533488607872191e-08 0 0 0 0 -6.484098259401702e-09 0
leaf_weight=2585 1863 5326 105 364 1012 3459 10095 677
leaf_count=2585 1863 5326 105 364 1012 3459 10095 677
internal_value=0 7.79767e-09 1.14113e-08 -7.56309e-10 -2.48022e-09 -3.97802e-09 -4.5759e-09 -5.62154e-09
internal_weight=25486 7294 5431 18192 15607 14595 14231 10772
internal_count=25486 7294 5431 18192 15607 14595 14231 10772
is_linear=0
shrinkage=0.000132856


Tree=917
num_leaves=9
num_cat=0
split_feature=13 12 13 12 5 13 5 13
split_gain=2.5715e-05 1.49457e-05 7.33524e-06 4.84868e-06 7.64553e-06 3.79709e-06 2.40423e-06 4.76036e-06
threshold=0.0063853556043479706 0.0077797547389128864 0.021694903188116146 0.002562832507364369 0.0060817964016657297 0.0015689738414607682 -0.0025697584393127855 0.0059863354073552413
decision_type=2 2 2 2 2 2 2 2
left_child=3 -2 -3 -1 5 -5 -7 -8
right_child=1 2 -4 4 -6 6 7 -9
leaf_value=0 0 1.253182472757127e-08 0 0 0 0 -6.4832369543669142e-09 0
leaf_weight=2585 1863 5326 105 364 1012 3459 10095 677
leaf_count=2585 1863 5326 105 364 1012 3459 10095 677
internal_value=0 7.79645e-09 1.14097e-08 -7.55831e-10 -2.47967e-09 -3.97743e-09 -4.57529e-09 -5.62073e-09
internal_weight=25486 7294 5431 18192 15607 14595 14231 10772
internal_count=25486 7294 5431 18192 15607 14595 14231 10772
is_linear=0
shrinkage=0.000132856


Tree=918
num_leaves=9
num_cat=0
split_feature=13 12 13 12 5 13 5 13
split_gain=2.57064e-05 1.4942e-05 7.33411e-06 4.84698e-06 7.64405e-06 3.7965e-06 2.40319e-06 4.75951e-06
threshold=0.0063853556043479706 0.0077797547389128864 0.021694903188116146 0.002562832507364369 0.0060817964016657297 0.0015689738414607682 -0.0025697584393127855 0.0059863354073552413
decision_type=2 2 2 2 2 2 2 2
left_child=3 -2 -3 -1 5 -5 -7 -8
right_child=1 2 -4 4 -6 6 7 -9
leaf_value=0 0 1.2530160203376211e-08 0 0 0 0 -6.4823755404145446e-09 0
leaf_weight=2585 1863 5326 105 364 1012 3459 10095 677
leaf_count=2585 1863 5326 105 364 1012 3459 10095 677
internal_value=0 7.79524e-09 1.14081e-08 -7.55353e-10 -2.47911e-09 -3.97683e-09 -4.57468e-09 -5.61992e-09
internal_weight=25486 7294 5431 18192 15607 14595 14231 10772
internal_count=25486 7294 5431 18192 15607 14595 14231 10772
is_linear=0
shrinkage=0.000132856


Tree=919
num_leaves=9
num_cat=0
split_feature=13 12 13 12 5 13 5 13
split_gain=2.56978e-05 1.49384e-05 7.33298e-06 4.84528e-06 7.64258e-06 3.79591e-06 2.40217e-06 4.75866e-06
threshold=0.0063853556043479706 0.0077797547389128864 0.021694903188116146 0.002562832507364369 0.0060817964016657297 0.0015689738414607682 -0.0025697584393127855 0.0059863354073552413
decision_type=2 2 2 2 2 2 2 2
left_child=3 -2 -3 -1 5 -5 -7 -8
right_child=1 2 -4 4 -6 6 7 -9
leaf_value=0 0 1.2528496025392282e-08 0 0 0 0 -6.4815146951814849e-09 0
leaf_weight=2585 1863 5326 105 364 1012 3459 10095 677
leaf_count=2585 1863 5326 105 364 1012 3459 10095 677
internal_value=0 7.79402e-09 1.14064e-08 -7.54876e-10 -2.47855e-09 -3.97623e-09 -4.57407e-09 -5.61911e-09
internal_weight=25486 7294 5431 18192 15607 14595 14231 10772
internal_count=25486 7294 5431 18192 15607 14595 14231 10772
is_linear=0
shrinkage=0.000132856


Tree=920
num_leaves=11
num_cat=0
split_feature=12 4 5 5 13 13 4 12 6 4
split_gain=2.4839e-05 3.77963e-05 3.36997e-05 4.14821e-05 5.61448e-05 3.15207e-05 4.21918e-05 4.22479e-05 8.27604e-06 5.12281e-06
threshold=0.015350312035490947 640.69748000000016 -0.0071254831809584576 0.0060817964016657297 0.0031626386276066144 0.010757263771706386 10089.843795000003 0.0037200683675676078 0.011526001497099704 25386.842665000004
decision_type=2 2 2 2 2 2 2 2 2 2
left_child=1 -1 -3 4 -4 6 7 -6 -9 -2
right_child=9 2 3 -5 5 -7 -8 8 -10 -11
leaf_value=0 1.0499945099415306e-08 0 0 0 0 0 0 -2.4341284300979742e-08 0 0
leaf_weight=4720 2995 729 3471 1308 1093 547 812 9072 718 169
leaf_count=4720 2995 729 3471 1308 1093 547 812 9072 718 169
internal_value=0 -2.97142e-09 -6.98264e-09 -9.26214e-09 -1.18118e-08 -1.61247e-08 -1.7881e-08 -2.02977e-08 -2.31114e-08 8.70663e-09
internal_weight=25634 22470 17750 17021 15713 12242 11695 10883 9790 3164
internal_count=25634 22470 17750 17021 15713 12242 11695 10883 9790 3164
is_linear=0
shrinkage=0.000132856


Tree=921
num_leaves=11
num_cat=0
split_feature=12 4 5 5 13 13 4 12 6 4
split_gain=2.4825e-05 3.7783e-05 3.36922e-05 4.14736e-05 5.61304e-05 3.15149e-05 4.21838e-05 4.22385e-05 8.27195e-06 5.12196e-06
threshold=0.015350312035490947 640.69748000000016 -0.0071254831809584576 0.0060817964016657297 0.0031626386276066144 0.010757263771706386 10089.843795000003 0.0037200683675676078 0.011526001497099704 25386.842665000004
decision_type=2 2 2 2 2 2 2 2 2 2
left_child=1 -1 -3 4 -4 6 7 -6 -9 -2
right_child=9 2 3 -5 5 -7 -8 8 -10 -11
leaf_value=0 1.0498550479241387e-08 0 0 0 0 0 0 -2.4338051073680503e-08 0 0
leaf_weight=4720 2995 729 3471 1308 1093 547 812 9072 718 169
leaf_count=4720 2995 729 3471 1308 1093 547 812 9072 718 169
internal_value=0 -2.97012e-09 -6.98099e-09 -9.26042e-09 -1.18099e-08 -1.61223e-08 -1.78785e-08 -2.0295e-08 -2.31084e-08 8.70531e-09
internal_weight=25634 22470 17750 17021 15713 12242 11695 10883 9790 3164
internal_count=25634 22470 17750 17021 15713 12242 11695 10883 9790 3164
is_linear=0
shrinkage=0.000132856


Tree=922
num_leaves=11
num_cat=0
split_feature=12 4 5 5 13 13 4 12 6 4
split_gain=2.4811e-05 3.77696e-05 3.36846e-05 4.14651e-05 5.61161e-05 3.15091e-05 4.21757e-05 4.22292e-05 8.26787e-06 5.12111e-06
threshold=0.015350312035490947 640.69748000000016 -0.0071254831809584576 0.0060817964016657297 0.0031626386276066144 0.010757263771706386 10089.843795000003 0.0037200683675676078 0.011526001497099704 25386.842665000004
decision_type=2 2 2 2 2 2 2 2 2 2
left_child=1 -1 -3 4 -4 6 7 -6 -9 -2
right_child=9 2 3 -5 5 -7 -8 8 -10 -11
leaf_value=0 1.0497155506829936e-08 0 0 0 0 0 0 -2.4334818016407267e-08 0 0
leaf_weight=4720 2995 729 3471 1308 1093 547 812 9072 718 169
leaf_count=4720 2995 729 3471 1308 1093 547 812 9072 718 169
internal_value=0 -2.96881e-09 -6.97933e-09 -9.2587e-09 -1.18081e-08 -1.61199e-08 -1.7876e-08 -2.02923e-08 -2.31054e-08 8.70398e-09
internal_weight=25634 22470 17750 17021 15713 12242 11695 10883 9790 3164
internal_count=25634 22470 17750 17021 15713 12242 11695 10883 9790 3164
is_linear=0
shrinkage=0.000132856


Tree=923
num_leaves=11
num_cat=0
split_feature=12 4 5 5 13 13 4 12 6 4
split_gain=2.4797e-05 3.77563e-05 3.3677e-05 4.14567e-05 5.61018e-05 3.15032e-05 4.21677e-05 4.22198e-05 8.26378e-06 5.12026e-06
threshold=0.015350312035490947 640.69748000000016 -0.0071254831809584576 0.0060817964016657297 0.0031626386276066144 0.010757263771706386 10089.843795000003 0.0037200683675676078 0.011526001497099704 25386.842665000004
decision_type=2 2 2 2 2 2 2 2 2 2
left_child=1 -1 -3 4 -4 6 7 -6 -9 -2
right_child=9 2 3 -5 5 -7 -8 8 -10 -11
leaf_value=0 1.0495764082434561e-08 0 0 0 0 0 0 -2.4331586158805409e-08 0 0
leaf_weight=4720 2995 729 3471 1308 1093 547 812 9072 718 169
leaf_count=4720 2995 729 3471 1308 1093 547 812 9072 718 169
internal_value=0 -2.96751e-09 -6.97768e-09 -9.25697e-09 -1.18062e-08 -1.61175e-08 -1.78734e-08 -2.02896e-08 -2.31024e-08 8.70267e-09
internal_weight=25634 22470 17750 17021 15713 12242 11695 10883 9790 3164
internal_count=25634 22470 17750 17021 15713 12242 11695 10883 9790 3164
is_linear=0
shrinkage=0.000132856


Tree=924
num_leaves=11
num_cat=0
split_feature=12 4 5 5 13 13 4 12 6 4
split_gain=2.4783e-05 3.7743e-05 3.36694e-05 4.14482e-05 5.60874e-05 3.14974e-05 4.21597e-05 4.22105e-05 8.2597e-06 5.11941e-06
threshold=0.015350312035490947 640.69748000000016 -0.0071254831809584576 0.0060817964016657297 0.0031626386276066144 0.010757263771706386 10089.843795000003 0.0037200683675676078 0.011526001497099704 25386.842665000004
decision_type=2 2 2 2 2 2 2 2 2 2
left_child=1 -1 -3 4 -4 6 7 -6 -9 -2
right_child=9 2 3 -5 5 -7 -8 8 -10 -11
leaf_value=0 1.0494369097807476e-08 0 0 0 0 0 0 -2.4328354264789145e-08 0 0
leaf_weight=4720 2995 729 3471 1308 1093 547 812 9072 718 169
leaf_count=4720 2995 729 3471 1308 1093 547 812 9072 718 169
internal_value=0 -2.9662e-09 -6.97603e-09 -9.25525e-09 -1.18043e-08 -1.61151e-08 -1.78709e-08 -2.02869e-08 -2.30994e-08 8.70135e-09
internal_weight=25634 22470 17750 17021 15713 12242 11695 10883 9790 3164
internal_count=25634 22470 17750 17021 15713 12242 11695 10883 9790 3164
is_linear=0
shrinkage=0.000132856


Tree=925
num_leaves=11
num_cat=0
split_feature=12 4 5 5 13 13 4 12 6 4
split_gain=2.4769e-05 3.77296e-05 3.36619e-05 4.14397e-05 5.60731e-05 3.14916e-05 4.21516e-05 4.22011e-05 8.25561e-06 5.11856e-06
threshold=0.015350312035490947 640.69748000000016 -0.0071254831809584576 0.0060817964016657297 0.0031626386276066144 0.010757263771706386 10089.843795000003 0.0037200683675676078 0.011526001497099704 25386.842665000004
decision_type=2 2 2 2 2 2 2 2 2 2
left_child=1 -1 -3 4 -4 6 7 -6 -9 -2
right_child=9 2 3 -5 5 -7 -8 8 -10 -11
leaf_value=0 1.0492976255804186e-08 0 0 0 0 0 0 -2.4325122710869827e-08 0 0
leaf_weight=4720 2995 729 3471 1308 1093 547 812 9072 718 169
leaf_count=4720 2995 729 3471 1308 1093 547 812 9072 718 169
internal_value=0 -2.9649e-09 -6.97438e-09 -9.25353e-09 -1.18025e-08 -1.61127e-08 -1.78684e-08 -2.02842e-08 -2.30964e-08 8.70003e-09
internal_weight=25634 22470 17750 17021 15713 12242 11695 10883 9790 3164
internal_count=25634 22470 17750 17021 15713 12242 11695 10883 9790 3164
is_linear=0
shrinkage=0.000132856


Tree=926
num_leaves=11
num_cat=0
split_feature=12 4 5 5 13 13 4 12 6 4
split_gain=2.47551e-05 3.77163e-05 3.36543e-05 4.14313e-05 5.60588e-05 3.14857e-05 4.21436e-05 4.21918e-05 8.25153e-06 5.11772e-06
threshold=0.015350312035490947 640.69748000000016 -0.0071254831809584576 0.0060817964016657297 0.0031626386276066144 0.010757263771706386 10089.843795000003 0.0037200683675676078 0.011526001497099704 25386.842665000004
decision_type=2 2 2 2 2 2 2 2 2 2
left_child=1 -1 -3 4 -4 6 7 -6 -9 -2
right_child=9 2 3 -5 5 -7 -8 8 -10 -11
leaf_value=0 1.0491585022262935e-08 0 0 0 0 0 0 -2.4321891243952602e-08 0 0
leaf_weight=4720 2995 729 3471 1308 1093 547 812 9072 718 169
leaf_count=4720 2995 729 3471 1308 1093 547 812 9072 718 169
internal_value=0 -2.96359e-09 -6.97273e-09 -9.25181e-09 -1.18006e-08 -1.61103e-08 -1.78659e-08 -2.02815e-08 -2.30934e-08 8.69871e-09
internal_weight=25634 22470 17750 17021 15713 12242 11695 10883 9790 3164
internal_count=25634 22470 17750 17021 15713 12242 11695 10883 9790 3164
is_linear=0
shrinkage=0.000132856


Tree=927
num_leaves=11
num_cat=0
split_feature=12 4 5 5 13 13 4 12 6 4
split_gain=2.47411e-05 3.7703e-05 3.36467e-05 4.14228e-05 5.60445e-05 3.14799e-05 4.21356e-05 4.21825e-05 8.24745e-06 5.11687e-06
threshold=0.015350312035490947 640.69748000000016 -0.0071254831809584576 0.0060817964016657297 0.0031626386276066144 0.010757263771706386 10089.843795000003 0.0037200683675676078 0.011526001497099704 25386.842665000004
decision_type=2 2 2 2 2 2 2 2 2 2
left_child=1 -1 -3 4 -4 6 7 -6 -9 -2
right_child=9 2 3 -5 5 -7 -8 8 -10 -11
leaf_value=0 1.04901894244051e-08 0 0 0 0 0 0 -2.4318661270230812e-08 0 0
leaf_weight=4720 2995 729 3471 1308 1093 547 812 9072 718 169
leaf_count=4720 2995 729 3471 1308 1093 547 812 9072 718 169
internal_value=0 -2.96229e-09 -6.97107e-09 -9.25008e-09 -1.17987e-08 -1.61079e-08 -1.78634e-08 -2.02788e-08 -2.30904e-08 8.69739e-09
internal_weight=25634 22470 17750 17021 15713 12242 11695 10883 9790 3164
internal_count=25634 22470 17750 17021 15713 12242 11695 10883 9790 3164
is_linear=0
shrinkage=0.000132856


Tree=928
num_leaves=7
num_cat=0
split_feature=12 11 15 15 13 4
split_gain=8.49577e-05 0.00013579 9.47171e-05 3.64914e-05 4.25753e-05 4.04259e-05
threshold=0.0062530678185051944 36.340487697996558 446.47439535245582 -300.87883665216208 0.0028660026536235388 940.64570500000013
decision_type=2 2 2 2 2 2
left_child=-1 -2 3 -3 -5 -6
right_child=1 2 -4 4 5 -7
leaf_value=0 0 0 0 0 0 3.5403960488959203e-08
leaf_weight=12277 3176 824 1636 491 540 6601
leaf_count=12277 3176 824 1636 491 540 6601
internal_value=4.84359e-09 1.25765e-08 2.1104e-08 2.70034e-08 2.98707e-08 3.25391e-08
internal_weight=25545 13268 10092 8456 7632 7141
internal_count=25545 13268 10092 8456 7632 7141
is_linear=0
shrinkage=0.000132856


Tree=929
num_leaves=7
num_cat=0
split_feature=12 11 15 15 13 4
split_gain=8.49305e-05 0.00013576 9.46963e-05 3.64813e-05 4.25659e-05 4.04158e-05
threshold=0.0062530678185051944 36.340487697996558 446.47439535245582 -300.87883665216208 0.0028660026536235388 940.64570500000013
decision_type=2 2 2 2 2 2
left_child=-1 -2 3 -3 -5 -6
right_child=1 2 -4 4 5 -7
leaf_value=0 0 0 0 0 0 3.5399258032222458e-08
leaf_weight=12277 3176 824 1636 491 540 6601
leaf_count=12277 3176 824 1636 491 540 6601
internal_value=4.84237e-09 1.25741e-08 2.11009e-08 2.69997e-08 2.98666e-08 3.25347e-08
internal_weight=25545 13268 10092 8456 7632 7141
internal_count=25545 13268 10092 8456 7632 7141
is_linear=0
shrinkage=0.000132856


Tree=930
num_leaves=7
num_cat=0
split_feature=12 11 15 15 13 4
split_gain=8.49033e-05 0.00013573 9.46756e-05 3.64712e-05 4.25565e-05 4.04058e-05
threshold=0.0062530678185051944 36.340487697996558 446.47439535245582 -300.87883665216208 0.0028660026536235388 940.64570500000013
decision_type=2 2 2 2 2 2
left_child=-1 -2 3 -3 -5 -6
right_child=1 2 -4 4 5 -7
leaf_value=0 0 0 0 0 0 3.539455699274265e-08
leaf_weight=12277 3176 824 1636 491 540 6601
leaf_count=12277 3176 824 1636 491 540 6601
internal_value=4.84115e-09 1.25718e-08 2.10978e-08 2.6996e-08 2.98625e-08 3.25304e-08
internal_weight=25545 13268 10092 8456 7632 7141
internal_count=25545 13268 10092 8456 7632 7141
is_linear=0
shrinkage=0.000132856


Tree=931
num_leaves=7
num_cat=0
split_feature=12 11 15 15 13 4
split_gain=8.48761e-05 0.0001357 9.46549e-05 3.64611e-05 4.25471e-05 4.03957e-05
threshold=0.0062530678185051944 36.340487697996558 446.47439535245582 -300.87883665216208 0.0028660026536235388 940.64570500000013
decision_type=2 2 2 2 2 2
left_child=-1 -2 3 -3 -5 -6
right_child=1 2 -4 4 5 -7
leaf_value=0 0 0 0 0 0 3.5389856073451496e-08
leaf_weight=12277 3176 824 1636 491 540 6601
leaf_count=12277 3176 824 1636 491 540 6601
internal_value=4.83994e-09 1.25695e-08 2.10947e-08 2.69923e-08 2.98585e-08 3.2526e-08
internal_weight=25545 13268 10092 8456 7632 7141
internal_count=25545 13268 10092 8456 7632 7141
is_linear=0
shrinkage=0.000132856


Tree=932
num_leaves=7
num_cat=0
split_feature=12 11 15 15 13 4
split_gain=8.4849e-05 0.00013567 9.46341e-05 3.6451e-05 4.25377e-05 4.03856e-05
threshold=0.0062530678185051944 36.340487697996558 446.47439535245582 -300.87883665216208 0.0028660026536235388 940.64570500000013
decision_type=2 2 2 2 2 2
left_child=-1 -2 3 -3 -5 -6
right_child=1 2 -4 4 5 -7
leaf_value=0 0 0 0 0 0 3.5385156119927543e-08
leaf_weight=12277 3176 824 1636 491 540 6601
leaf_count=12277 3176 824 1636 491 540 6601
internal_value=4.83872e-09 1.25671e-08 2.10917e-08 2.69887e-08 2.98544e-08 3.25217e-08
internal_weight=25545 13268 10092 8456 7632 7141
internal_count=25545 13268 10092 8456 7632 7141
is_linear=0
shrinkage=0.000132856


Tree=933
num_leaves=7
num_cat=0
split_feature=12 11 15 15 13 4
split_gain=8.48218e-05 0.00013564 9.46134e-05 3.6441e-05 4.25283e-05 4.03756e-05
threshold=0.0062530678185051944 36.340487697996558 446.47439535245582 -300.87883665216208 0.0028660026536235388 940.64570500000013
decision_type=2 2 2 2 2 2
left_child=-1 -2 3 -3 -5 -6
right_child=1 2 -4 4 5 -7
leaf_value=0 0 0 0 0 0 3.5380456001076721e-08
leaf_weight=12277 3176 824 1636 491 540 6601
leaf_count=12277 3176 824 1636 491 540 6601
internal_value=4.83751e-09 1.25648e-08 2.10886e-08 2.6985e-08 2.98503e-08 3.25174e-08
internal_weight=25545 13268 10092 8456 7632 7141
internal_count=25545 13268 10092 8456 7632 7141
is_linear=0
shrinkage=0.000132856


Tree=934
num_leaves=7
num_cat=0
split_feature=12 11 15 15 13 4
split_gain=8.47946e-05 0.00013561 9.45926e-05 3.64309e-05 4.2519e-05 4.03655e-05
threshold=0.0062530678185051944 36.340487697996558 446.47439535245582 -300.87883665216208 0.0028660026536235388 940.64570500000013
decision_type=2 2 2 2 2 2
left_child=-1 -2 3 -3 -5 -6
right_child=1 2 -4 4 5 -7
leaf_value=0 0 0 0 0 0 3.5375757184717574e-08
leaf_weight=12277 3176 824 1636 491 540 6601
leaf_count=12277 3176 824 1636 491 540 6601
internal_value=4.8363e-09 1.25624e-08 2.10855e-08 2.69813e-08 2.98463e-08 3.2513e-08
internal_weight=25545 13268 10092 8456 7632 7141
internal_count=25545 13268 10092 8456 7632 7141
is_linear=0
shrinkage=0.000132856


Tree=935
num_leaves=7
num_cat=0
split_feature=12 11 15 15 13 4
split_gain=8.47675e-05 0.00013558 9.45719e-05 3.64208e-05 4.25096e-05 4.03554e-05
threshold=0.0062530678185051944 36.340487697996558 446.47439535245582 -300.87883665216208 0.0028660026536235388 940.64570500000013
decision_type=2 2 2 2 2 2
left_child=-1 -2 3 -3 -5 -6
right_child=1 2 -4 4 5 -7
leaf_value=0 0 0 0 0 0 3.5371058659605022e-08
leaf_weight=12277 3176 824 1636 491 540 6601
leaf_count=12277 3176 824 1636 491 540 6601
internal_value=4.83508e-09 1.25601e-08 2.10824e-08 2.69777e-08 2.98422e-08 3.25087e-08
internal_weight=25545 13268 10092 8456 7632 7141
internal_count=25545 13268 10092 8456 7632 7141
is_linear=0
shrinkage=0.000132856


Tree=936
num_leaves=9
num_cat=0
split_feature=5 13 11 12 5 14 5 11
split_gain=4.02246e-05 2.81075e-05 2.84954e-05 1.64598e-05 1.2096e-05 1.21714e-05 7.31062e-06 2.89561e-06
threshold=-0.0026346477703487188 0.0029149622153673135 21.285131465716336 0.0044704440189035537 0.0060817964016657297 0.031634343459844956 -0.0013195663014947121 81.677667723991803
decision_type=2 2 2 2 2 2 2 2
left_child=1 -1 -3 -4 5 6 -2 -8
right_child=4 2 3 -5 -6 -7 7 -9
leaf_value=0 0 0 0 2.0348695599719961e-08 0 0 -6.6878883554391146e-09 0
leaf_weight=518 2660 408 177 4827 2531 812 13602 207
leaf_count=518 2660 408 177 4827 2531 812 13602 207
internal_value=0 1.09401e-08 1.49255e-08 1.84769e-08 0 -3.51472e-09 -5.09954e-09 -6.35271e-09
internal_weight=25742 5930 5412 5004 19812 17281 16469 13809
internal_count=25742 5930 5412 5004 19812 17281 16469 13809
is_linear=0
shrinkage=0.000132856


Tree=937
num_leaves=9
num_cat=0
split_feature=5 13 11 12 5 14 5 11
split_gain=4.02085e-05 2.81016e-05 2.84901e-05 1.64571e-05 1.20912e-05 1.21693e-05 7.30891e-06 2.89515e-06
threshold=-0.0026346477703487188 0.0029149622153673135 21.285131465716336 0.0044704440189035537 0.0060817964016657297 0.031634343459844956 -0.0013195663014947121 81.677667723991803
decision_type=2 2 2 2 2 2 2 2
left_child=1 -1 -3 -4 5 6 -2 -8
right_child=4 2 3 -5 -6 -7 7 -9
leaf_value=0 0 0 0 2.0345994403323516e-08 0 0 -6.6870001522434046e-09 0
leaf_weight=518 2660 408 177 4827 2531 812 13602 207
leaf_count=518 2660 408 177 4827 2531 812 13602 207
internal_value=0 1.09379e-08 1.49231e-08 1.84743e-08 0 -3.51402e-09 -5.09881e-09 -6.35183e-09
internal_weight=25742 5930 5412 5004 19812 17281 16469 13809
internal_count=25742 5930 5412 5004 19812 17281 16469 13809
is_linear=0
shrinkage=0.000132856


Tree=938
num_leaves=9
num_cat=0
split_feature=5 13 11 12 5 14 5 11
split_gain=4.01923e-05 2.80957e-05 2.84849e-05 1.64543e-05 1.20864e-05 1.21671e-05 7.30719e-06 2.89469e-06
threshold=-0.0026346477703487188 0.0029149622153673135 21.285131465716336 0.0044704440189035537 0.0060817964016657297 0.031634343459844956 -0.0013195663014947121 81.677667723991803
decision_type=2 2 2 2 2 2 2 2
left_child=1 -1 -3 -4 5 6 -2 -8
right_child=4 2 3 -5 -6 -7 7 -9
leaf_value=0 0 0 0 2.0343292752708099e-08 0 0 -6.68611165622961e-09 0
leaf_weight=518 2660 408 177 4827 2531 812 13602 207
leaf_count=518 2660 408 177 4827 2531 812 13602 207
internal_value=0 1.09357e-08 1.49207e-08 1.84717e-08 0 -3.51332e-09 -5.09807e-09 -6.35096e-09
internal_weight=25742 5930 5412 5004 19812 17281 16469 13809
internal_count=25742 5930 5412 5004 19812 17281 16469 13809
is_linear=0
shrinkage=0.000132856


Tree=939
num_leaves=9
num_cat=0
split_feature=5 13 11 12 5 14 5 11
split_gain=4.01761e-05 2.80898e-05 2.84796e-05 1.64515e-05 1.20816e-05 1.21649e-05 7.30548e-06 2.89423e-06
threshold=-0.0026346477703487188 0.0029149622153673135 21.285131465716336 0.0044704440189035537 0.0060817964016657297 0.031634343459844956 -0.0013195663014947121 81.677667723991803
decision_type=2 2 2 2 2 2 2 2
left_child=1 -1 -3 -4 5 6 -2 -8
right_child=4 2 3 -5 -6 -7 7 -9
leaf_value=0 0 0 0 2.0340590831736907e-08 0 0 -6.6852236034654237e-09 0
leaf_weight=518 2660 408 177 4827 2531 812 13602 207
leaf_count=518 2660 408 177 4827 2531 812 13602 207
internal_value=0 1.09335e-08 1.49183e-08 1.84691e-08 0 -3.51262e-09 -5.09734e-09 -6.35008e-09
internal_weight=25742 5930 5412 5004 19812 17281 16469 13809
internal_count=25742 5930 5412 5004 19812 17281 16469 13809
is_linear=0
shrinkage=0.000132856


Tree=940
num_leaves=9
num_cat=0
split_feature=5 13 11 12 5 14 5 11
split_gain=4.016e-05 2.80839e-05 2.84744e-05 1.64488e-05 1.20767e-05 1.21627e-05 7.30376e-06 2.89377e-06
threshold=-0.0026346477703487188 0.0029149622153673135 21.285131465716336 0.0044704440189035537 0.0060817964016657297 0.031634343459844956 -0.0013195663014947121 81.677667723991803
decision_type=2 2 2 2 2 2 2 2
left_child=1 -1 -3 -4 5 6 -2 -8
right_child=4 2 3 -5 -6 -7 7 -9
leaf_value=0 0 0 0 2.0337890230504741e-08 0 0 -6.6843356014737769e-09 0
leaf_weight=518 2660 408 177 4827 2531 812 13602 207
leaf_count=518 2660 408 177 4827 2531 812 13602 207
internal_value=0 1.09313e-08 1.49158e-08 1.84665e-08 0 -3.51192e-09 -5.0966e-09 -6.34921e-09
internal_weight=25742 5930 5412 5004 19812 17281 16469 13809
internal_count=25742 5930 5412 5004 19812 17281 16469 13809
is_linear=0
shrinkage=0.000132856


Tree=941
num_leaves=9
num_cat=0
split_feature=5 13 11 12 5 14 5 11
split_gain=4.01438e-05 2.8078e-05 2.84692e-05 1.6446e-05 1.20719e-05 1.21606e-05 7.30205e-06 2.89331e-06
threshold=-0.0026346477703487188 0.0029149622153673135 21.285131465716336 0.0044704440189035537 0.0060817964016657297 0.031634343459844956 -0.0013195663014947121 81.677667723991803
decision_type=2 2 2 2 2 2 2 2
left_child=1 -1 -3 -4 5 6 -2 -8
right_child=4 2 3 -5 -6 -7 7 -9
leaf_value=0 0 0 0 2.0335189468585416e-08 0 0 -6.6834476206210433e-09 0
leaf_weight=518 2660 408 177 4827 2531 812 13602 207
leaf_count=518 2660 408 177 4827 2531 812 13602 207
internal_value=0 1.09291e-08 1.49134e-08 1.84639e-08 0 -3.51122e-09 -5.09587e-09 -6.34833e-09
internal_weight=25742 5930 5412 5004 19812 17281 16469 13809
internal_count=25742 5930 5412 5004 19812 17281 16469 13809
is_linear=0
shrinkage=0.000132856


Tree=942
num_leaves=9
num_cat=0
split_feature=5 13 11 12 5 14 5 11
split_gain=4.01277e-05 2.80721e-05 2.84639e-05 1.64432e-05 1.20671e-05 1.21584e-05 7.30033e-06 2.89285e-06
threshold=-0.0026346477703487188 0.0029149622153673135 21.285131465716336 0.0044704440189035537 0.0060817964016657297 0.031634343459844956 -0.0013195663014947121 81.677667723991803
decision_type=2 2 2 2 2 2 2 2
left_child=1 -1 -3 -4 5 6 -2 -8
right_child=4 2 3 -5 -6 -7 7 -9
leaf_value=0 0 0 0 2.0332488230572195e-08 0 0 -6.6825603014014646e-09 0
leaf_weight=518 2660 408 177 4827 2531 812 13602 207
leaf_count=518 2660 408 177 4827 2531 812 13602 207
internal_value=0 1.09269e-08 1.4911e-08 1.84612e-08 0 -3.51052e-09 -5.09514e-09 -6.34746e-09
internal_weight=25742 5930 5412 5004 19812 17281 16469 13809
internal_count=25742 5930 5412 5004 19812 17281 16469 13809
is_linear=0
shrinkage=0.000132856


Tree=943
num_leaves=9
num_cat=0
split_feature=5 13 11 12 5 14 5 11
split_gain=4.01115e-05 2.80662e-05 2.84587e-05 1.64405e-05 1.20623e-05 1.21562e-05 7.29862e-06 2.89239e-06
threshold=-0.0026346477703487188 0.0029149622153673135 21.285131465716336 0.0044704440189035537 0.0060817964016657297 0.031634343459844956 -0.0013195663014947121 81.677667723991803
decision_type=2 2 2 2 2 2 2 2
left_child=1 -1 -3 -4 5 6 -2 -8
right_child=4 2 3 -5 -6 -7 7 -9
leaf_value=0 0 0 0 2.0329787806553798e-08 0 0 -6.6816720385031461e-09 0
leaf_weight=518 2660 408 177 4827 2531 812 13602 207
leaf_count=518 2660 408 177 4827 2531 812 13602 207
internal_value=0 1.09247e-08 1.49086e-08 1.84586e-08 0 -3.50982e-09 -5.0944e-09 -6.34658e-09
internal_weight=25742 5930 5412 5004 19812 17281 16469 13809
internal_count=25742 5930 5412 5004 19812 17281 16469 13809
is_linear=0
shrinkage=0.000132856


Tree=944
num_leaves=6
num_cat=0
split_feature=5 5 12 12 12
split_gain=1.50636e-05 6.08102e-05 1.26932e-05 1.19896e-05 3.95784e-07
threshold=-0.0025697584393127855 0.0060817964016657297 0.0026817717835810623 0.015350312035490947 0.0044005138062884691
decision_type=2 2 2 2 2
left_child=4 2 -2 -4 -1
right_child=1 -3 3 -5 -6
leaf_value=0 0 0 -1.083974539906878e-08 0 5.4670783994314908e-09
leaf_weight=263 2950 2546 13709 429 5713
leaf_count=263 2950 2546 13709 429 5713
internal_value=0 -2.27969e-09 -8.29313e-09 -9.94832e-09 5.23502e-09
internal_weight=25610 19634 17088 14138 5976
internal_count=25610 19634 17088 14138 5976
is_linear=0
shrinkage=0.000132856


Tree=945
num_leaves=6
num_cat=0
split_feature=5 5 12 12 12
split_gain=1.5056e-05 6.07968e-05 1.26895e-05 1.19876e-05 3.95675e-07
threshold=-0.0025697584393127855 0.0060817964016657297 0.0026817717835810623 0.015350312035490947 0.0044005138062884691
decision_type=2 2 2 2 2
left_child=4 2 -2 -4 -1
right_child=1 -3 3 -5 -6
leaf_value=0 0 0 -1.0838305571508648e-08 0 5.4663521977327994e-09
leaf_weight=263 2950 2546 13709 429 5713
leaf_count=263 2950 2546 13709 429 5713
internal_value=0 -2.27868e-09 -8.29198e-09 -9.94692e-09 5.23433e-09
internal_weight=25610 19634 17088 14138 5976
internal_count=25610 19634 17088 14138 5976
is_linear=0
shrinkage=0.000132856


Tree=946
num_leaves=6
num_cat=0
split_feature=5 5 12 12 12
split_gain=1.50485e-05 6.07833e-05 1.26858e-05 1.19856e-05 3.95566e-07
threshold=-0.0025697584393127855 0.0060817964016657297 0.0026817717835810623 0.015350312035490947 0.0044005138062884691
decision_type=2 2 2 2 2
left_child=4 2 -2 -4 -1
right_child=1 -3 3 -5 -6
leaf_value=0 0 0 -1.083686589039706e-08 0 5.4656266762162116e-09
leaf_weight=263 2950 2546 13709 429 5713
leaf_count=263 2950 2546 13709 429 5713
internal_value=0 -2.27768e-09 -8.29082e-09 -9.94552e-09 5.23363e-09
internal_weight=25610 19634 17088 14138 5976
internal_count=25610 19634 17088 14138 5976
is_linear=0
shrinkage=0.000132856


Tree=947
num_leaves=6
num_cat=0
split_feature=5 5 12 12 12
split_gain=1.50409e-05 6.07699e-05 1.26821e-05 1.19836e-05 3.95457e-07
threshold=-0.0025697584393127855 0.0060817964016657297 0.0026817717835810623 0.015350312035490947 0.0044005138062884691
decision_type=2 2 2 2 2
left_child=4 2 -2 -4 -1
right_child=1 -3 3 -5 -6
leaf_value=0 0 0 -1.0835426215331686e-08 0 5.4649005841407641e-09
leaf_weight=263 2950 2546 13709 429 5713
leaf_count=263 2950 2546 13709 429 5713
internal_value=0 -2.27667e-09 -8.28967e-09 -9.94413e-09 5.23294e-09
internal_weight=25610 19634 17088 14138 5976
internal_count=25610 19634 17088 14138 5976
is_linear=0
shrinkage=0.000132856


Tree=948
num_leaves=6
num_cat=0
split_feature=5 5 12 12 12
split_gain=1.50334e-05 6.07564e-05 1.26784e-05 1.19816e-05 3.95348e-07
threshold=-0.0025697584393127855 0.0060817964016657297 0.0026817717835810623 0.015350312035490947 0.0044005138062884691
decision_type=2 2 2 2 2
left_child=4 2 -2 -4 -1
right_child=1 -3 3 -5 -6
leaf_value=0 0 0 -1.0833986962207182e-08 0 5.4641754966349704e-09
leaf_weight=263 2950 2546 13709 429 5713
leaf_count=263 2950 2546 13709 429 5713
internal_value=0 -2.27567e-09 -8.28851e-09 -9.94273e-09 5.23225e-09
internal_weight=25610 19634 17088 14138 5976
internal_count=25610 19634 17088 14138 5976
is_linear=0
shrinkage=0.000132856


Tree=949
num_leaves=6
num_cat=0
split_feature=5 5 12 12 12
split_gain=1.50258e-05 6.0743e-05 1.26747e-05 1.19796e-05 3.95239e-07
threshold=-0.0025697584393127855 0.0060817964016657297 0.0026817717835810623 0.015350312035490947 0.0044005138062884691
decision_type=2 2 2 2 2
left_child=4 2 -2 -4 -1
right_child=1 -3 3 -5 -6
leaf_value=0 0 0 -1.0832548109336154e-08 0 5.4634489997410725e-09
leaf_weight=263 2950 2546 13709 429 5713
leaf_count=263 2950 2546 13709 429 5713
internal_value=0 -2.27466e-09 -8.28736e-09 -9.94134e-09 5.23155e-09
internal_weight=25610 19634 17088 14138 5976
internal_count=25610 19634 17088 14138 5976
is_linear=0
shrinkage=0.000132856


Tree=950
num_leaves=6
num_cat=0
split_feature=5 5 12 12 12
split_gain=1.50183e-05 6.07295e-05 1.2671e-05 1.19776e-05 3.9513e-07
threshold=-0.0025697584393127855 0.0060817964016657297 0.0026817717835810623 0.015350312035490947 0.0044005138062884691
decision_type=2 2 2 2 2
left_child=4 2 -2 -4 -1
right_child=1 -3 3 -5 -6
leaf_value=0 0 0 -1.0831108954766349e-08 0 5.4627240253523012e-09
leaf_weight=263 2950 2546 13709 429 5713
leaf_count=263 2950 2546 13709 429 5713
internal_value=0 -2.27366e-09 -8.2862e-09 -9.93994e-09 5.23086e-09
internal_weight=25610 19634 17088 14138 5976
internal_count=25610 19634 17088 14138 5976
is_linear=0
shrinkage=0.000132856


Tree=951
num_leaves=6
num_cat=0
split_feature=5 5 12 12 12
split_gain=1.50107e-05 6.07161e-05 1.26673e-05 1.19757e-05 3.95021e-07
threshold=-0.0025697584393127855 0.0060817964016657297 0.0026817717835810623 0.015350312035490947 0.0044005138062884691
decision_type=2 2 2 2 2
left_child=4 2 -2 -4 -1
right_child=1 -3 3 -5 -6
leaf_value=0 0 0 -1.0829670454097858e-08 0 5.4619979980306804e-09
leaf_weight=263 2950 2546 13709 429 5713
leaf_count=263 2950 2546 13709 429 5713
internal_value=0 -2.27265e-09 -8.28505e-09 -9.93855e-09 5.23017e-09
internal_weight=25610 19634 17088 14138 5976
internal_count=25610 19634 17088 14138 5976
is_linear=0
shrinkage=0.000132856


Tree=952
num_leaves=7
num_cat=0
split_feature=13 9 4 11 11 8
split_gain=1.94286e-05 5.88517e-05 5.48078e-05 5.78254e-05 4.82467e-05 2.3601e-05
threshold=0.0059521495707073992 28034.885601106627 1083.4509150000001 84.106609212273156 20.581455249630284 99924.795544963767
decision_type=2 2 2 2 2 2
left_child=-1 -2 -3 4 -4 -6
right_child=1 2 3 -5 5 -7
leaf_value=0 0 0 0 0 2.9057022647373508e-08 0
leaf_weight=17017 1432 1064 261 163 5491 116
leaf_count=17017 1432 1064 261 163 5491 116
internal_value=0 6.34087e-09 1.39529e-08 1.97323e-08 2.39593e-08 2.74332e-08
internal_weight=25544 8527 7095 6031 5868 5607
internal_count=25544 8527 7095 6031 5868 5607
is_linear=0
shrinkage=0.000132856


Tree=953
num_leaves=7
num_cat=0
split_feature=13 9 4 11 11 8
split_gain=1.94133e-05 5.88334e-05 5.47939e-05 5.78153e-05 4.82383e-05 2.35971e-05
threshold=0.0059521495707073992 28034.885601106627 1083.4509150000001 84.106609212273156 20.581455249630284 99924.795544963767
decision_type=2 2 2 2 2 2
left_child=-1 -2 -3 4 -4 -6
right_child=1 2 3 -5 5 -7
leaf_value=0 0 0 0 0 2.9053162381546008e-08 0
leaf_weight=17017 1432 1064 261 163 5491 116
leaf_count=17017 1432 1064 261 163 5491 116
internal_value=0 6.33838e-09 1.39499e-08 1.97288e-08 2.39557e-08 2.74295e-08
internal_weight=25544 8527 7095 6031 5868 5607
internal_count=25544 8527 7095 6031 5868 5607
is_linear=0
shrinkage=0.000132856


Tree=954
num_leaves=7
num_cat=0
split_feature=13 9 4 11 11 8
split_gain=1.93981e-05 5.88151e-05 5.47801e-05 5.78051e-05 4.823e-05 2.35932e-05
threshold=0.0059521495707073992 28034.885601106627 1083.4509150000001 84.106609212273156 20.581455249630284 99924.795544963767
decision_type=2 2 2 2 2 2
left_child=-1 -2 -3 4 -4 -6
right_child=1 2 3 -5 5 -7
leaf_value=0 0 0 0 0 2.9049303821666079e-08 0
leaf_weight=17017 1432 1064 261 163 5491 116
leaf_count=17017 1432 1064 261 163 5491 116
internal_value=0 6.3359e-09 1.3947e-08 1.97253e-08 2.39521e-08 2.74257e-08
internal_weight=25544 8527 7095 6031 5868 5607
internal_count=25544 8527 7095 6031 5868 5607
is_linear=0
shrinkage=0.000132856


Tree=955
num_leaves=7
num_cat=0
split_feature=13 9 4 11 11 8
split_gain=1.93829e-05 5.87968e-05 5.47662e-05 5.7795e-05 4.82216e-05 2.35893e-05
threshold=0.0059521495707073992 28034.885601106627 1083.4509150000001 84.106609212273156 20.581455249630284 99924.795544963767
decision_type=2 2 2 2 2 2
left_child=-1 -2 -3 4 -4 -6
right_child=1 2 3 -5 5 -7
leaf_value=0 0 0 0 0 2.9045446851018541e-08 0
leaf_weight=17017 1432 1064 261 163 5491 116
leaf_count=17017 1432 1064 261 163 5491 116
internal_value=0 6.33341e-09 1.3944e-08 1.97218e-08 2.39485e-08 2.74219e-08
internal_weight=25544 8527 7095 6031 5868 5607
internal_count=25544 8527 7095 6031 5868 5607
is_linear=0
shrinkage=0.000132856


Tree=956
num_leaves=7
num_cat=0
split_feature=13 9 4 11 11 8
split_gain=1.93677e-05 5.87786e-05 5.47523e-05 5.77848e-05 4.82133e-05 2.35854e-05
threshold=0.0059521495707073992 28034.885601106627 1083.4509150000001 84.106609212273156 20.581455249630284 99924.795544963767
decision_type=2 2 2 2 2 2
left_child=-1 -2 -3 4 -4 -6
right_child=1 2 3 -5 5 -7
leaf_value=0 0 0 0 0 2.9041589516807416e-08 0
leaf_weight=17017 1432 1064 261 163 5491 116
leaf_count=17017 1432 1064 261 163 5491 116
internal_value=0 6.33093e-09 1.3941e-08 1.97183e-08 2.39449e-08 2.74181e-08
internal_weight=25544 8527 7095 6031 5868 5607
internal_count=25544 8527 7095 6031 5868 5607
is_linear=0
shrinkage=0.000132856


Tree=957
num_leaves=7
num_cat=0
split_feature=13 9 4 11 11 8
split_gain=1.93525e-05 5.87603e-05 5.47385e-05 5.77747e-05 4.8205e-05 2.35815e-05
threshold=0.0059521495707073992 28034.885601106627 1083.4509150000001 84.106609212273156 20.581455249630284 99924.795544963767
decision_type=2 2 2 2 2 2
left_child=-1 -2 -3 4 -4 -6
right_child=1 2 3 -5 5 -7
leaf_value=0 0 0 0 0 2.9037733194112224e-08 0
leaf_weight=17017 1432 1064 261 163 5491 116
leaf_count=17017 1432 1064 261 163 5491 116
internal_value=0 6.32845e-09 1.3938e-08 1.97148e-08 2.39413e-08 2.74144e-08
internal_weight=25544 8527 7095 6031 5868 5607
internal_count=25544 8527 7095 6031 5868 5607
is_linear=0
shrinkage=0.000132856


Tree=958
num_leaves=7
num_cat=0
split_feature=13 9 4 11 11 8
split_gain=1.93373e-05 5.8742e-05 5.47246e-05 5.77645e-05 4.81966e-05 2.35776e-05
threshold=0.0059521495707073992 28034.885601106627 1083.4509150000001 84.106609212273156 20.581455249630284 99924.795544963767
decision_type=2 2 2 2 2 2
left_child=-1 -2 -3 4 -4 -6
right_child=1 2 3 -5 5 -7
leaf_value=0 0 0 0 0 2.9033875294648584e-08 0
leaf_weight=17017 1432 1064 261 163 5491 116
leaf_count=17017 1432 1064 261 163 5491 116
internal_value=0 6.32596e-09 1.3935e-08 1.97113e-08 2.39377e-08 2.74106e-08
internal_weight=25544 8527 7095 6031 5868 5607
internal_count=25544 8527 7095 6031 5868 5607
is_linear=0
shrinkage=0.000132856


Tree=959
num_leaves=7
num_cat=0
split_feature=13 9 4 11 11 8
split_gain=1.93222e-05 5.87238e-05 5.47107e-05 5.77544e-05 4.81883e-05 2.35737e-05
threshold=0.0059521495707073992 28034.885601106627 1083.4509150000001 84.106609212273156 20.581455249630284 99924.795544963767
decision_type=2 2 2 2 2 2
left_child=-1 -2 -3 4 -4 -6
right_child=1 2 3 -5 5 -7
leaf_value=0 0 0 0 0 2.903002068441202e-08 0
leaf_weight=17017 1432 1064 261 163 5491 116
leaf_count=17017 1432 1064 261 163 5491 116
internal_value=0 6.32348e-09 1.3932e-08 1.97078e-08 2.39341e-08 2.74068e-08
internal_weight=25544 8527 7095 6031 5868 5607
internal_count=25544 8527 7095 6031 5868 5607
is_linear=0
shrinkage=0.000132856


Tree=960
num_leaves=8
num_cat=0
split_feature=5 13 12 6 5 12 5
split_gain=0.000122327 0.000104064 1.86351e-05 5.14736e-06 8.96415e-06 1.20279e-05 4.06265e-06
threshold=-0.0025697584393127855 0.0049596414367724566 0.0067336970209138881 0.018111233280282638 0.01611157229307492 0.0037541527330798093 -0.0021725220760916981
decision_type=2 2 2 2 2 2 2
left_child=1 -1 -3 4 5 -2 -7
right_child=3 2 -4 -5 -6 6 -8
leaf_value=0 0 0 3.6289065953965602e-08 0 0 0 -6.593233642706339e-09
leaf_weight=2276 5552 450 3282 997 137 562 12261
leaf_count=2276 5552 450 3282 997 137 562 12261
internal_value=0 1.89539e-08 3.27126e-08 0 -2.21524e-09 -3.68153e-09 -5.99788e-09
internal_weight=25517 6008 3732 19509 18512 18375 12823
internal_count=25517 6008 3732 19509 18512 18375 12823
is_linear=0
shrinkage=0.000132856


Tree=961
num_leaves=8
num_cat=0
split_feature=5 13 12 6 5 12 5
split_gain=0.000122293 0.000104039 1.86287e-05 5.14467e-06 8.96237e-06 1.20251e-05 4.06193e-06
threshold=-0.0025697584393127855 0.0049596414367724566 0.0067336970209138881 0.018111233280282638 0.01611157229307492 0.0037541527330798093 -0.0021725220760916981
decision_type=2 2 2 2 2 2 2
left_child=1 -1 -3 4 5 -2 -7
right_child=3 2 -4 -5 -6 6 -8
leaf_value=0 0 0 3.6284247515449954e-08 0 0 0 -6.5923579148089966e-09
leaf_weight=2276 5552 450 3282 997 137 562 12261
leaf_count=2276 5552 450 3282 997 137 562 12261
internal_value=0 1.89513e-08 3.27083e-08 0 -2.21466e-09 -3.68095e-09 -5.99704e-09
internal_weight=25517 6008 3732 19509 18512 18375 12823
internal_count=25517 6008 3732 19509 18512 18375 12823
is_linear=0
shrinkage=0.000132856


Tree=962
num_leaves=8
num_cat=0
split_feature=5 13 12 6 5 12 5
split_gain=0.000122259 0.000104015 1.86222e-05 5.14197e-06 8.96059e-06 1.20223e-05 4.0612e-06
threshold=-0.0025697584393127855 0.0049596414367724566 0.0067336970209138881 0.018111233280282638 0.01611157229307492 0.0037541527330798093 -0.0021725220760916981
decision_type=2 2 2 2 2 2 2
left_child=1 -1 -3 4 5 -2 -7
right_child=3 2 -4 -5 -6 6 -8
leaf_value=0 0 0 3.6279429565832426e-08 0 0 0 -6.5914821106481437e-09
leaf_weight=2276 5552 450 3282 997 137 562 12261
leaf_count=2276 5552 450 3282 997 137 562 12261
internal_value=0 1.89487e-08 3.27041e-08 0 -2.21408e-09 -3.68037e-09 -5.99621e-09
internal_weight=25517 6008 3732 19509 18512 18375 12823
internal_count=25517 6008 3732 19509 18512 18375 12823
is_linear=0
shrinkage=0.000132856


Tree=963
num_leaves=8
num_cat=0
split_feature=5 13 12 6 5 12 5
split_gain=0.000122225 0.00010399 1.86158e-05 5.13928e-06 8.9588e-06 1.20194e-05 4.06048e-06
threshold=-0.0025697584393127855 0.0049596414367724566 0.0067336970209138881 0.018111233280282638 0.01611157229307492 0.0037541527330798093 -0.0021725220760916981
decision_type=2 2 2 2 2 2 2
left_child=1 -1 -3 4 5 -2 -7
right_child=3 2 -4 -5 -6 6 -8
leaf_value=0 0 0 3.6274612357141318e-08 0 0 0 -6.5906067122174904e-09
leaf_weight=2276 5552 450 3282 997 137 562 12261
leaf_count=2276 5552 450 3282 997 137 562 12261
internal_value=0 1.8946e-08 3.26999e-08 0 -2.2135e-09 -3.67978e-09 -5.99537e-09
internal_weight=25517 6008 3732 19509 18512 18375 12823
internal_count=25517 6008 3732 19509 18512 18375 12823
is_linear=0
shrinkage=0.000132856


Tree=964
num_leaves=8
num_cat=0
split_feature=5 13 12 6 5 12 5
split_gain=0.000122191 0.000103965 1.86094e-05 5.13659e-06 8.95702e-06 1.20166e-05 4.05976e-06
threshold=-0.0025697584393127855 0.0049596414367724566 0.0067336970209138881 0.018111233280282638 0.01611157229307492 0.0037541527330798093 -0.0021725220760916981
decision_type=2 2 2 2 2 2 2
left_child=1 -1 -3 4 5 -2 -7
right_child=3 2 -4 -5 -6 6 -8
leaf_value=0 0 0 3.6269797152608713e-08 0 0 0 -6.5897308316231595e-09
leaf_weight=2276 5552 450 3282 997 137 562 12261
leaf_count=2276 5552 450 3282 997 137 562 12261
internal_value=0 1.89434e-08 3.26956e-08 0 -2.21292e-09 -3.6792e-09 -5.99453e-09
internal_weight=25517 6008 3732 19509 18512 18375 12823
internal_count=25517 6008 3732 19509 18512 18375 12823
is_linear=0
shrinkage=0.000132856


Tree=965
num_leaves=8
num_cat=0
split_feature=5 13 12 6 5 12 5
split_gain=0.000122157 0.000103941 1.8603e-05 5.1339e-06 8.95523e-06 1.20138e-05 4.05903e-06
threshold=-0.0025697584393127855 0.0049596414367724566 0.0067336970209138881 0.018111233280282638 0.01611157229307492 0.0037541527330798093 -0.0021725220760916981
decision_type=2 2 2 2 2 2 2
left_child=1 -1 -3 4 5 -2 -7
right_child=3 2 -4 -5 -6 6 -8
leaf_value=0 0 0 3.6264981532247801e-08 0 0 0 -6.5888556078345218e-09
leaf_weight=2276 5552 450 3282 997 137 562 12261
leaf_count=2276 5552 450 3282 997 137 562 12261
internal_value=0 1.89408e-08 3.26914e-08 0 -2.21234e-09 -3.67861e-09 -5.99369e-09
internal_weight=25517 6008 3732 19509 18512 18375 12823
internal_count=25517 6008 3732 19509 18512 18375 12823
is_linear=0
shrinkage=0.000132856


Tree=966
num_leaves=8
num_cat=0
split_feature=5 13 12 6 5 12 5
split_gain=0.000122123 0.000103916 1.85966e-05 5.13121e-06 8.95345e-06 1.2011e-05 4.05831e-06
threshold=-0.0025697584393127855 0.0049596414367724566 0.0067336970209138881 0.018111233280282638 0.01611157229307492 0.0037541527330798093 -0.0021725220760916981
decision_type=2 2 2 2 2 2 2
left_child=1 -1 -3 4 5 -2 -7
right_child=3 2 -4 -5 -6 6 -8
leaf_value=0 0 0 3.6260166407849152e-08 0 0 0 -6.5879804388299321e-09
leaf_weight=2276 5552 450 3282 997 137 562 12261
leaf_count=2276 5552 450 3282 997 137 562 12261
internal_value=0 1.89381e-08 3.26872e-08 0 -2.21176e-09 -3.67803e-09 -5.99286e-09
internal_weight=25517 6008 3732 19509 18512 18375 12823
internal_count=25517 6008 3732 19509 18512 18375 12823
is_linear=0
shrinkage=0.000132856


Tree=967
num_leaves=8
num_cat=0
split_feature=5 13 12 6 5 12 5
split_gain=0.000122089 0.000103892 1.85902e-05 5.12852e-06 8.95167e-06 1.20082e-05 4.05759e-06
threshold=-0.0025697584393127855 0.0049596414367724566 0.0067336970209138881 0.018111233280282638 0.01611157229307492 0.0037541527330798093 -0.0021725220760916981
decision_type=2 2 2 2 2 2 2
left_child=1 -1 -3 4 5 -2 -7
right_child=3 2 -4 -5 -6 6 -8
leaf_value=0 0 0 3.6255352880794862e-08 0 0 0 -6.5871054036687596e-09
leaf_weight=2276 5552 450 3282 997 137 562 12261
leaf_count=2276 5552 450 3282 997 137 562 12261
internal_value=0 1.89355e-08 3.26829e-08 0 -2.21119e-09 -3.67745e-09 -5.99202e-09
internal_weight=25517 6008 3732 19509 18512 18375 12823
internal_count=25517 6008 3732 19509 18512 18375 12823
is_linear=0
shrinkage=0.000132856


Tree=968
num_leaves=6
num_cat=0
split_feature=6 12 12 6 12
split_gain=8.6015e-06 3.51273e-05 3.16762e-05 5.54419e-06 3.3626e-06
threshold=-0.0025140777179303293 0.020315958402072384 0.0033171559946192975 0.032122975207200428 0.0033879890439020761
decision_type=2 2 2 2 2
left_child=4 2 -2 -4 -1
right_child=1 -3 3 -5 -6
leaf_value=0 0 0 -1.009190850491308e-08 0 5.2588099943141838e-09
leaf_weight=634 3948 743 12575 128 7491
leaf_count=634 3948 743 12575 128 7491
internal_value=0 -4.76594e-10 -6.12117e-09 -9.64978e-09 4.26553e-09
internal_weight=25519 17394 16651 12703 8125
internal_count=25519 17394 16651 12703 8125
is_linear=0
shrinkage=0.000132856


Tree=969
num_leaves=6
num_cat=0
split_feature=6 12 12 6 12
split_gain=8.59806e-06 3.51165e-05 3.16695e-05 5.54334e-06 3.36202e-06
threshold=-0.0025140777179303293 0.020315958402072384 0.0033171559946192975 0.032122975207200428 0.0033879890439020761
decision_type=2 2 2 2 2
left_child=4 2 -2 -4 -1
right_child=1 -3 3 -5 -6
leaf_value=0 0 0 -1.0090567792575287e-08 0 5.258110882017084e-09
leaf_weight=634 3948 743 12575 128 7491
leaf_count=634 3948 743 12575 128 7491
internal_value=0 -4.75624e-10 -6.12016e-09 -9.64845e-09 4.26488e-09
internal_weight=25519 17394 16651 12703 8125
internal_count=25519 17394 16651 12703 8125
is_linear=0
shrinkage=0.000132856


Tree=970
num_leaves=6
num_cat=0
split_feature=6 12 12 6 12
split_gain=8.59463e-06 3.51057e-05 3.16628e-05 5.5425e-06 3.36143e-06
threshold=-0.0025140777179303293 0.020315958402072384 0.0033171559946192975 0.032122975207200428 0.0033879890439020761
decision_type=2 2 2 2 2
left_child=4 2 -2 -4 -1
right_child=1 -3 3 -5 -6
leaf_value=0 0 0 -1.0089227759864932e-08 0 5.2574127411690111e-09
leaf_weight=634 3948 743 12575 128 7491
leaf_count=634 3948 743 12575 128 7491
internal_value=0 -4.74656e-10 -6.11915e-09 -9.64713e-09 4.26424e-09
internal_weight=25519 17394 16651 12703 8125
internal_count=25519 17394 16651 12703 8125
is_linear=0
shrinkage=0.000132856


Tree=971
num_leaves=6
num_cat=0
split_feature=6 12 12 6 12
split_gain=8.5912e-06 3.50949e-05 3.1656e-05 5.54165e-06 3.36084e-06
threshold=-0.0025140777179303293 0.020315958402072384 0.0033171559946192975 0.032122975207200428 0.0033879890439020761
decision_type=2 2 2 2 2
left_child=4 2 -2 -4 -1
right_child=1 -3 3 -5 -6
leaf_value=0 0 0 -1.0087887276570157e-08 0 5.2567152938334295e-09
leaf_weight=634 3948 743 12575 128 7491
leaf_count=634 3948 743 12575 128 7491
internal_value=0 -4.73686e-10 -6.11814e-09 -9.6458e-09 4.2636e-09
internal_weight=25519 17394 16651 12703 8125
internal_count=25519 17394 16651 12703 8125
is_linear=0
shrinkage=0.000132856


Tree=972
num_leaves=6
num_cat=0
split_feature=6 12 12 6 12
split_gain=8.58776e-06 3.50842e-05 3.16493e-05 5.54081e-06 3.36025e-06
threshold=-0.0025140777179303293 0.020315958402072384 0.0033171559946192975 0.032122975207200428 0.0033879890439020761
decision_type=2 2 2 2 2
left_child=4 2 -2 -4 -1
right_child=1 -3 3 -5 -6
leaf_value=0 0 0 -1.0086547238912216e-08 0 5.2560166767376823e-09
leaf_weight=634 3948 743 12575 128 7491
leaf_count=634 3948 743 12575 128 7491
internal_value=0 -4.72718e-10 -6.11713e-09 -9.64447e-09 4.26295e-09
internal_weight=25519 17394 16651 12703 8125
internal_count=25519 17394 16651 12703 8125
is_linear=0
shrinkage=0.000132856


Tree=973
num_leaves=6
num_cat=0
split_feature=6 12 12 6 12
split_gain=8.58433e-06 3.50734e-05 3.16425e-05 5.53996e-06 3.35966e-06
threshold=-0.0025140777179303293 0.020315958402072384 0.0033171559946192975 0.032122975207200428 0.0033879890439020761
decision_type=2 2 2 2 2
left_child=4 2 -2 -4 -1
right_child=1 -3 3 -5 -6
leaf_value=0 0 0 -1.0085207163281468e-08 0 5.2553179006168933e-09
leaf_weight=634 3948 743 12575 128 7491
leaf_count=634 3948 743 12575 128 7491
internal_value=0 -4.71749e-10 -6.11611e-09 -9.64315e-09 4.26231e-09
internal_weight=25519 17394 16651 12703 8125
internal_count=25519 17394 16651 12703 8125
is_linear=0
shrinkage=0.000132856


Tree=974
num_leaves=6
num_cat=0
split_feature=6 12 12 6 12
split_gain=8.58091e-06 3.50626e-05 3.16358e-05 5.53912e-06 3.35907e-06
threshold=-0.0025140777179303293 0.020315958402072384 0.0033171559946192975 0.032122975207200428 0.0033879890439020761
decision_type=2 2 2 2 2
left_child=4 2 -2 -4 -1
right_child=1 -3 3 -5 -6
leaf_value=0 0 0 -1.008386807209626e-08 0 5.25462004756619e-09
leaf_weight=634 3948 743 12575 128 7491
leaf_count=634 3948 743 12575 128 7491
internal_value=0 -4.70781e-10 -6.1151e-09 -9.64182e-09 4.26166e-09
internal_weight=25519 17394 16651 12703 8125
internal_count=25519 17394 16651 12703 8125
is_linear=0
shrinkage=0.000132856


Tree=975
num_leaves=6
num_cat=0
split_feature=6 12 12 6 12
split_gain=8.57748e-06 3.50518e-05 3.16291e-05 5.53828e-06 3.35848e-06
threshold=-0.0025140777179303293 0.020315958402072384 0.0033171559946192975 0.032122975207200428 0.0033879890439020761
decision_type=2 2 2 2 2
left_child=4 2 -2 -4 -1
right_child=1 -3 3 -5 -6
leaf_value=0 0 0 -1.0082528478659437e-08 0 5.2539222620708427e-09
leaf_weight=634 3948 743 12575 128 7491
leaf_count=634 3948 743 12575 128 7491
internal_value=0 -4.69812e-10 -6.11409e-09 -9.64049e-09 4.26102e-09
internal_weight=25519 17394 16651 12703 8125
internal_count=25519 17394 16651 12703 8125
is_linear=0
shrinkage=0.000132856


Tree=976
num_leaves=8
num_cat=0
split_feature=13 12 14 6 11 6 6
split_gain=2.87419e-05 3.89069e-05 2.74783e-05 4.26593e-05 2.91926e-06 1.9333e-05 6.44983e-06
threshold=0.0068029975272084825 0.0077797547389128864 0.071236411869651031 0.024431784038963514 62.007929394344558 -0.011509672051427665 0.014572095282796018
decision_type=2 2 2 2 2 2 2
left_child=4 -2 3 -3 5 -1 -7
right_child=1 2 -4 -5 -6 6 -8
leaf_value=0 0 2.3674568886334435e-08 0 0 0 -6.1493860350346467e-09 0
leaf_weight=1057 1462 4337 175 398 4639 13395 138
leaf_count=1057 1462 4337 175 398 4639 13395 138
internal_value=0 8.92129e-09 1.55911e-08 1.88267e-08 0 -1.87914e-09 -5.38687e-09
internal_weight=25601 6372 4910 4735 19229 14590 13533
internal_count=25601 6372 4910 4735 19229 14590 13533
is_linear=0
shrinkage=0.000132856


Tree=977
num_leaves=8
num_cat=0
split_feature=13 12 14 6 11 6 6
split_gain=2.87281e-05 3.88966e-05 2.74733e-05 4.26518e-05 2.91693e-06 1.93287e-05 6.44888e-06
threshold=0.0068029975272084825 0.0077797547389128864 0.071236411869651031 0.024431784038963514 62.007929394344558 -0.011509672051427665 0.014572095282796018
decision_type=2 2 2 2 2 2 2
left_child=4 -2 3 -3 5 -1 -7
right_child=1 2 -4 -5 -6 6 -8
leaf_value=0 0 2.3671424623234511e-08 0 0 0 -6.1485688129414467e-09 0
leaf_weight=1057 1462 4337 175 398 4639 13395 138
leaf_count=1057 1462 4337 175 398 4639 13395 138
internal_value=0 8.91915e-09 1.55883e-08 1.88238e-08 0 -1.87839e-09 -5.38606e-09
internal_weight=25601 6372 4910 4735 19229 14590 13533
internal_count=25601 6372 4910 4735 19229 14590 13533
is_linear=0
shrinkage=0.000132856


Tree=978
num_leaves=8
num_cat=0
split_feature=13 12 14 6 11 6 6
split_gain=2.87143e-05 3.88863e-05 2.74683e-05 4.26443e-05 2.91461e-06 1.93243e-05 6.44794e-06
threshold=0.0068029975272084825 0.0077797547389128864 0.071236411869651031 0.024431784038963514 62.007929394344558 -0.011509672051427665 0.014572095282796018
decision_type=2 2 2 2 2 2 2
left_child=4 -2 3 -3 5 -1 -7
right_child=1 2 -4 -5 -6 6 -8
leaf_value=0 0 2.3668281574785293e-08 0 0 0 -6.1477522951117277e-09 0
leaf_weight=1057 1462 4337 175 398 4639 13395 138
leaf_count=1057 1462 4337 175 398 4639 13395 138
internal_value=0 8.91701e-09 1.55855e-08 1.8821e-08 0 -1.87764e-09 -5.38526e-09
internal_weight=25601 6372 4910 4735 19229 14590 13533
internal_count=25601 6372 4910 4735 19229 14590 13533
is_linear=0
shrinkage=0.000132856


Tree=979
num_leaves=8
num_cat=0
split_feature=13 12 14 6 11 6 6
split_gain=2.87005e-05 3.8876e-05 2.74633e-05 4.26368e-05 2.91228e-06 1.932e-05 6.44699e-06
threshold=0.0068029975272084825 0.0077797547389128864 0.071236411869651031 0.024431784038963514 62.007929394344558 -0.011509672051427665 0.014572095282796018
decision_type=2 2 2 2 2 2 2
left_child=4 -2 3 -3 5 -1 -7
right_child=1 2 -4 -5 -6 6 -8
leaf_value=0 0 2.3665138032634798e-08 0 0 0 -6.1469359248612398e-09 0
leaf_weight=1057 1462 4337 175 398 4639 13395 138
leaf_count=1057 1462 4337 175 398 4639 13395 138
internal_value=0 8.91487e-09 1.55827e-08 1.88181e-08 0 -1.87689e-09 -5.38445e-09
internal_weight=25601 6372 4910 4735 19229 14590 13533
internal_count=25601 6372 4910 4735 19229 14590 13533
is_linear=0
shrinkage=0.000132856


Tree=980
num_leaves=8
num_cat=0
split_feature=13 12 14 6 11 6 6
split_gain=2.86867e-05 3.88657e-05 2.74583e-05 4.26293e-05 2.90995e-06 1.93156e-05 6.44605e-06
threshold=0.0068029975272084825 0.0077797547389128864 0.071236411869651031 0.024431784038963514 62.007929394344558 -0.011509672051427665 0.014572095282796018
decision_type=2 2 2 2 2 2 2
left_child=4 -2 3 -3 5 -1 -7
right_child=1 2 -4 -5 -6 6 -8
leaf_value=0 0 2.3661996079306926e-08 0 0 0 -6.1461191054570139e-09 0
leaf_weight=1057 1462 4337 175 398 4639 13395 138
leaf_count=1057 1462 4337 175 398 4639 13395 138
internal_value=0 8.91273e-09 1.55799e-08 1.88152e-08 0 -1.87614e-09 -5.38364e-09
internal_weight=25601 6372 4910 4735 19229 14590 13533
internal_count=25601 6372 4910 4735 19229 14590 13533
is_linear=0
shrinkage=0.000132856


Tree=981
num_leaves=8
num_cat=0
split_feature=13 12 14 6 11 6 6
split_gain=2.8673e-05 3.88554e-05 2.74533e-05 4.26218e-05 2.90763e-06 1.93113e-05 6.4451e-06
threshold=0.0068029975272084825 0.0077797547389128864 0.071236411869651031 0.024431784038963514 62.007929394344558 -0.011509672051427665 0.014572095282796018
decision_type=2 2 2 2 2 2 2
left_child=4 -2 3 -3 5 -1 -7
right_child=1 2 -4 -5 -6 6 -8
leaf_value=0 0 2.3658853452174434e-08 0 0 0 -6.1453028751487312e-09 0
leaf_weight=1057 1462 4337 175 398 4639 13395 138
leaf_count=1057 1462 4337 175 398 4639 13395 138
internal_value=0 8.91059e-09 1.55772e-08 1.88123e-08 0 -1.87539e-09 -5.38283e-09
internal_weight=25601 6372 4910 4735 19229 14590 13533
internal_count=25601 6372 4910 4735 19229 14590 13533
is_linear=0
shrinkage=0.000132856


Tree=982
num_leaves=8
num_cat=0
split_feature=13 12 14 6 11 6 6
split_gain=2.86592e-05 3.88451e-05 2.74483e-05 4.26143e-05 2.9053e-06 1.93069e-05 6.44416e-06
threshold=0.0068029975272084825 0.0077797547389128864 0.071236411869651031 0.024431784038963514 62.007929394344558 -0.011509672051427665 0.014572095282796018
decision_type=2 2 2 2 2 2 2
left_child=4 -2 3 -3 5 -1 -7
right_child=1 2 -4 -5 -6 6 -8
leaf_value=0 0 2.3655712590567111e-08 0 0 0 -6.1444864602812932e-09 0
leaf_weight=1057 1462 4337 175 398 4639 13395 138
leaf_count=1057 1462 4337 175 398 4639 13395 138
internal_value=0 8.90845e-09 1.55744e-08 1.88095e-08 0 -1.87464e-09 -5.38202e-09
internal_weight=25601 6372 4910 4735 19229 14590 13533
internal_count=25601 6372 4910 4735 19229 14590 13533
is_linear=0
shrinkage=0.000132856


Tree=983
num_leaves=8
num_cat=0
split_feature=13 12 14 6 11 6 6
split_gain=2.86455e-05 3.88348e-05 2.74433e-05 4.26068e-05 2.90298e-06 1.93026e-05 6.44321e-06
threshold=0.0068029975272084825 0.0077797547389128864 0.071236411869651031 0.024431784038963514 62.007929394344558 -0.011509672051427665 0.014572095282796018
decision_type=2 2 2 2 2 2 2
left_child=4 -2 3 -3 5 -1 -7
right_child=1 2 -4 -5 -6 6 -8
leaf_value=0 0 2.3652572054639792e-08 0 0 0 -6.1436700264058503e-09 0
leaf_weight=1057 1462 4337 175 398 4639 13395 138
leaf_count=1057 1462 4337 175 398 4639 13395 138
internal_value=0 8.90631e-09 1.55716e-08 1.88066e-08 0 -1.87389e-09 -5.38122e-09
internal_weight=25601 6372 4910 4735 19229 14590 13533
internal_count=25601 6372 4910 4735 19229 14590 13533
is_linear=0
shrinkage=0.000132856


Tree=984
num_leaves=9
num_cat=0
split_feature=5 4 4 5 13 12 4 4
split_gain=1.82104e-06 5.99241e-05 5.50795e-05 8.39022e-05 2.34526e-05 6.18193e-06 1.94778e-07 3.44757e-06
threshold=-0.0025697584393127855 8879.8465000000015 648.19859000000008 0.011679406640418223 0.0012811390425579287 0.002210161930858445 12716.212135000002 528.56422500000019
decision_type=2 2 2 2 2 2 2 2
left_child=6 2 -2 4 -4 -6 7 -1
right_child=1 -3 3 -5 5 -7 -8 -9
leaf_value=0 0 0 0 0 0 -1.8120508323667766e-08 0 3.4782033139103263e-09
leaf_weight=214 4371 1351 236 650 438 12381 396 5312
leaf_count=214 4371 1351 236 650 438 12381 396 5312
internal_value=0 -1.28622e-09 -7.76436e-09 -1.22652e-08 -1.64725e-08 -1.75677e-08 0 7.88609e-10
internal_weight=25349 19427 18076 13705 13055 12819 5922 5526
internal_count=25349 19427 18076 13705 13055 12819 5922 5526
is_linear=0
shrinkage=0.000132856


Tree=985
num_leaves=9
num_cat=0
split_feature=5 4 4 5 13 12 4 4
split_gain=1.8167e-06 5.99023e-05 5.50643e-05 8.38879e-05 2.34489e-05 6.18007e-06 1.94559e-07 3.44682e-06
threshold=-0.0025697584393127855 8879.8465000000015 648.19859000000008 0.011679406640418223 0.0012811390425579287 0.002210161930858445 12716.212135000002 528.56422500000019
decision_type=2 2 2 2 2 2 2 2
left_child=6 2 -2 4 -4 -6 7 -1
right_child=1 -3 3 -5 5 -7 -8 -9
leaf_value=0 0 0 0 0 0 -1.8118100915085287e-08 0 3.4777415352388248e-09
leaf_weight=214 4371 1351 236 650 438 12381 396 5312
leaf_count=214 4371 1351 236 650 438 12381 396 5312
internal_value=0 -1.28468e-09 -7.76271e-09 -1.2263e-08 -1.64702e-08 -1.75654e-08 0 7.88165e-10
internal_weight=25349 19427 18076 13705 13055 12819 5922 5526
internal_count=25349 19427 18076 13705 13055 12819 5922 5526
is_linear=0
shrinkage=0.000132856


Tree=986
num_leaves=9
num_cat=0
split_feature=5 4 4 5 13 12 4 4
split_gain=1.81237e-06 5.98804e-05 5.50491e-05 8.38737e-05 2.34452e-05 6.1782e-06 1.9434e-07 3.44607e-06
threshold=-0.0025697584393127855 8879.8465000000015 648.19859000000008 0.011679406640418223 0.0012811390425579287 0.002210161930858445 12716.212135000002 528.56422500000019
decision_type=2 2 2 2 2 2 2 2
left_child=6 2 -2 4 -4 -6 7 -1
right_child=1 -3 3 -5 5 -7 -8 -9
leaf_value=0 0 0 0 0 0 -1.8115694930664249e-08 0 3.4772806595691603e-09
leaf_weight=214 4371 1351 236 650 438 12381 396 5312
leaf_count=214 4371 1351 236 650 438 12381 396 5312
internal_value=0 -1.28315e-09 -7.76106e-09 -1.22609e-08 -1.64679e-08 -1.75631e-08 0 7.87722e-10
internal_weight=25349 19427 18076 13705 13055 12819 5922 5526
internal_count=25349 19427 18076 13705 13055 12819 5922 5526
is_linear=0
shrinkage=0.000132856


Tree=987
num_leaves=9
num_cat=0
split_feature=5 4 4 5 13 12 4 4
split_gain=1.80804e-06 5.98585e-05 5.50339e-05 8.38595e-05 2.34415e-05 6.17634e-06 1.94121e-07 3.44532e-06
threshold=-0.0025697584393127855 8879.8465000000015 648.19859000000008 0.011679406640418223 0.0012811390425579287 0.002210161930858445 12716.212135000002 528.56422500000019
decision_type=2 2 2 2 2 2 2 2
left_child=6 2 -2 4 -4 -6 7 -1
right_child=1 -3 3 -5 5 -7 -8 -9
leaf_value=0 0 0 0 0 0 -1.8113288438925244e-08 0 3.4768178862626374e-09
leaf_weight=214 4371 1351 236 650 438 12381 396 5312
leaf_count=214 4371 1351 236 650 438 12381 396 5312
internal_value=0 -1.28162e-09 -7.75941e-09 -1.22587e-08 -1.64657e-08 -1.75608e-08 0 7.87277e-10
internal_weight=25349 19427 18076 13705 13055 12819 5922 5526
internal_count=25349 19427 18076 13705 13055 12819 5922 5526
is_linear=0
shrinkage=0.000132856


Tree=988
num_leaves=9
num_cat=0
split_feature=5 4 4 5 13 12 4 4
split_gain=1.80371e-06 5.98366e-05 5.50187e-05 8.38453e-05 2.34378e-05 6.17447e-06 1.93902e-07 3.44458e-06
threshold=-0.0025697584393127855 8879.8465000000015 648.19859000000008 0.011679406640418223 0.0012811390425579287 0.002210161930858445 12716.212135000002 528.56422500000019
decision_type=2 2 2 2 2 2 2 2
left_child=6 2 -2 4 -4 -6 7 -1
right_child=1 -3 3 -5 5 -7 -8 -9
leaf_value=0 0 0 0 0 0 -1.8110882721831827e-08 0 3.4763558718175865e-09
leaf_weight=214 4371 1351 236 650 438 12381 396 5312
leaf_count=214 4371 1351 236 650 438 12381 396 5312
internal_value=0 -1.28008e-09 -7.75777e-09 -1.22565e-08 -1.64634e-08 -1.75584e-08 0 7.86833e-10
internal_weight=25349 19427 18076 13705 13055 12819 5922 5526
internal_count=25349 19427 18076 13705 13055 12819 5922 5526
is_linear=0
shrinkage=0.000132856


Tree=989
num_leaves=9
num_cat=0
split_feature=5 4 4 5 13 12 4 4
split_gain=1.79939e-06 5.98148e-05 5.50035e-05 8.38311e-05 2.34341e-05 6.17261e-06 1.93684e-07 3.44383e-06
threshold=-0.0025697584393127855 8879.8465000000015 648.19859000000008 0.011679406640418223 0.0012811390425579287 0.002210161930858445 12716.212135000002 528.56422500000019
decision_type=2 2 2 2 2 2 2 2
left_child=6 2 -2 4 -4 -6 7 -1
right_child=1 -3 3 -5 5 -7 -8 -9
leaf_value=0 0 0 0 0 0 -1.8108476423771297e-08 0 3.4758948182135575e-09
leaf_weight=214 4371 1351 236 650 438 12381 396 5312
leaf_count=214 4371 1351 236 650 438 12381 396 5312
internal_value=0 -1.27855e-09 -7.75612e-09 -1.22543e-08 -1.64611e-08 -1.75561e-08 0 7.8639e-10
internal_weight=25349 19427 18076 13705 13055 12819 5922 5526
internal_count=25349 19427 18076 13705 13055 12819 5922 5526
is_linear=0
shrinkage=0.000132856


Tree=990
num_leaves=9
num_cat=0
split_feature=5 4 4 5 13 12 4 4
split_gain=1.79508e-06 5.97929e-05 5.49883e-05 8.38169e-05 2.34304e-05 6.17074e-06 1.93465e-07 3.44308e-06
threshold=-0.0025697584393127855 8879.8465000000015 648.19859000000008 0.011679406640418223 0.0012811390425579287 0.002210161930858445 12716.212135000002 528.56422500000019
decision_type=2 2 2 2 2 2 2 2
left_child=6 2 -2 4 -4 -6 7 -1
right_child=1 -3 3 -5 5 -7 -8 -9
leaf_value=0 0 0 0 0 0 -1.8106071442981863e-08 0 3.4754329667471082e-09
leaf_weight=214 4371 1351 236 650 438 12381 396 5312
leaf_count=214 4371 1351 236 650 438 12381 396 5312
internal_value=0 -1.27702e-09 -7.75447e-09 -1.22522e-08 -1.64588e-08 -1.75538e-08 0 7.85946e-10
internal_weight=25349 19427 18076 13705 13055 12819 5922 5526
internal_count=25349 19427 18076 13705 13055 12819 5922 5526
is_linear=0
shrinkage=0.000132856


Tree=991
num_leaves=9
num_cat=0
split_feature=5 4 4 5 13 12 4 4
split_gain=1.79077e-06 5.97711e-05 5.49732e-05 8.38027e-05 2.34267e-05 6.16888e-06 1.93246e-07 3.44233e-06
threshold=-0.0025697584393127855 8879.8465000000015 648.19859000000008 0.011679406640418223 0.0012811390425579287 0.002210161930858445 12716.212135000002 528.56422500000019
decision_type=2 2 2 2 2 2 2 2
left_child=6 2 -2 4 -4 -6 7 -1
right_child=1 -3 3 -5 5 -7 -8 -9
leaf_value=0 0 0 0 0 0 -1.8103666205262616e-08 0 3.4749710039281483e-09
leaf_weight=214 4371 1351 236 650 438 12381 396 5312
leaf_count=214 4371 1351 236 650 438 12381 396 5312
internal_value=0 -1.27548e-09 -7.75282e-09 -1.225e-08 -1.64565e-08 -1.75515e-08 0 7.85502e-10
internal_weight=25349 19427 18076 13705 13055 12819 5922 5526
internal_count=25349 19427 18076 13705 13055 12819 5922 5526
is_linear=0
shrinkage=0.000132856


Tree=992
num_leaves=12
num_cat=0
split_feature=6 14 4 9 13 5 9 12 13 12 4
split_gain=5.49891e-05 0.000118021 0.000125754 9.40166e-05 4.95728e-05 4.80253e-05 2.86871e-05 3.52079e-05 2.83724e-05 7.22319e-06 6.6707e-06
threshold=-0.00037118156018395293 0.023455874089977961 823.91784000000007 21348.907801258352 0.004620885413703966 0.01611157229307492 101268.56791807823 0.0062116703242586441 0.0032327554258372924 0.003089093159623709 21995.201495000005
decision_type=2 2 2 2 2 2 2 2 2 2 2
left_child=4 2 -2 -4 -1 8 7 -6 -5 -10 -9
right_child=1 -3 3 5 6 -7 -8 10 9 -11 -12
leaf_value=0 0 0 0 0 0 0 0 2.2146609710438125e-08 0 -3.995314781067528e-08 0
leaf_weight=5500 3911 2028 1266 1114 1345 143 271 4623 155 5173 112
leaf_count=5500 3911 2028 1266 1114 1345 143 271 4623 155 5173 112
internal_value=0 -7.72296e-09 -1.57163e-08 -2.55472e-08 3.53329e-09 -3.20939e-08 1.26893e-08 1.5857e-08 -3.44154e-08 -3.9063e-08 2.13078e-08
internal_weight=25641 13790 11762 7851 11851 6585 6351 6080 6442 5328 4735
internal_count=25641 13790 11762 7851 11851 6585 6351 6080 6442 5328 4735
is_linear=0
shrinkage=0.000132856


Tree=993
num_leaves=12
num_cat=0
split_feature=6 14 4 9 13 5 9 12 13 12 4
split_gain=5.49596e-05 0.000117996 0.000125723 9.39962e-05 4.95587e-05 4.80181e-05 2.86822e-05 3.51995e-05 2.83579e-05 7.22042e-06 6.66941e-06
threshold=-0.00037118156018395293 0.023455874089977961 823.91784000000007 21348.907801258352 0.004620885413703966 0.01611157229307492 101268.56791807823 0.0062116703242586441 0.0032327554258372924 0.003089093159623709 21995.201495000005
decision_type=2 2 2 2 2 2 2 2 2 2 2
left_child=4 2 -2 -4 -1 8 7 -6 -5 -10 -9
right_child=1 -3 3 5 6 -7 -8 10 9 -11 -12
leaf_value=0 0 0 0 0 0 0 0 2.2143669021848073e-08 0 -3.994784142469788e-08 0
leaf_weight=5500 3911 2028 1266 1114 1345 143 271 4623 155 5173 112
leaf_count=5500 3911 2028 1266 1114 1345 143 271 4623 155 5173 112
internal_value=0 -7.72097e-09 -1.5714e-08 -2.55437e-08 3.53215e-09 -3.20897e-08 1.26871e-08 1.58548e-08 -3.44111e-08 -3.90578e-08 2.13049e-08
internal_weight=25641 13790 11762 7851 11851 6585 6351 6080 6442 5328 4735
internal_count=25641 13790 11762 7851 11851 6585 6351 6080 6442 5328 4735
is_linear=0
shrinkage=0.000132856


end of trees

feature_importances:
ret_1=1634
vol_21=1012
ret_3=738
hl_range=652
volume=374
momentum_12=290
rsi_14=272
ema8_ema21=184
ret_24=176
ema_21=140
low=104
high=80
open=64
ema_50=56
close=40
ema_8=40

parameters:
[boosting: gbdt]
[objective: regression]
[metric: rmse]
[tree_learner: serial]
[device_type: cpu]
[data_sample_strategy: bagging]
[data: ]
[valid: ]
[num_iterations: 1000]
[learning_rate: 0.000132856]
[num_leaves: 47]
[num_threads: 0]
[seed: 0]
[deterministic: 0]
[force_col_wise: 0]
[force_row_wise: 0]
[histogram_pool_size: -1]
[max_depth: -1]
[min_data_in_leaf: 104]
[min_sum_hessian_in_leaf: 0.001]
[bagging_fraction: 0.60821]
[pos_bagging_fraction: 1]
[neg_bagging_fraction: 1]
[bagging_freq: 8]
[bagging_seed: 3]
[bagging_by_query: 0]
[feature_fraction: 0.971126]
[feature_fraction_bynode: 1]
[feature_fraction_seed: 2]
[extra_trees: 0]
[extra_seed: 6]
[early_stopping_round: 0]
[early_stopping_min_delta: 0]
[first_metric_only: 0]
[max_delta_step: 0]
[lambda_l1: 1.282]
[lambda_l2: 2.14635]
[linear_lambda: 0]
[min_gain_to_split: 0]
[drop_rate: 0.1]
[max_drop: 50]
[skip_drop: 0.5]
[xgboost_dart_mode: 0]
[uniform_drop: 0]
[drop_seed: 4]
[top_rate: 0.2]
[other_rate: 0.1]
[min_data_per_group: 100]
[max_cat_threshold: 32]
[cat_l2: 10]
[cat_smooth: 10]
[max_cat_to_onehot: 4]
[top_k: 20]
[monotone_constraints: ]
[monotone_constraints_method: basic]
[monotone_penalty: 0]
[feature_contri: ]
[forcedsplits_filename: ]
[refit_decay_rate: 0.9]
[cegb_tradeoff: 1]
[cegb_penalty_split: 0]
[cegb_penalty_feature_lazy: ]
[cegb_penalty_feature_coupled: ]
[path_smooth: 0]
[interaction_constraints: ]
[verbosity: -1]
[saved_feature_importance_type: 0]
[use_quantized_grad: 0]
[num_grad_quant_bins: 4]
[quant_train_renew_leaf: 0]
[stochastic_rounding: 1]
[linear_tree: 0]
[max_bin: 255]
[max_bin_by_feature: ]
[min_data_in_bin: 3]
[bin_construct_sample_cnt: 200000]
[data_random_seed: 1]
[is_enable_sparse: 1]
[enable_bundle: 1]
[use_missing: 1]
[zero_as_missing: 0]
[feature_pre_filter: 1]
[pre_partition: 0]
[two_round: 0]
[header: 0]
[label_column: ]
[weight_column: ]
[group_column: ]
[ignore_column: ]
[categorical_feature: ]
[forcedbins_filename: ]
[precise_float_parser: 0]
[parser_config_file: ]
[objective_seed: 5]
[num_class: 1]
[is_unbalance: 0]
[scale_pos_weight: 1]
[sigmoid: 1]
[boost_from_average: 1]
[reg_sqrt: 0]
[alpha: 0.9]
[fair_c: 1]
[poisson_max_delta_step: 0.7]
[tweedie_variance_power: 1.5]
[lambdarank_truncation_level: 30]
[lambdarank_norm: 1]
[label_gain: ]
[lambdarank_position_bias_regularization: 0]
[eval_at: ]
[multi_error_top_k: 1]
[auc_mu_weights: ]
[num_machines: 1]
[local_listen_port: 12400]
[time_out: 120]
[machine_list_filename: ]
[machines: ]
[gpu_platform_id: -1]
[gpu_device_id: -1]
[gpu_use_dp: 0]
[num_gpu: 1]

end of parameters

pandas_categorical:[]
